account_id,customer_id,branch_id,account_number_masked,account_type,currency,current_balance,account_status,opening_date
ACC10001,C1487,BR134,9180XXXXXX4557,SAVINGS,INR,493311.26,ACTIVE,2019-02-22
ACC10002,C1044,BR115,9180XXXXXX8857,SAVINGS,INR,211608.85,ACTIVE,2024-03-11
ACC10003,C1342,BR110,9180XXXXXX1508,SAVINGS,INR,103551.24,ACTIVE,2022-03-23
ACC10004,C1269,BR102,9180XXXXXX8398,SAVINGS,INR,359105.24,ACTIVE,2018-11-21
ACC10005,C1480,BR110,9180XXXXXX4557,SAVINGS,INR,488345.98,ACTIVE,2018-09-16
ACC10006,C1324,BR137,9180XXXXXX9501,SAVINGS,INR,182537.37,ACTIVE,2019-04-18
ACC10007,C1296,BR113,9180XXXXXX1845,FIXED_DEPOSIT,INR,161722.37,ACTIVE,2021-12-14
ACC10008,C1232,BR149,9180XXXXXX3024,SAVINGS,INR,496507.02,ACTIVE,2018-03-07
ACC10009,C1308,BR128,9180XXXXXX3581,CURRENT,INR,777634.22,ACTIVE,2018-08-15
ACC10010,C1444,BR112,9180XXXXXX2036,CURRENT,INR,582273.53,ACTIVE,2022-03-29
ACC10011,C1120,BR110,9180XXXXXX7183,SAVINGS,INR,218449.19,ACTIVE,2022-04-20
ACC10012,C1259,BR105,9180XXXXXX3886,SAVINGS,INR,91207.56,ACTIVE,2021-02-13
ACC10013,C1162,BR103,9180XXXXXX8754,SAVINGS,INR,227387.74,ACTIVE,2020-12-29
ACC10014,C1297,BR132,9180XXXXXX3785,CURRENT,INR,663816.42,ACTIVE,2022-04-24
ACC10015,C1145,BR145,9180XXXXXX9060,FIXED_DEPOSIT,INR,1590206.86,ACTIVE,2021-04-04
ACC10016,C1130,BR122,9180XXXXXX4406,CURRENT,INR,1618672.19,ACTIVE,2018-02-18
ACC10017,C1052,BR133,9180XXXXXX8406,SAVINGS,INR,129644.35,ACTIVE,2021-10-29
ACC10018,C1373,BR137,9180XXXXXX5777,SAVINGS,INR,218845.23,FROZEN_COMPLIANCE,2018-03-28
ACC10019,C1225,BR116,9180XXXXXX1162,SAVINGS,INR,246828.52,ACTIVE,2023-04-17
ACC10020,C1169,BR116,9180XXXXXX4446,SAVINGS,INR,220657.67,ACTIVE,2023-02-26
ACC10021,C1350,BR145,9180XXXXXX1564,SAVINGS,INR,71099.45,ACTIVE,2020-09-14
ACC10022,C1226,BR115,9180XXXXXX1350,SAVINGS,INR,288225.12,ACTIVE,2018-07-01
ACC10023,C1125,BR139,9180XXXXXX8170,RECURRING_DEPOSIT,INR,238837.87,ACTIVE,2023-11-15
ACC10024,C1358,BR111,9180XXXXXX8718,CURRENT,INR,2436737.29,DORMANT,2021-02-08
ACC10025,C1338,BR101,9180XXXXXX4483,SAVINGS,INR,491328.88,ACTIVE,2019-08-19
ACC10026,C1451,BR102,9180XXXXXX4007,CURRENT,INR,2066962.41,ACTIVE,2021-04-26
ACC10027,C1230,BR131,9180XXXXXX1501,CURRENT,INR,2330410.51,ACTIVE,2019-11-20
ACC10028,C1387,BR110,9180XXXXXX6820,CURRENT,INR,1880125.27,ACTIVE,2024-04-21
ACC10029,C1236,BR126,9180XXXXXX5366,SAVINGS,INR,329477.44,ACTIVE,2021-12-15
ACC10030,C1259,BR147,9180XXXXXX9399,FIXED_DEPOSIT,INR,2350588.07,ACTIVE,2019-03-14
ACC10031,C1155,BR138,9180XXXXXX9186,SAVINGS,INR,72927.44,ACTIVE,2019-04-01
ACC10032,C1264,BR133,9180XXXXXX9677,SAVINGS,INR,55429.99,ACTIVE,2023-06-06
ACC10033,C1341,BR120,9180XXXXXX1604,SAVINGS,INR,275505.8,ACTIVE,2022-08-17
ACC10034,C1394,BR129,9180XXXXXX8532,CURRENT,INR,481015.41,ACTIVE,2021-12-01
ACC10035,C1425,BR140,9180XXXXXX5709,SAVINGS,INR,29257.3,ACTIVE,2023-08-24
ACC10036,C1373,BR133,9180XXXXXX4320,SAVINGS,INR,300191.52,ACTIVE,2022-04-14
ACC10037,C1435,BR149,9180XXXXXX1726,CURRENT,INR,1725180.05,ACTIVE,2020-12-01
ACC10038,C1164,BR141,9180XXXXXX4885,SAVINGS,INR,156377.69,ACTIVE,2021-02-26
ACC10039,C1087,BR110,9180XXXXXX5760,SAVINGS,INR,57296.92,ACTIVE,2019-09-29
ACC10040,C1314,BR106,9180XXXXXX4670,CURRENT,INR,2027757.14,ACTIVE,2024-09-17
ACC10041,C1103,BR124,9180XXXXXX7720,SAVINGS,INR,14488.1,ACTIVE,2023-12-05
ACC10042,C1116,BR145,9180XXXXXX8938,SAVINGS,INR,357549.0,ACTIVE,2020-09-08
ACC10043,C1448,BR144,9180XXXXXX3892,SAVINGS,INR,109798.61,ACTIVE,2022-04-09
ACC10044,C1028,BR136,9180XXXXXX3063,FIXED_DEPOSIT,INR,3793228.87,ACTIVE,2020-06-30
ACC10045,C1271,BR134,9180XXXXXX9014,SAVINGS,INR,249236.32,ACTIVE,2023-02-04
ACC10046,C1483,BR113,9180XXXXXX6073,RECURRING_DEPOSIT,INR,295339.97,ACTIVE,2024-02-04
ACC10047,C1215,BR107,9180XXXXXX4787,SAVINGS,INR,136514.35,ACTIVE,2023-03-08
ACC10048,C1176,BR115,9180XXXXXX7014,SAVINGS,INR,88530.97,DORMANT,2019-11-07
ACC10049,C1288,BR128,9180XXXXXX4259,SAVINGS,INR,98209.75,ACTIVE,2023-09-15
ACC10050,C1439,BR125,9180XXXXXX3642,SAVINGS,INR,398811.3,ACTIVE,2019-09-11
ACC10051,C1109,BR137,9180XXXXXX6795,SAVINGS,INR,47957.56,ACTIVE,2024-10-17
ACC10052,C1464,BR141,9180XXXXXX3113,SAVINGS,INR,340176.51,ACTIVE,2022-06-27
ACC10053,C1047,BR139,9180XXXXXX9793,SAVINGS,INR,230505.56,ACTIVE,2019-11-02
ACC10054,C1243,BR109,9180XXXXXX7704,SAVINGS,INR,85990.02,ACTIVE,2018-08-26
ACC10055,C1398,BR133,9180XXXXXX7073,RECURRING_DEPOSIT,INR,80648.29,ACTIVE,2020-01-25
ACC10056,C1297,BR119,9180XXXXXX8823,FIXED_DEPOSIT,INR,2296897.71,ACTIVE,2018-09-27
ACC10057,C1247,BR112,9180XXXXXX9697,SAVINGS,INR,468407.4,ACTIVE,2023-02-16
ACC10058,C1069,BR145,9180XXXXXX5067,SAVINGS,INR,38305.88,ACTIVE,2020-11-18
ACC10059,C1381,BR150,9180XXXXXX7533,CURRENT,INR,1805485.69,ACTIVE,2024-04-26
ACC10060,C1082,BR150,9180XXXXXX8339,SAVINGS,INR,449582.49,ACTIVE,2023-04-07
ACC10061,C1499,BR150,9180XXXXXX9511,SAVINGS,INR,27867.26,ACTIVE,2024-04-21
ACC10062,C1020,BR148,9180XXXXXX8141,RECURRING_DEPOSIT,INR,32270.75,ACTIVE,2021-01-20
ACC10063,C1052,BR137,9180XXXXXX8265,SAVINGS,INR,398579.59,ACTIVE,2020-07-15
ACC10064,C1045,BR109,9180XXXXXX8456,SAVINGS,INR,153214.45,ACTIVE,2024-03-01
ACC10065,C1029,BR103,9180XXXXXX7041,SAVINGS,INR,202718.98,ACTIVE,2019-08-03
ACC10066,C1025,BR113,9180XXXXXX3722,FIXED_DEPOSIT,INR,4122160.15,ACTIVE,2022-01-08
ACC10067,C1246,BR141,9180XXXXXX6073,CURRENT,INR,782089.66,ACTIVE,2021-02-03
ACC10068,C1300,BR110,9180XXXXXX9874,CURRENT,INR,917995.62,ACTIVE,2024-05-22
ACC10069,C1071,BR106,9180XXXXXX4906,SAVINGS,INR,498131.12,ACTIVE,2023-12-14
ACC10070,C1408,BR106,9180XXXXXX7841,CURRENT,INR,2230278.67,ACTIVE,2022-02-16
ACC10071,C1450,BR111,9180XXXXXX8129,CURRENT,INR,407179.0,ACTIVE,2020-08-05
ACC10072,C1046,BR144,9180XXXXXX8866,FIXED_DEPOSIT,INR,2303417.19,ACTIVE,2024-08-25
ACC10073,C1380,BR130,9180XXXXXX5920,SAVINGS,INR,479746.7,ACTIVE,2018-10-08
ACC10074,C1275,BR105,9180XXXXXX5423,SAVINGS,INR,346446.67,ACTIVE,2023-09-05
ACC10075,C1027,BR119,9180XXXXXX7825,SAVINGS,INR,376519.36,ACTIVE,2018-08-17
ACC10076,C1467,BR133,9180XXXXXX5886,SAVINGS,INR,194536.99,ACTIVE,2020-12-31
ACC10077,C1133,BR142,9180XXXXXX8856,CURRENT,INR,1053678.76,ACTIVE,2024-05-05
ACC10078,C1412,BR133,9180XXXXXX6984,SAVINGS,INR,246510.6,ACTIVE,2020-03-08
ACC10079,C1282,BR116,9180XXXXXX3976,CURRENT,INR,1213454.2,ACTIVE,2024-10-05
ACC10080,C1386,BR149,9180XXXXXX1677,FIXED_DEPOSIT,INR,103663.77,ACTIVE,2021-12-19
ACC10081,C1072,BR128,9180XXXXXX2782,SAVINGS,INR,112773.82,ACTIVE,2023-06-21
ACC10082,C1150,BR106,9180XXXXXX4981,SAVINGS,INR,273755.52,ACTIVE,2019-03-31
ACC10083,C1104,BR150,9180XXXXXX7376,FIXED_DEPOSIT,INR,989993.97,ACTIVE,2022-03-25
ACC10084,C1079,BR102,9180XXXXXX9417,FIXED_DEPOSIT,INR,3581066.89,ACTIVE,2020-01-12
ACC10085,C1131,BR142,9180XXXXXX9895,RECURRING_DEPOSIT,INR,179884.43,ACTIVE,2019-09-07
ACC10086,C1329,BR112,9180XXXXXX7794,CURRENT,INR,741355.01,ACTIVE,2018-05-09
ACC10087,C1091,BR128,9180XXXXXX7865,CURRENT,INR,273632.44,ACTIVE,2021-08-09
ACC10088,C1173,BR116,9180XXXXXX4170,RECURRING_DEPOSIT,INR,164659.43,FROZEN_COMPLIANCE,2021-04-12
ACC10089,C1029,BR135,9180XXXXXX3024,CURRENT,INR,73637.42,ACTIVE,2021-04-30
ACC10090,C1160,BR102,9180XXXXXX2906,SAVINGS,INR,206929.22,DORMANT,2019-05-21
ACC10091,C1334,BR125,9180XXXXXX2460,SAVINGS,INR,313160.76,ACTIVE,2021-11-17
ACC10092,C1294,BR123,9180XXXXXX2428,SAVINGS,INR,422872.02,ACTIVE,2019-07-10
ACC10093,C1356,BR128,9180XXXXXX3686,FIXED_DEPOSIT,INR,3476988.91,ACTIVE,2020-06-17
ACC10094,C1076,BR139,9180XXXXXX3349,CURRENT,INR,2017670.04,ACTIVE,2019-01-28
ACC10095,C1085,BR111,9180XXXXXX6057,SAVINGS,INR,271102.66,ACTIVE,2022-08-28
ACC10096,C1115,BR128,9180XXXXXX8690,SAVINGS,INR,75815.67,ACTIVE,2019-09-09
ACC10097,C1027,BR135,9180XXXXXX5196,SAVINGS,INR,412215.45,ACTIVE,2020-07-29
ACC10098,C1341,BR129,9180XXXXXX5133,CURRENT,INR,1676646.33,ACTIVE,2022-07-15
ACC10099,C1416,BR126,9180XXXXXX9184,SAVINGS,INR,410520.93,ACTIVE,2020-02-12
ACC10100,C1013,BR119,9180XXXXXX1920,CURRENT,INR,232382.66,ACTIVE,2024-04-27
ACC10101,C1482,BR122,9180XXXXXX5792,SAVINGS,INR,402828.26,ACTIVE,2021-12-09
ACC10102,C1069,BR124,9180XXXXXX7343,CURRENT,INR,1314183.39,ACTIVE,2023-08-26
ACC10103,C1498,BR112,9180XXXXXX9169,SAVINGS,INR,428796.04,ACTIVE,2019-12-29
ACC10104,C1368,BR147,9180XXXXXX6095,SAVINGS,INR,361398.42,ACTIVE,2022-06-01
ACC10105,C1188,BR132,9180XXXXXX9995,CURRENT,INR,264185.45,ACTIVE,2018-06-18
ACC10106,C1330,BR124,9180XXXXXX5241,CURRENT,INR,2169824.33,ACTIVE,2018-03-01
ACC10107,C1311,BR116,9180XXXXXX7617,SAVINGS,INR,351672.2,ACTIVE,2021-01-07
ACC10108,C1433,BR133,9180XXXXXX9592,CURRENT,INR,1199497.27,ACTIVE,2024-02-12
ACC10109,C1398,BR129,9180XXXXXX6906,SAVINGS,INR,399446.48,ACTIVE,2024-10-29
ACC10110,C1238,BR133,9180XXXXXX6649,CURRENT,INR,1480058.25,ACTIVE,2023-05-28
ACC10111,C1017,BR119,9180XXXXXX8799,SAVINGS,INR,245808.97,ACTIVE,2020-04-21
ACC10112,C1202,BR124,9180XXXXXX1858,FIXED_DEPOSIT,INR,3914299.19,ACTIVE,2018-08-10
ACC10113,C1383,BR149,9180XXXXXX8906,SAVINGS,INR,274333.77,ACTIVE,2019-06-08
ACC10114,C1291,BR149,9180XXXXXX9106,CURRENT,INR,958937.48,ACTIVE,2021-07-30
ACC10115,C1404,BR125,9180XXXXXX5532,SAVINGS,INR,15469.16,ACTIVE,2023-06-13
ACC10116,C1103,BR133,9180XXXXXX2221,CURRENT,INR,2294765.03,ACTIVE,2018-08-25
ACC10117,C1026,BR114,9180XXXXXX4782,CURRENT,INR,897509.87,ACTIVE,2020-09-17
ACC10118,C1285,BR142,9180XXXXXX4513,SAVINGS,INR,102010.19,ACTIVE,2023-09-04
ACC10119,C1187,BR132,9180XXXXXX4949,SAVINGS,INR,138522.52,ACTIVE,2024-03-24
ACC10120,C1320,BR108,9180XXXXXX6993,SAVINGS,INR,266393.7,ACTIVE,2021-06-12
ACC10121,C1447,BR111,9180XXXXXX6085,CURRENT,INR,767666.03,ACTIVE,2019-02-19
ACC10122,C1427,BR137,9180XXXXXX5636,SAVINGS,INR,272132.59,ACTIVE,2018-03-25
ACC10123,C1271,BR104,9180XXXXXX4237,CURRENT,INR,1602571.14,ACTIVE,2020-04-22
ACC10124,C1412,BR102,9180XXXXXX4345,SAVINGS,INR,88218.46,ACTIVE,2023-12-06
ACC10125,C1202,BR135,9180XXXXXX8095,RECURRING_DEPOSIT,INR,64330.57,ACTIVE,2018-01-21
ACC10126,C1394,BR143,9180XXXXXX5655,RECURRING_DEPOSIT,INR,252462.88,ACTIVE,2023-07-21
ACC10127,C1480,BR150,9180XXXXXX9712,CURRENT,INR,531680.65,ACTIVE,2019-10-23
ACC10128,C1442,BR118,9180XXXXXX9434,SAVINGS,INR,143273.05,ACTIVE,2024-03-23
ACC10129,C1006,BR122,9180XXXXXX5491,SAVINGS,INR,89552.78,ACTIVE,2020-02-09
ACC10130,C1399,BR123,9180XXXXXX6599,SAVINGS,INR,62584.2,DORMANT,2024-10-11
ACC10131,C1158,BR117,9180XXXXXX6463,SAVINGS,INR,72135.17,ACTIVE,2018-08-17
ACC10132,C1376,BR124,9180XXXXXX8847,SAVINGS,INR,469053.18,ACTIVE,2020-01-28
ACC10133,C1024,BR101,9180XXXXXX5939,FIXED_DEPOSIT,INR,1125599.77,ACTIVE,2024-08-24
ACC10134,C1199,BR123,9180XXXXXX8637,FIXED_DEPOSIT,INR,1387081.7,ACTIVE,2020-12-01
ACC10135,C1284,BR118,9180XXXXXX4803,SAVINGS,INR,30356.03,ACTIVE,2024-06-14
ACC10136,C1456,BR104,9180XXXXXX7404,SAVINGS,INR,56893.69,ACTIVE,2024-07-03
ACC10137,C1103,BR147,9180XXXXXX8460,SAVINGS,INR,400234.49,ACTIVE,2023-05-13
ACC10138,C1190,BR139,9180XXXXXX5581,SAVINGS,INR,493037.41,ACTIVE,2024-09-22
ACC10139,C1007,BR138,9180XXXXXX7035,FIXED_DEPOSIT,INR,879879.51,ACTIVE,2020-05-21
ACC10140,C1323,BR123,9180XXXXXX2724,FIXED_DEPOSIT,INR,1156013.0,ACTIVE,2019-02-07
ACC10141,C1058,BR109,9180XXXXXX1209,CURRENT,INR,443777.55,ACTIVE,2020-03-03
ACC10142,C1372,BR114,9180XXXXXX4110,SAVINGS,INR,91118.81,ACTIVE,2022-06-28
ACC10143,C1074,BR104,9180XXXXXX9475,SAVINGS,INR,333427.72,ACTIVE,2020-07-17
ACC10144,C1240,BR110,9180XXXXXX6141,SAVINGS,INR,82523.34,DORMANT,2022-01-22
ACC10145,C1432,BR102,9180XXXXXX4845,SAVINGS,INR,53201.48,ACTIVE,2019-01-14
ACC10146,C1222,BR102,9180XXXXXX8937,FIXED_DEPOSIT,INR,2318496.25,ACTIVE,2018-08-24
ACC10147,C1183,BR108,9180XXXXXX2888,SAVINGS,INR,422621.86,ACTIVE,2020-01-19
ACC10148,C1403,BR132,9180XXXXXX7643,CURRENT,INR,538590.95,ACTIVE,2020-02-24
ACC10149,C1382,BR108,9180XXXXXX8777,RECURRING_DEPOSIT,INR,97854.1,ACTIVE,2022-11-13
ACC10150,C1199,BR115,9180XXXXXX2777,SAVINGS,INR,441219.09,ACTIVE,2018-06-01
ACC10151,C1482,BR146,9180XXXXXX6127,SAVINGS,INR,15741.55,ACTIVE,2021-08-18
ACC10152,C1038,BR108,9180XXXXXX2242,SAVINGS,INR,11689.25,ACTIVE,2023-04-03
ACC10153,C1273,BR133,9180XXXXXX3355,SAVINGS,INR,365569.13,ACTIVE,2022-12-30
ACC10154,C1444,BR149,9180XXXXXX1404,CURRENT,INR,803546.27,ACTIVE,2018-04-25
ACC10155,C1121,BR113,9180XXXXXX7382,SAVINGS,INR,45329.58,ACTIVE,2019-01-04
ACC10156,C1233,BR103,9180XXXXXX9073,CURRENT,INR,155456.73,ACTIVE,2020-10-31
ACC10157,C1446,BR136,9180XXXXXX1823,SAVINGS,INR,88277.11,ACTIVE,2020-03-08
ACC10158,C1268,BR135,9180XXXXXX6534,CURRENT,INR,1597684.1,ACTIVE,2021-01-08
ACC10159,C1135,BR122,9180XXXXXX4641,SAVINGS,INR,356319.86,ACTIVE,2019-01-31
ACC10160,C1007,BR139,9180XXXXXX5335,FIXED_DEPOSIT,INR,2292751.21,ACTIVE,2018-12-20
ACC10161,C1493,BR113,9180XXXXXX9536,CURRENT,INR,1177670.8,ACTIVE,2023-12-29
ACC10162,C1415,BR129,9180XXXXXX4994,SAVINGS,INR,317900.6,ACTIVE,2022-04-18
ACC10163,C1276,BR142,9180XXXXXX2736,CURRENT,INR,501910.46,ACTIVE,2019-10-27
ACC10164,C1333,BR121,9180XXXXXX2764,SAVINGS,INR,484092.96,ACTIVE,2021-11-13
ACC10165,C1141,BR128,9180XXXXXX2394,CURRENT,INR,635474.71,ACTIVE,2019-02-26
ACC10166,C1480,BR103,9180XXXXXX4620,RECURRING_DEPOSIT,INR,251625.58,ACTIVE,2019-01-27
ACC10167,C1465,BR127,9180XXXXXX3384,CURRENT,INR,2476840.77,ACTIVE,2021-11-06
ACC10168,C1155,BR148,9180XXXXXX2531,SAVINGS,INR,429190.31,ACTIVE,2018-09-11
ACC10169,C1477,BR150,9180XXXXXX6264,FIXED_DEPOSIT,INR,3335645.57,ACTIVE,2018-06-15
ACC10170,C1038,BR129,9180XXXXXX4883,FIXED_DEPOSIT,INR,1105578.43,ACTIVE,2023-10-28
ACC10171,C1073,BR139,9180XXXXXX5491,SAVINGS,INR,388589.59,ACTIVE,2020-09-01
ACC10172,C1224,BR106,9180XXXXXX5211,RECURRING_DEPOSIT,INR,26888.97,ACTIVE,2018-07-01
ACC10173,C1249,BR105,9180XXXXXX4928,FIXED_DEPOSIT,INR,1414607.28,ACTIVE,2021-01-14
ACC10174,C1415,BR143,9180XXXXXX9795,SAVINGS,INR,310843.99,ACTIVE,2024-03-18
ACC10175,C1464,BR146,9180XXXXXX3835,CURRENT,INR,105404.33,ACTIVE,2018-06-11
ACC10176,C1331,BR140,9180XXXXXX2963,SAVINGS,INR,421342.6,FROZEN_COMPLIANCE,2023-12-01
ACC10177,C1318,BR123,9180XXXXXX9101,FIXED_DEPOSIT,INR,3457487.12,DORMANT,2018-05-08
ACC10178,C1364,BR130,9180XXXXXX5607,FIXED_DEPOSIT,INR,371263.1,ACTIVE,2019-03-19
ACC10179,C1318,BR149,9180XXXXXX6791,CURRENT,INR,2064143.54,ACTIVE,2019-05-04
ACC10180,C1190,BR147,9180XXXXXX1356,FIXED_DEPOSIT,INR,3147845.03,ACTIVE,2024-03-01
ACC10181,C1213,BR140,9180XXXXXX7642,SAVINGS,INR,205876.99,DORMANT,2020-02-23
ACC10182,C1200,BR148,9180XXXXXX5784,RECURRING_DEPOSIT,INR,90316.84,ACTIVE,2020-04-18
ACC10183,C1366,BR101,9180XXXXXX1292,SAVINGS,INR,446200.4,ACTIVE,2023-04-11
ACC10184,C1127,BR142,9180XXXXXX3374,CURRENT,INR,223156.92,ACTIVE,2023-08-21
ACC10185,C1329,BR112,9180XXXXXX4523,CURRENT,INR,1934396.53,ACTIVE,2022-04-08
ACC10186,C1083,BR142,9180XXXXXX5439,FIXED_DEPOSIT,INR,3935958.23,ACTIVE,2022-01-18
ACC10187,C1331,BR131,9180XXXXXX8869,FIXED_DEPOSIT,INR,4242116.88,ACTIVE,2023-10-24
ACC10188,C1034,BR139,9180XXXXXX1028,CURRENT,INR,1986535.92,ACTIVE,2022-07-18
ACC10189,C1019,BR107,9180XXXXXX8244,SAVINGS,INR,429892.86,ACTIVE,2019-07-27
ACC10190,C1026,BR107,9180XXXXXX5050,FIXED_DEPOSIT,INR,3379645.54,ACTIVE,2018-12-25
ACC10191,C1194,BR119,9180XXXXXX2349,CURRENT,INR,2017292.91,DORMANT,2022-06-16
ACC10192,C1286,BR107,9180XXXXXX4808,RECURRING_DEPOSIT,INR,172149.63,ACTIVE,2018-04-02
ACC10193,C1139,BR133,9180XXXXXX9128,SAVINGS,INR,9205.31,ACTIVE,2020-03-09
ACC10194,C1475,BR117,9180XXXXXX1604,SAVINGS,INR,145193.45,ACTIVE,2019-08-21
ACC10195,C1153,BR102,9180XXXXXX2699,SAVINGS,INR,410279.67,ACTIVE,2021-02-15
ACC10196,C1485,BR125,9180XXXXXX8846,CURRENT,INR,39515.2,ACTIVE,2018-08-16
ACC10197,C1337,BR121,9180XXXXXX8951,RECURRING_DEPOSIT,INR,27402.38,ACTIVE,2019-06-04
ACC10198,C1344,BR103,9180XXXXXX8233,FIXED_DEPOSIT,INR,3723859.92,ACTIVE,2022-08-13
ACC10199,C1046,BR149,9180XXXXXX9780,SAVINGS,INR,396304.24,ACTIVE,2020-01-21
ACC10200,C1115,BR149,9180XXXXXX5798,CURRENT,INR,315817.05,ACTIVE,2019-04-22
ACC10201,C1427,BR117,9180XXXXXX4412,SAVINGS,INR,300214.83,ACTIVE,2018-07-22
ACC10202,C1185,BR134,9180XXXXXX5987,SAVINGS,INR,270745.28,ACTIVE,2018-01-23
ACC10203,C1155,BR145,9180XXXXXX5416,SAVINGS,INR,55414.4,ACTIVE,2023-09-30
ACC10204,C1216,BR148,9180XXXXXX6061,SAVINGS,INR,245111.09,ACTIVE,2021-09-01
ACC10205,C1302,BR136,9180XXXXXX5005,SAVINGS,INR,347974.82,ACTIVE,2019-07-05
ACC10206,C1455,BR111,9180XXXXXX6920,CURRENT,INR,2326234.51,ACTIVE,2018-07-03
ACC10207,C1152,BR109,9180XXXXXX8990,FIXED_DEPOSIT,INR,1353775.45,ACTIVE,2024-08-30
ACC10208,C1230,BR115,9180XXXXXX2079,CURRENT,INR,687479.38,ACTIVE,2019-09-20
ACC10209,C1092,BR110,9180XXXXXX7214,SAVINGS,INR,103011.5,ACTIVE,2019-08-23
ACC10210,C1002,BR140,9180XXXXXX8833,SAVINGS,INR,79139.68,ACTIVE,2023-12-21
ACC10211,C1395,BR101,9180XXXXXX5864,SAVINGS,INR,405137.12,ACTIVE,2019-04-16
ACC10212,C1149,BR124,9180XXXXXX1789,SAVINGS,INR,200302.81,ACTIVE,2020-05-14
ACC10213,C1280,BR114,9180XXXXXX9215,FIXED_DEPOSIT,INR,4170115.25,ACTIVE,2021-05-16
ACC10214,C1280,BR113,9180XXXXXX8705,SAVINGS,INR,26499.51,ACTIVE,2024-06-26
ACC10215,C1497,BR111,9180XXXXXX2834,FIXED_DEPOSIT,INR,2633330.79,ACTIVE,2022-05-09
ACC10216,C1295,BR142,9180XXXXXX3986,SAVINGS,INR,107856.28,ACTIVE,2023-07-19
ACC10217,C1398,BR112,9180XXXXXX4933,CURRENT,INR,727598.5,ACTIVE,2023-09-05
ACC10218,C1371,BR101,9180XXXXXX7777,SAVINGS,INR,194329.81,ACTIVE,2019-01-11
ACC10219,C1231,BR107,9180XXXXXX1109,SAVINGS,INR,409891.93,ACTIVE,2022-05-08
ACC10220,C1467,BR136,9180XXXXXX1556,SAVINGS,INR,53780.69,ACTIVE,2024-01-07
ACC10221,C1146,BR112,9180XXXXXX4238,SAVINGS,INR,210478.05,ACTIVE,2019-09-30
ACC10222,C1239,BR107,9180XXXXXX1783,SAVINGS,INR,387272.44,ACTIVE,2023-07-31
ACC10223,C1165,BR117,9180XXXXXX3261,SAVINGS,INR,171992.74,ACTIVE,2020-03-08
ACC10224,C1239,BR120,9180XXXXXX2386,SAVINGS,INR,467060.28,ACTIVE,2022-07-26
ACC10225,C1037,BR104,9180XXXXXX2996,CURRENT,INR,34479.97,ACTIVE,2022-01-30
ACC10226,C1201,BR128,9180XXXXXX8804,CURRENT,INR,1849998.11,ACTIVE,2024-09-06
ACC10227,C1188,BR147,9180XXXXXX1440,RECURRING_DEPOSIT,INR,220230.05,ACTIVE,2024-06-25
ACC10228,C1041,BR123,9180XXXXXX8062,SAVINGS,INR,481631.36,ACTIVE,2021-03-31
ACC10229,C1191,BR109,9180XXXXXX5320,SAVINGS,INR,84075.98,ACTIVE,2018-06-18
ACC10230,C1062,BR129,9180XXXXXX3211,SAVINGS,INR,119983.38,ACTIVE,2022-08-17
ACC10231,C1036,BR148,9180XXXXXX5541,SAVINGS,INR,29682.97,ACTIVE,2020-03-29
ACC10232,C1104,BR138,9180XXXXXX6660,CURRENT,INR,798965.41,ACTIVE,2022-08-30
ACC10233,C1466,BR101,9180XXXXXX8232,SAVINGS,INR,301447.13,ACTIVE,2023-04-24
ACC10234,C1138,BR123,9180XXXXXX7523,FIXED_DEPOSIT,INR,4323213.62,ACTIVE,2020-01-13
ACC10235,C1317,BR110,9180XXXXXX9974,SAVINGS,INR,146361.91,DORMANT,2022-02-28
ACC10236,C1109,BR143,9180XXXXXX3956,SAVINGS,INR,292003.65,ACTIVE,2020-09-18
ACC10237,C1099,BR131,9180XXXXXX7458,CURRENT,INR,469650.99,ACTIVE,2023-04-21
ACC10238,C1459,BR120,9180XXXXXX8297,CURRENT,INR,348930.82,ACTIVE,2020-12-13
ACC10239,C1378,BR125,9180XXXXXX8382,SAVINGS,INR,401075.56,ACTIVE,2022-05-29
ACC10240,C1350,BR122,9180XXXXXX4201,SAVINGS,INR,34662.95,ACTIVE,2023-08-11
ACC10241,C1245,BR108,9180XXXXXX7028,FIXED_DEPOSIT,INR,1999360.66,ACTIVE,2021-09-10
ACC10242,C1114,BR119,9180XXXXXX7772,SAVINGS,INR,147975.51,ACTIVE,2020-04-29
ACC10243,C1313,BR150,9180XXXXXX6273,SAVINGS,INR,259653.96,ACTIVE,2022-04-27
ACC10244,C1247,BR104,9180XXXXXX7745,SAVINGS,INR,218799.67,ACTIVE,2024-05-11
ACC10245,C1179,BR149,9180XXXXXX7620,SAVINGS,INR,315839.57,ACTIVE,2021-01-03
ACC10246,C1128,BR107,9180XXXXXX6909,SAVINGS,INR,437050.97,ACTIVE,2019-11-12
ACC10247,C1484,BR123,9180XXXXXX9001,CURRENT,INR,783337.03,ACTIVE,2022-06-01
ACC10248,C1419,BR141,9180XXXXXX3463,SAVINGS,INR,173410.38,ACTIVE,2018-10-24
ACC10249,C1112,BR102,9180XXXXXX3997,SAVINGS,INR,385538.27,ACTIVE,2023-11-23
ACC10250,C1193,BR141,9180XXXXXX2155,SAVINGS,INR,235416.05,ACTIVE,2020-04-22
ACC10251,C1270,BR138,9180XXXXXX3511,SAVINGS,INR,244013.11,ACTIVE,2023-06-10
ACC10252,C1285,BR118,9180XXXXXX2293,CURRENT,INR,1242051.41,ACTIVE,2023-01-24
ACC10253,C1104,BR142,9180XXXXXX9444,CURRENT,INR,518939.75,ACTIVE,2018-08-11
ACC10254,C1003,BR103,9180XXXXXX5323,CURRENT,INR,2009737.03,ACTIVE,2023-03-01
ACC10255,C1405,BR112,9180XXXXXX3338,RECURRING_DEPOSIT,INR,198051.93,ACTIVE,2020-08-05
ACC10256,C1136,BR104,9180XXXXXX1869,FIXED_DEPOSIT,INR,2118538.09,ACTIVE,2022-11-11
ACC10257,C1347,BR121,9180XXXXXX7651,FIXED_DEPOSIT,INR,3116207.85,ACTIVE,2021-01-04
ACC10258,C1329,BR113,9180XXXXXX7553,CURRENT,INR,818393.98,ACTIVE,2023-11-06
ACC10259,C1211,BR149,9180XXXXXX1244,SAVINGS,INR,194450.95,ACTIVE,2022-10-03
ACC10260,C1225,BR114,9180XXXXXX8251,CURRENT,INR,204163.76,ACTIVE,2024-01-09
ACC10261,C1158,BR113,9180XXXXXX4374,CURRENT,INR,74801.26,ACTIVE,2021-06-01
ACC10262,C1043,BR108,9180XXXXXX6387,SAVINGS,INR,444333.24,ACTIVE,2020-10-09
ACC10263,C1177,BR143,9180XXXXXX8413,SAVINGS,INR,202861.18,ACTIVE,2022-03-31
ACC10264,C1338,BR128,9180XXXXXX5701,SAVINGS,INR,184279.89,ACTIVE,2021-07-18
ACC10265,C1500,BR142,9180XXXXXX1941,CURRENT,INR,1048022.59,ACTIVE,2022-05-30
ACC10266,C1157,BR131,9180XXXXXX9853,SAVINGS,INR,270620.72,ACTIVE,2023-10-22
ACC10267,C1354,BR123,9180XXXXXX9252,FIXED_DEPOSIT,INR,2406459.14,ACTIVE,2021-04-14
ACC10268,C1493,BR115,9180XXXXXX6221,SAVINGS,INR,84018.21,ACTIVE,2018-12-04
ACC10269,C1067,BR110,9180XXXXXX7766,SAVINGS,INR,121989.66,ACTIVE,2022-07-07
ACC10270,C1133,BR107,9180XXXXXX5366,CURRENT,INR,1345547.22,ACTIVE,2018-03-17
ACC10271,C1158,BR120,9180XXXXXX7265,SAVINGS,INR,87548.31,ACTIVE,2024-05-15
ACC10272,C1251,BR121,9180XXXXXX1012,SAVINGS,INR,43875.44,ACTIVE,2021-05-17
ACC10273,C1038,BR136,9180XXXXXX6310,CURRENT,INR,2150411.26,ACTIVE,2019-09-13
ACC10274,C1207,BR143,9180XXXXXX5512,CURRENT,INR,32206.5,ACTIVE,2021-10-11
ACC10275,C1148,BR141,9180XXXXXX8819,SAVINGS,INR,458895.75,FROZEN_COMPLIANCE,2023-07-25
ACC10276,C1229,BR120,9180XXXXXX6912,SAVINGS,INR,255357.55,ACTIVE,2024-06-11
ACC10277,C1190,BR125,9180XXXXXX5784,CURRENT,INR,1993337.43,ACTIVE,2019-03-19
ACC10278,C1328,BR105,9180XXXXXX9338,SAVINGS,INR,244479.46,ACTIVE,2024-10-17
ACC10279,C1144,BR133,9180XXXXXX1256,SAVINGS,INR,204968.26,ACTIVE,2021-05-15
ACC10280,C1346,BR147,9180XXXXXX5365,CURRENT,INR,1593647.52,ACTIVE,2018-03-13
ACC10281,C1418,BR102,9180XXXXXX3402,SAVINGS,INR,263262.9,ACTIVE,2020-06-28
ACC10282,C1447,BR142,9180XXXXXX9515,CURRENT,INR,1445588.56,ACTIVE,2024-07-21
ACC10283,C1337,BR139,9180XXXXXX2695,SAVINGS,INR,206377.21,ACTIVE,2021-11-04
ACC10284,C1403,BR124,9180XXXXXX1010,SAVINGS,INR,311199.65,ACTIVE,2024-09-24
ACC10285,C1444,BR109,9180XXXXXX8195,FIXED_DEPOSIT,INR,2316338.77,ACTIVE,2023-01-29
ACC10286,C1229,BR129,9180XXXXXX5838,SAVINGS,INR,445425.75,ACTIVE,2020-12-12
ACC10287,C1462,BR144,9180XXXXXX4406,RECURRING_DEPOSIT,INR,29427.42,ACTIVE,2018-09-10
ACC10288,C1295,BR128,9180XXXXXX6873,CURRENT,INR,1728793.19,ACTIVE,2018-04-11
ACC10289,C1056,BR112,9180XXXXXX9283,CURRENT,INR,305342.64,ACTIVE,2023-01-10
ACC10290,C1470,BR124,9180XXXXXX7361,SAVINGS,INR,243587.48,ACTIVE,2019-07-23
ACC10291,C1062,BR150,9180XXXXXX3801,FIXED_DEPOSIT,INR,2358256.8,ACTIVE,2024-08-03
ACC10292,C1407,BR132,9180XXXXXX1364,SAVINGS,INR,314998.34,ACTIVE,2019-11-29
ACC10293,C1131,BR135,9180XXXXXX1179,SAVINGS,INR,27969.43,ACTIVE,2022-12-12
ACC10294,C1376,BR132,9180XXXXXX5460,SAVINGS,INR,43186.47,ACTIVE,2021-01-11
ACC10295,C1225,BR128,9180XXXXXX1117,RECURRING_DEPOSIT,INR,247936.01,ACTIVE,2018-04-17
ACC10296,C1382,BR115,9180XXXXXX8012,CURRENT,INR,1849232.21,ACTIVE,2021-05-18
ACC10297,C1092,BR109,9180XXXXXX4380,CURRENT,INR,2152875.82,ACTIVE,2020-05-09
ACC10298,C1186,BR124,9180XXXXXX9978,FIXED_DEPOSIT,INR,4057922.54,ACTIVE,2021-07-27
ACC10299,C1026,BR145,9180XXXXXX6392,RECURRING_DEPOSIT,INR,294619.8,ACTIVE,2018-05-03
ACC10300,C1349,BR104,9180XXXXXX6086,SAVINGS,INR,238326.41,ACTIVE,2024-10-16
ACC10301,C1198,BR126,9180XXXXXX3586,FIXED_DEPOSIT,INR,2483384.67,ACTIVE,2021-04-27
ACC10302,C1240,BR139,9180XXXXXX6827,FIXED_DEPOSIT,INR,742291.32,ACTIVE,2022-03-24
ACC10303,C1038,BR150,9180XXXXXX6769,CURRENT,INR,229777.3,ACTIVE,2021-09-24
ACC10304,C1286,BR105,9180XXXXXX6318,SAVINGS,INR,381354.27,ACTIVE,2020-01-13
ACC10305,C1472,BR134,9180XXXXXX8727,SAVINGS,INR,40272.87,ACTIVE,2019-11-12
ACC10306,C1356,BR127,9180XXXXXX8952,SAVINGS,INR,469163.78,ACTIVE,2020-01-31
ACC10307,C1079,BR146,9180XXXXXX6499,SAVINGS,INR,154626.97,ACTIVE,2021-05-29
ACC10308,C1073,BR142,9180XXXXXX4081,SAVINGS,INR,274219.57,ACTIVE,2023-10-09
ACC10309,C1249,BR103,9180XXXXXX3829,CURRENT,INR,1663206.4,ACTIVE,2022-04-09
ACC10310,C1206,BR148,9180XXXXXX1625,SAVINGS,INR,349228.28,ACTIVE,2018-04-01
ACC10311,C1167,BR115,9180XXXXXX7007,SAVINGS,INR,164612.66,ACTIVE,2024-06-11
ACC10312,C1366,BR122,9180XXXXXX9378,CURRENT,INR,1392036.58,ACTIVE,2019-12-31
ACC10313,C1240,BR121,9180XXXXXX9330,SAVINGS,INR,166260.87,ACTIVE,2024-02-24
ACC10314,C1205,BR122,9180XXXXXX8002,CURRENT,INR,980935.08,ACTIVE,2021-12-25
ACC10315,C1378,BR105,9180XXXXXX3335,SAVINGS,INR,322581.94,ACTIVE,2019-07-14
ACC10316,C1202,BR150,9180XXXXXX4988,CURRENT,INR,259026.95,ACTIVE,2024-04-05
ACC10317,C1289,BR138,9180XXXXXX9652,SAVINGS,INR,74547.01,ACTIVE,2019-01-18
ACC10318,C1297,BR130,9180XXXXXX6167,FIXED_DEPOSIT,INR,1489185.23,ACTIVE,2024-05-04
ACC10319,C1069,BR124,9180XXXXXX6720,SAVINGS,INR,36805.1,ACTIVE,2019-05-05
ACC10320,C1234,BR103,9180XXXXXX3460,SAVINGS,INR,483281.73,ACTIVE,2023-06-03
ACC10321,C1366,BR136,9180XXXXXX5939,SAVINGS,INR,40630.51,ACTIVE,2022-04-28
ACC10322,C1057,BR150,9180XXXXXX8345,CURRENT,INR,399857.62,ACTIVE,2019-02-21
ACC10323,C1336,BR111,9180XXXXXX9983,SAVINGS,INR,494728.01,ACTIVE,2020-01-08
ACC10324,C1065,BR124,9180XXXXXX6845,FIXED_DEPOSIT,INR,1239583.56,ACTIVE,2022-02-08
ACC10325,C1061,BR115,9180XXXXXX3108,SAVINGS,INR,370384.62,ACTIVE,2023-09-11
ACC10326,C1160,BR141,9180XXXXXX4900,SAVINGS,INR,179392.9,ACTIVE,2019-10-09
ACC10327,C1260,BR127,9180XXXXXX5568,SAVINGS,INR,269140.38,ACTIVE,2023-01-20
ACC10328,C1119,BR117,9180XXXXXX8069,SAVINGS,INR,65846.33,ACTIVE,2018-04-27
ACC10329,C1043,BR148,9180XXXXXX8714,FIXED_DEPOSIT,INR,2531846.11,ACTIVE,2018-05-27
ACC10330,C1122,BR117,9180XXXXXX3709,FIXED_DEPOSIT,INR,3559352.97,ACTIVE,2019-10-30
ACC10331,C1449,BR144,9180XXXXXX9080,SAVINGS,INR,367181.4,ACTIVE,2022-07-31
ACC10332,C1461,BR111,9180XXXXXX2025,SAVINGS,INR,261985.7,ACTIVE,2021-04-08
ACC10333,C1205,BR117,9180XXXXXX7338,SAVINGS,INR,184569.73,ACTIVE,2018-01-07
ACC10334,C1393,BR119,9180XXXXXX5711,SAVINGS,INR,390082.54,ACTIVE,2020-02-09
ACC10335,C1178,BR150,9180XXXXXX4872,SAVINGS,INR,447960.25,ACTIVE,2020-02-05
ACC10336,C1384,BR107,9180XXXXXX5092,CURRENT,INR,478344.58,ACTIVE,2023-05-27
ACC10337,C1107,BR116,9180XXXXXX8641,SAVINGS,INR,344581.99,ACTIVE,2022-05-05
ACC10338,C1337,BR131,9180XXXXXX1565,SAVINGS,INR,205237.16,ACTIVE,2020-09-22
ACC10339,C1059,BR136,9180XXXXXX5311,SAVINGS,INR,91979.05,ACTIVE,2021-01-18
ACC10340,C1452,BR145,9180XXXXXX3580,SAVINGS,INR,155894.89,ACTIVE,2021-04-09
ACC10341,C1436,BR103,9180XXXXXX1671,SAVINGS,INR,358488.97,ACTIVE,2023-02-04
ACC10342,C1068,BR128,9180XXXXXX2074,SAVINGS,INR,279378.85,ACTIVE,2023-06-10
ACC10343,C1074,BR147,9180XXXXXX2046,FIXED_DEPOSIT,INR,1502499.11,ACTIVE,2019-05-16
ACC10344,C1186,BR131,9180XXXXXX5608,CURRENT,INR,2244447.71,ACTIVE,2024-05-21
ACC10345,C1089,BR133,9180XXXXXX5483,SAVINGS,INR,228099.5,ACTIVE,2024-09-30
ACC10346,C1406,BR148,9180XXXXXX8400,CURRENT,INR,658652.4,ACTIVE,2022-10-25
ACC10347,C1213,BR126,9180XXXXXX8394,SAVINGS,INR,340103.49,ACTIVE,2023-07-24
ACC10348,C1247,BR103,9180XXXXXX4218,SAVINGS,INR,498166.92,ACTIVE,2023-03-20
ACC10349,C1441,BR114,9180XXXXXX5428,FIXED_DEPOSIT,INR,4355533.14,ACTIVE,2021-08-23
ACC10350,C1358,BR139,9180XXXXXX7468,SAVINGS,INR,23990.11,ACTIVE,2020-09-11
ACC10351,C1112,BR146,9180XXXXXX9663,CURRENT,INR,56594.43,ACTIVE,2021-11-11
ACC10352,C1187,BR150,9180XXXXXX4483,SAVINGS,INR,45124.48,ACTIVE,2023-04-17
ACC10353,C1225,BR134,9180XXXXXX8287,SAVINGS,INR,301642.37,ACTIVE,2019-04-15
ACC10354,C1493,BR123,9180XXXXXX2631,SAVINGS,INR,43777.42,ACTIVE,2021-02-10
ACC10355,C1476,BR108,9180XXXXXX1929,SAVINGS,INR,485900.6,ACTIVE,2022-02-14
ACC10356,C1122,BR126,9180XXXXXX7655,CURRENT,INR,1526556.07,ACTIVE,2022-12-17
ACC10357,C1016,BR121,9180XXXXXX4319,SAVINGS,INR,60864.78,ACTIVE,2020-03-09
ACC10358,C1500,BR142,9180XXXXXX3888,SAVINGS,INR,32909.02,ACTIVE,2022-07-31
ACC10359,C1106,BR116,9180XXXXXX1892,CURRENT,INR,1541393.75,ACTIVE,2019-02-12
ACC10360,C1457,BR113,9180XXXXXX4695,SAVINGS,INR,46901.13,ACTIVE,2020-07-06
ACC10361,C1203,BR133,9180XXXXXX5180,CURRENT,INR,1977875.5,ACTIVE,2020-03-20
ACC10362,C1485,BR109,9180XXXXXX1992,SAVINGS,INR,35302.25,ACTIVE,2022-10-23
ACC10363,C1326,BR117,9180XXXXXX9899,CURRENT,INR,2078368.42,ACTIVE,2024-06-12
ACC10364,C1338,BR126,9180XXXXXX9127,SAVINGS,INR,235103.12,ACTIVE,2019-09-25
ACC10365,C1481,BR127,9180XXXXXX3901,SAVINGS,INR,288945.79,ACTIVE,2020-11-26
ACC10366,C1480,BR107,9180XXXXXX9572,CURRENT,INR,2237896.35,ACTIVE,2022-05-12
ACC10367,C1166,BR122,9180XXXXXX1544,SAVINGS,INR,374425.34,ACTIVE,2024-10-10
ACC10368,C1336,BR133,9180XXXXXX3708,CURRENT,INR,1807251.59,ACTIVE,2022-12-24
ACC10369,C1273,BR144,9180XXXXXX9399,CURRENT,INR,1833430.55,ACTIVE,2022-03-17
ACC10370,C1204,BR106,9180XXXXXX9634,FIXED_DEPOSIT,INR,4265842.53,FROZEN_COMPLIANCE,2020-04-12
ACC10371,C1339,BR108,9180XXXXXX8192,SAVINGS,INR,368751.01,ACTIVE,2019-11-21
ACC10372,C1373,BR131,9180XXXXXX1952,FIXED_DEPOSIT,INR,4253437.61,ACTIVE,2019-05-10
ACC10373,C1038,BR141,9180XXXXXX3484,SAVINGS,INR,93526.33,ACTIVE,2024-01-01
ACC10374,C1076,BR117,9180XXXXXX7839,FIXED_DEPOSIT,INR,2872729.06,ACTIVE,2022-10-29
ACC10375,C1033,BR122,9180XXXXXX4563,CURRENT,INR,385279.59,ACTIVE,2023-09-18
ACC10376,C1347,BR136,9180XXXXXX3273,SAVINGS,INR,443752.48,ACTIVE,2020-09-25
ACC10377,C1094,BR150,9180XXXXXX8062,CURRENT,INR,1403591.85,ACTIVE,2023-02-12
ACC10378,C1272,BR141,9180XXXXXX8807,SAVINGS,INR,110382.66,ACTIVE,2023-05-26
ACC10379,C1258,BR132,9180XXXXXX5218,SAVINGS,INR,41256.57,ACTIVE,2020-12-18
ACC10380,C1193,BR117,9180XXXXXX7092,SAVINGS,INR,362037.2,ACTIVE,2018-09-11
ACC10381,C1007,BR123,9180XXXXXX7212,CURRENT,INR,1263386.94,ACTIVE,2018-03-30
ACC10382,C1403,BR116,9180XXXXXX9457,CURRENT,INR,2180644.81,ACTIVE,2020-10-01
ACC10383,C1047,BR146,9180XXXXXX1209,RECURRING_DEPOSIT,INR,160112.65,ACTIVE,2019-02-19
ACC10384,C1353,BR129,9180XXXXXX1768,SAVINGS,INR,31450.13,ACTIVE,2024-01-20
ACC10385,C1015,BR140,9180XXXXXX9733,CURRENT,INR,1926021.21,ACTIVE,2019-05-01
ACC10386,C1296,BR101,9180XXXXXX6851,SAVINGS,INR,441147.05,ACTIVE,2024-05-28
ACC10387,C1299,BR115,9180XXXXXX5722,SAVINGS,INR,423171.91,ACTIVE,2019-04-26
ACC10388,C1084,BR113,9180XXXXXX3532,RECURRING_DEPOSIT,INR,19728.3,ACTIVE,2023-11-22
ACC10389,C1452,BR139,9180XXXXXX5782,SAVINGS,INR,8230.08,ACTIVE,2018-08-11
ACC10390,C1009,BR113,9180XXXXXX4885,SAVINGS,INR,226400.12,ACTIVE,2024-01-22
ACC10391,C1279,BR127,9180XXXXXX7081,CURRENT,INR,1079085.56,DORMANT,2021-08-22
ACC10392,C1124,BR119,9180XXXXXX9095,SAVINGS,INR,375378.21,ACTIVE,2022-04-23
ACC10393,C1048,BR111,9180XXXXXX7250,CURRENT,INR,2021077.47,ACTIVE,2023-02-10
ACC10394,C1456,BR109,9180XXXXXX3383,CURRENT,INR,2189649.34,ACTIVE,2019-08-25
ACC10395,C1059,BR119,9180XXXXXX6901,CURRENT,INR,427226.22,ACTIVE,2020-12-15
ACC10396,C1474,BR131,9180XXXXXX3847,SAVINGS,INR,191806.87,ACTIVE,2020-06-02
ACC10397,C1492,BR102,9180XXXXXX1419,FIXED_DEPOSIT,INR,875586.95,ACTIVE,2021-07-02
ACC10398,C1476,BR138,9180XXXXXX2340,SAVINGS,INR,336493.57,DORMANT,2020-11-07
ACC10399,C1070,BR118,9180XXXXXX1526,SAVINGS,INR,45070.1,ACTIVE,2020-03-21
ACC10400,C1188,BR107,9180XXXXXX7431,CURRENT,INR,1975129.07,ACTIVE,2022-12-10
ACC10401,C1303,BR123,9180XXXXXX1832,SAVINGS,INR,152781.22,ACTIVE,2022-08-26
ACC10402,C1202,BR119,9180XXXXXX7818,CURRENT,INR,1107435.24,ACTIVE,2019-12-11
ACC10403,C1328,BR136,9180XXXXXX1430,FIXED_DEPOSIT,INR,4729275.39,ACTIVE,2021-05-19
ACC10404,C1302,BR122,9180XXXXXX1768,SAVINGS,INR,199024.03,ACTIVE,2018-09-17
ACC10405,C1234,BR103,9180XXXXXX9168,FIXED_DEPOSIT,INR,103512.61,ACTIVE,2022-01-02
ACC10406,C1313,BR144,9180XXXXXX1480,SAVINGS,INR,23720.97,ACTIVE,2021-04-13
ACC10407,C1332,BR105,9180XXXXXX2883,SAVINGS,INR,127570.46,ACTIVE,2018-06-04
ACC10408,C1355,BR126,9180XXXXXX5080,SAVINGS,INR,309470.19,ACTIVE,2018-08-05
ACC10409,C1056,BR131,9180XXXXXX4424,SAVINGS,INR,328378.32,ACTIVE,2021-04-29
ACC10410,C1480,BR118,9180XXXXXX1565,SAVINGS,INR,228561.3,ACTIVE,2019-07-01
ACC10411,C1267,BR144,9180XXXXXX9216,SAVINGS,INR,205581.49,ACTIVE,2020-06-18
ACC10412,C1166,BR147,9180XXXXXX7884,SAVINGS,INR,453395.85,ACTIVE,2019-01-17
ACC10413,C1206,BR141,9180XXXXXX6369,SAVINGS,INR,366346.65,ACTIVE,2019-12-18
ACC10414,C1384,BR116,9180XXXXXX4037,SAVINGS,INR,324650.79,ACTIVE,2021-08-12
ACC10415,C1467,BR143,9180XXXXXX1233,SAVINGS,INR,208208.78,ACTIVE,2023-03-12
ACC10416,C1491,BR143,9180XXXXXX8902,SAVINGS,INR,103074.72,ACTIVE,2019-03-04
ACC10417,C1185,BR106,9180XXXXXX7507,SAVINGS,INR,100889.94,ACTIVE,2018-05-15
ACC10418,C1114,BR108,9180XXXXXX4718,CURRENT,INR,2351945.09,ACTIVE,2022-09-26
ACC10419,C1463,BR146,9180XXXXXX3415,SAVINGS,INR,196589.76,ACTIVE,2018-09-01
ACC10420,C1390,BR138,9180XXXXXX4088,CURRENT,INR,1293645.16,ACTIVE,2024-09-13
ACC10421,C1207,BR143,9180XXXXXX5975,FIXED_DEPOSIT,INR,2898948.16,ACTIVE,2020-01-29
ACC10422,C1163,BR145,9180XXXXXX6403,SAVINGS,INR,448769.6,DORMANT,2023-06-19
ACC10423,C1399,BR121,9180XXXXXX8145,FIXED_DEPOSIT,INR,1690315.14,ACTIVE,2018-11-29
ACC10424,C1127,BR144,9180XXXXXX2884,SAVINGS,INR,69524.08,ACTIVE,2018-10-30
ACC10425,C1464,BR143,9180XXXXXX3186,CURRENT,INR,1355297.04,ACTIVE,2023-08-11
ACC10426,C1049,BR132,9180XXXXXX1537,CURRENT,INR,325130.61,ACTIVE,2022-11-15
ACC10427,C1358,BR133,9180XXXXXX2374,SAVINGS,INR,93333.08,ACTIVE,2018-03-22
ACC10428,C1036,BR103,9180XXXXXX2690,FIXED_DEPOSIT,INR,3179865.75,ACTIVE,2019-04-13
ACC10429,C1142,BR136,9180XXXXXX6740,CURRENT,INR,2444121.8,ACTIVE,2019-11-04
ACC10430,C1439,BR119,9180XXXXXX1444,SAVINGS,INR,182872.8,ACTIVE,2024-01-08
ACC10431,C1240,BR110,9180XXXXXX5008,CURRENT,INR,430702.65,ACTIVE,2022-11-07
ACC10432,C1173,BR130,9180XXXXXX6065,RECURRING_DEPOSIT,INR,280254.69,ACTIVE,2019-10-21
ACC10433,C1391,BR126,9180XXXXXX9741,CURRENT,INR,2237091.11,ACTIVE,2024-11-02
ACC10434,C1095,BR128,9180XXXXXX9953,RECURRING_DEPOSIT,INR,231359.21,ACTIVE,2022-04-09
ACC10435,C1244,BR139,9180XXXXXX6724,SAVINGS,INR,68615.26,ACTIVE,2019-05-25
ACC10436,C1158,BR129,9180XXXXXX2689,SAVINGS,INR,120832.62,ACTIVE,2022-08-21
ACC10437,C1259,BR143,9180XXXXXX1560,FIXED_DEPOSIT,INR,4616460.68,ACTIVE,2024-08-06
ACC10438,C1077,BR115,9180XXXXXX5292,CURRENT,INR,547241.56,ACTIVE,2018-01-08
ACC10439,C1032,BR120,9180XXXXXX3316,SAVINGS,INR,393056.5,ACTIVE,2022-01-01
ACC10440,C1264,BR129,9180XXXXXX8637,SAVINGS,INR,457083.36,ACTIVE,2024-02-20
ACC10441,C1482,BR103,9180XXXXXX8416,SAVINGS,INR,354126.79,ACTIVE,2023-03-13
ACC10442,C1139,BR129,9180XXXXXX5087,RECURRING_DEPOSIT,INR,174856.94,ACTIVE,2020-03-26
ACC10443,C1276,BR145,9180XXXXXX1922,SAVINGS,INR,32959.29,ACTIVE,2021-06-18
ACC10444,C1141,BR136,9180XXXXXX3550,SAVINGS,INR,153741.94,ACTIVE,2022-03-06
ACC10445,C1138,BR144,9180XXXXXX7857,FIXED_DEPOSIT,INR,1324283.6,ACTIVE,2020-08-27
ACC10446,C1029,BR141,9180XXXXXX7305,SAVINGS,INR,413977.6,ACTIVE,2022-01-19
ACC10447,C1071,BR106,9180XXXXXX7609,SAVINGS,INR,192212.36,ACTIVE,2019-04-18
ACC10448,C1447,BR121,9180XXXXXX1081,SAVINGS,INR,138180.85,ACTIVE,2018-01-12
ACC10449,C1263,BR117,9180XXXXXX1761,SAVINGS,INR,25284.22,ACTIVE,2022-04-18
ACC10450,C1062,BR137,9180XXXXXX6154,CURRENT,INR,1192231.21,ACTIVE,2022-03-06
ACC10451,C1249,BR119,9180XXXXXX2055,SAVINGS,INR,456261.15,ACTIVE,2023-08-11
ACC10452,C1435,BR106,9180XXXXXX5228,SAVINGS,INR,242920.77,ACTIVE,2021-04-18
ACC10453,C1004,BR147,9180XXXXXX4044,SAVINGS,INR,80801.73,ACTIVE,2022-12-04
ACC10454,C1049,BR116,9180XXXXXX5857,SAVINGS,INR,124234.64,ACTIVE,2020-07-17
ACC10455,C1282,BR102,9180XXXXXX2110,CURRENT,INR,724184.35,ACTIVE,2020-04-26
ACC10456,C1266,BR115,9180XXXXXX2750,FIXED_DEPOSIT,INR,1871180.11,ACTIVE,2022-07-08
ACC10457,C1292,BR109,9180XXXXXX6938,CURRENT,INR,2377750.77,ACTIVE,2018-03-15
ACC10458,C1336,BR104,9180XXXXXX4148,SAVINGS,INR,224443.56,ACTIVE,2021-07-09
ACC10459,C1410,BR111,9180XXXXXX1770,SAVINGS,INR,46104.19,ACTIVE,2018-09-11
ACC10460,C1447,BR101,9180XXXXXX1331,SAVINGS,INR,197481.49,ACTIVE,2020-04-15
ACC10461,C1156,BR107,9180XXXXXX5408,RECURRING_DEPOSIT,INR,153500.25,ACTIVE,2021-06-22
ACC10462,C1306,BR114,9180XXXXXX7185,SAVINGS,INR,333364.49,ACTIVE,2018-01-19
ACC10463,C1066,BR139,9180XXXXXX9594,SAVINGS,INR,89996.44,ACTIVE,2019-08-20
ACC10464,C1139,BR139,9180XXXXXX8960,CURRENT,INR,861896.47,ACTIVE,2020-12-20
ACC10465,C1100,BR134,9180XXXXXX7401,CURRENT,INR,1413849.09,ACTIVE,2021-04-18
ACC10466,C1342,BR105,9180XXXXXX1264,SAVINGS,INR,347020.93,ACTIVE,2021-05-16
ACC10467,C1490,BR142,9180XXXXXX9457,SAVINGS,INR,190099.66,ACTIVE,2021-11-02
ACC10468,C1454,BR147,9180XXXXXX7065,SAVINGS,INR,412781.87,ACTIVE,2021-10-31
ACC10469,C1179,BR135,9180XXXXXX5677,CURRENT,INR,1020679.33,ACTIVE,2018-06-30
ACC10470,C1019,BR134,9180XXXXXX6712,SAVINGS,INR,191274.35,ACTIVE,2021-11-27
ACC10471,C1318,BR135,9180XXXXXX7976,RECURRING_DEPOSIT,INR,246649.72,ACTIVE,2024-08-04
ACC10472,C1403,BR106,9180XXXXXX1562,RECURRING_DEPOSIT,INR,48894.69,ACTIVE,2022-09-07
ACC10473,C1183,BR143,9180XXXXXX2291,SAVINGS,INR,78887.67,ACTIVE,2023-06-04
ACC10474,C1122,BR110,9180XXXXXX7981,SAVINGS,INR,200520.18,ACTIVE,2023-06-05
ACC10475,C1218,BR149,9180XXXXXX3775,SAVINGS,INR,293288.48,ACTIVE,2023-10-29
ACC10476,C1267,BR132,9180XXXXXX6920,SAVINGS,INR,468789.88,ACTIVE,2020-01-11
ACC10477,C1346,BR146,9180XXXXXX2536,SAVINGS,INR,33975.62,ACTIVE,2024-05-02
ACC10478,C1128,BR120,9180XXXXXX9592,RECURRING_DEPOSIT,INR,116429.46,ACTIVE,2020-01-21
ACC10479,C1268,BR121,9180XXXXXX1569,CURRENT,INR,2015654.16,ACTIVE,2018-12-31
ACC10480,C1035,BR115,9180XXXXXX9930,SAVINGS,INR,292917.41,DORMANT,2023-02-14
ACC10481,C1086,BR106,9180XXXXXX7999,SAVINGS,INR,228675.18,ACTIVE,2024-04-22
ACC10482,C1254,BR132,9180XXXXXX8236,SAVINGS,INR,55368.49,ACTIVE,2021-06-04
ACC10483,C1081,BR150,9180XXXXXX6911,CURRENT,INR,1832774.04,ACTIVE,2024-09-12
ACC10484,C1197,BR103,9180XXXXXX9676,SAVINGS,INR,25095.01,ACTIVE,2023-03-31
ACC10485,C1412,BR130,9180XXXXXX6539,SAVINGS,INR,209355.5,ACTIVE,2024-05-09
ACC10486,C1424,BR107,9180XXXXXX2151,CURRENT,INR,545185.19,ACTIVE,2019-10-14
ACC10487,C1176,BR131,9180XXXXXX5681,CURRENT,INR,1651369.13,ACTIVE,2021-06-10
ACC10488,C1327,BR114,9180XXXXXX1713,SAVINGS,INR,443422.45,ACTIVE,2018-11-26
ACC10489,C1211,BR131,9180XXXXXX8073,SAVINGS,INR,171100.81,DORMANT,2022-08-07
ACC10490,C1019,BR139,9180XXXXXX4708,CURRENT,INR,1117153.98,ACTIVE,2024-04-21
ACC10491,C1085,BR110,9180XXXXXX9867,SAVINGS,INR,40103.51,ACTIVE,2022-11-23
ACC10492,C1140,BR135,9180XXXXXX9065,RECURRING_DEPOSIT,INR,70253.48,ACTIVE,2018-05-17
ACC10493,C1190,BR122,9180XXXXXX6067,SAVINGS,INR,295173.04,ACTIVE,2024-04-09
ACC10494,C1275,BR116,9180XXXXXX7850,SAVINGS,INR,310148.13,DORMANT,2018-05-26
ACC10495,C1323,BR123,9180XXXXXX5570,SAVINGS,INR,90077.48,ACTIVE,2022-02-19
ACC10496,C1473,BR124,9180XXXXXX3980,SAVINGS,INR,37175.39,ACTIVE,2021-09-21
ACC10497,C1152,BR144,9180XXXXXX1039,SAVINGS,INR,234968.47,ACTIVE,2020-08-23
ACC10498,C1069,BR114,9180XXXXXX3217,SAVINGS,INR,393975.2,ACTIVE,2019-08-07
ACC10499,C1472,BR111,9180XXXXXX1815,SAVINGS,INR,279472.11,ACTIVE,2018-09-04
ACC10500,C1218,BR133,9180XXXXXX7702,CURRENT,INR,1834772.25,ACTIVE,2019-02-22
ACC10501,C1108,BR114,9180XXXXXX8283,RECURRING_DEPOSIT,INR,257207.28,ACTIVE,2020-04-17
ACC10502,C1403,BR143,9180XXXXXX2477,FIXED_DEPOSIT,INR,2686256.08,FROZEN_COMPLIANCE,2020-11-13
ACC10503,C1473,BR116,9180XXXXXX7277,SAVINGS,INR,314956.17,ACTIVE,2018-12-14
ACC10504,C1166,BR141,9180XXXXXX9774,CURRENT,INR,304921.86,ACTIVE,2018-11-04
ACC10505,C1479,BR130,9180XXXXXX7609,CURRENT,INR,1462324.42,ACTIVE,2019-07-08
ACC10506,C1139,BR127,9180XXXXXX3470,SAVINGS,INR,214602.21,ACTIVE,2020-12-04
ACC10507,C1472,BR123,9180XXXXXX5829,FIXED_DEPOSIT,INR,2855654.06,ACTIVE,2022-06-16
ACC10508,C1192,BR113,9180XXXXXX5274,SAVINGS,INR,478341.75,ACTIVE,2018-10-07
ACC10509,C1019,BR119,9180XXXXXX6896,CURRENT,INR,184726.31,ACTIVE,2022-08-31
ACC10510,C1221,BR124,9180XXXXXX2348,CURRENT,INR,1260114.53,ACTIVE,2024-08-25
ACC10511,C1474,BR114,9180XXXXXX9691,SAVINGS,INR,426135.35,ACTIVE,2019-06-14
ACC10512,C1471,BR144,9180XXXXXX6315,SAVINGS,INR,490420.87,ACTIVE,2019-12-28
ACC10513,C1219,BR126,9180XXXXXX3815,SAVINGS,INR,87163.67,ACTIVE,2023-06-27
ACC10514,C1142,BR132,9180XXXXXX6573,FIXED_DEPOSIT,INR,738669.55,ACTIVE,2020-12-10
ACC10515,C1379,BR105,9180XXXXXX7351,SAVINGS,INR,69510.35,ACTIVE,2023-08-21
ACC10516,C1437,BR108,9180XXXXXX7103,SAVINGS,INR,212869.65,ACTIVE,2021-06-05
ACC10517,C1128,BR127,9180XXXXXX4389,CURRENT,INR,1874606.67,ACTIVE,2024-07-23
ACC10518,C1281,BR142,9180XXXXXX6037,SAVINGS,INR,492554.19,ACTIVE,2019-03-25
ACC10519,C1080,BR118,9180XXXXXX7999,CURRENT,INR,1599641.6,ACTIVE,2022-01-20
ACC10520,C1440,BR115,9180XXXXXX5183,CURRENT,INR,2393116.31,ACTIVE,2018-08-03
ACC10521,C1173,BR131,9180XXXXXX6813,CURRENT,INR,2013765.9,FROZEN_COMPLIANCE,2022-02-10
ACC10522,C1309,BR139,9180XXXXXX7991,SAVINGS,INR,482206.79,ACTIVE,2024-06-05
ACC10523,C1018,BR116,9180XXXXXX8980,SAVINGS,INR,454368.85,ACTIVE,2023-07-07
ACC10524,C1218,BR122,9180XXXXXX3036,CURRENT,INR,410228.78,ACTIVE,2018-03-18
ACC10525,C1009,BR124,9180XXXXXX7668,FIXED_DEPOSIT,INR,274352.51,ACTIVE,2019-05-04
ACC10526,C1462,BR112,9180XXXXXX8740,SAVINGS,INR,71843.88,ACTIVE,2024-08-26
ACC10527,C1155,BR101,9180XXXXXX7487,RECURRING_DEPOSIT,INR,171128.97,ACTIVE,2018-09-16
ACC10528,C1492,BR115,9180XXXXXX8631,CURRENT,INR,2431268.53,ACTIVE,2018-07-06
ACC10529,C1262,BR129,9180XXXXXX6691,SAVINGS,INR,458391.79,ACTIVE,2018-12-07
ACC10530,C1051,BR150,9180XXXXXX2193,SAVINGS,INR,28955.96,ACTIVE,2024-08-25
ACC10531,C1057,BR121,9180XXXXXX4598,FIXED_DEPOSIT,INR,4246349.94,ACTIVE,2019-07-28
ACC10532,C1119,BR121,9180XXXXXX2478,CURRENT,INR,1355106.92,ACTIVE,2020-08-26
ACC10533,C1475,BR104,9180XXXXXX3196,SAVINGS,INR,319402.71,ACTIVE,2023-05-09
ACC10534,C1433,BR143,9180XXXXXX5526,CURRENT,INR,462191.5,ACTIVE,2022-05-08
ACC10535,C1084,BR134,9180XXXXXX7852,FIXED_DEPOSIT,INR,725124.7,ACTIVE,2021-06-09
ACC10536,C1007,BR136,9180XXXXXX8822,SAVINGS,INR,189956.9,ACTIVE,2021-12-22
ACC10537,C1240,BR115,9180XXXXXX9554,RECURRING_DEPOSIT,INR,197980.66,ACTIVE,2024-06-03
ACC10538,C1492,BR116,9180XXXXXX7718,SAVINGS,INR,147660.33,ACTIVE,2018-11-05
ACC10539,C1052,BR109,9180XXXXXX8018,CURRENT,INR,749535.33,ACTIVE,2021-07-07
ACC10540,C1197,BR105,9180XXXXXX7875,SAVINGS,INR,199619.37,ACTIVE,2021-07-02
ACC10541,C1002,BR146,9180XXXXXX7900,FIXED_DEPOSIT,INR,946818.25,ACTIVE,2024-03-09
ACC10542,C1156,BR126,9180XXXXXX8496,SAVINGS,INR,57428.27,ACTIVE,2023-10-12
ACC10543,C1311,BR123,9180XXXXXX2860,CURRENT,INR,1356350.83,ACTIVE,2021-07-06
ACC10544,C1102,BR104,9180XXXXXX4116,CURRENT,INR,1857274.75,ACTIVE,2024-01-22
ACC10545,C1193,BR109,9180XXXXXX8232,SAVINGS,INR,329414.68,ACTIVE,2022-12-23
ACC10546,C1279,BR130,9180XXXXXX6611,SAVINGS,INR,246420.84,ACTIVE,2023-03-30
ACC10547,C1105,BR110,9180XXXXXX7742,FIXED_DEPOSIT,INR,4563976.93,FROZEN_COMPLIANCE,2024-06-19
ACC10548,C1147,BR114,9180XXXXXX7170,RECURRING_DEPOSIT,INR,158329.5,ACTIVE,2019-01-20
ACC10549,C1060,BR143,9180XXXXXX3611,SAVINGS,INR,417885.23,ACTIVE,2021-01-17
ACC10550,C1316,BR126,9180XXXXXX9437,SAVINGS,INR,338738.72,ACTIVE,2024-09-30
ACC10551,C1166,BR145,9180XXXXXX2417,SAVINGS,INR,254913.03,ACTIVE,2018-03-31
ACC10552,C1251,BR124,9180XXXXXX6132,SAVINGS,INR,278977.68,ACTIVE,2021-02-17
ACC10553,C1293,BR148,9180XXXXXX7393,SAVINGS,INR,110799.66,ACTIVE,2023-03-22
ACC10554,C1186,BR144,9180XXXXXX2816,SAVINGS,INR,227211.3,ACTIVE,2023-03-26
ACC10555,C1474,BR116,9180XXXXXX7849,RECURRING_DEPOSIT,INR,135779.87,ACTIVE,2018-07-06
ACC10556,C1437,BR108,9180XXXXXX6660,RECURRING_DEPOSIT,INR,61469.73,ACTIVE,2023-09-25
ACC10557,C1467,BR128,9180XXXXXX1174,SAVINGS,INR,251336.53,ACTIVE,2021-03-04
ACC10558,C1055,BR116,9180XXXXXX6604,SAVINGS,INR,452678.71,FROZEN_COMPLIANCE,2022-04-28
ACC10559,C1395,BR148,9180XXXXXX1949,CURRENT,INR,1724271.37,ACTIVE,2023-03-26
ACC10560,C1101,BR139,9180XXXXXX6801,SAVINGS,INR,330850.47,ACTIVE,2020-10-15
ACC10561,C1156,BR110,9180XXXXXX3502,SAVINGS,INR,296788.05,ACTIVE,2020-01-09
ACC10562,C1465,BR128,9180XXXXXX1107,SAVINGS,INR,254688.41,ACTIVE,2024-07-10
ACC10563,C1086,BR130,9180XXXXXX4809,SAVINGS,INR,255511.13,ACTIVE,2019-07-14
ACC10564,C1117,BR135,9180XXXXXX4046,FIXED_DEPOSIT,INR,2674616.79,ACTIVE,2021-04-03
ACC10565,C1368,BR125,9180XXXXXX1916,CURRENT,INR,1759377.7,ACTIVE,2024-05-22
ACC10566,C1204,BR144,9180XXXXXX6040,CURRENT,INR,556492.64,ACTIVE,2020-06-25
ACC10567,C1013,BR127,9180XXXXXX4527,CURRENT,INR,1149064.49,ACTIVE,2019-08-13
ACC10568,C1284,BR102,9180XXXXXX5615,SAVINGS,INR,215927.06,ACTIVE,2020-03-13
ACC10569,C1023,BR146,9180XXXXXX2665,SAVINGS,INR,368366.4,ACTIVE,2020-07-20
ACC10570,C1451,BR105,9180XXXXXX6633,SAVINGS,INR,375222.21,ACTIVE,2023-06-24
ACC10571,C1334,BR128,9180XXXXXX9823,RECURRING_DEPOSIT,INR,224486.31,ACTIVE,2023-05-13
ACC10572,C1047,BR130,9180XXXXXX4955,CURRENT,INR,431871.89,ACTIVE,2021-07-04
ACC10573,C1165,BR113,9180XXXXXX3952,SAVINGS,INR,89225.56,ACTIVE,2022-05-14
ACC10574,C1054,BR122,9180XXXXXX8670,SAVINGS,INR,353873.82,ACTIVE,2021-07-08
ACC10575,C1073,BR146,9180XXXXXX8614,CURRENT,INR,379126.45,ACTIVE,2019-06-22
ACC10576,C1053,BR145,9180XXXXXX1814,SAVINGS,INR,238519.37,ACTIVE,2019-02-23
ACC10577,C1479,BR135,9180XXXXXX2551,CURRENT,INR,168025.79,ACTIVE,2018-08-12
ACC10578,C1256,BR120,9180XXXXXX8635,SAVINGS,INR,255851.17,ACTIVE,2023-05-18
ACC10579,C1232,BR106,9180XXXXXX1561,SAVINGS,INR,278319.61,ACTIVE,2020-10-10
ACC10580,C1014,BR105,9180XXXXXX6153,SAVINGS,INR,65841.04,ACTIVE,2019-08-15
ACC10581,C1071,BR127,9180XXXXXX1288,SAVINGS,INR,150675.42,ACTIVE,2021-12-14
ACC10582,C1007,BR132,9180XXXXXX2446,SAVINGS,INR,46517.5,FROZEN_COMPLIANCE,2023-03-19
ACC10583,C1216,BR140,9180XXXXXX3377,CURRENT,INR,1056319.73,ACTIVE,2024-02-24
ACC10584,C1216,BR133,9180XXXXXX5791,SAVINGS,INR,361605.95,ACTIVE,2024-08-09
ACC10585,C1103,BR113,9180XXXXXX2949,SAVINGS,INR,392751.66,ACTIVE,2022-08-04
ACC10586,C1418,BR136,9180XXXXXX2919,SAVINGS,INR,67453.95,ACTIVE,2018-09-11
ACC10587,C1121,BR132,9180XXXXXX6156,SAVINGS,INR,265161.79,ACTIVE,2023-11-06
ACC10588,C1428,BR114,9180XXXXXX2142,SAVINGS,INR,212935.79,ACTIVE,2023-05-20
ACC10589,C1233,BR130,9180XXXXXX7905,SAVINGS,INR,418604.58,ACTIVE,2022-03-12
ACC10590,C1046,BR111,9180XXXXXX1839,CURRENT,INR,1424754.77,ACTIVE,2023-04-22
ACC10591,C1419,BR113,9180XXXXXX2137,SAVINGS,INR,7157.99,ACTIVE,2019-07-25
ACC10592,C1203,BR147,9180XXXXXX3654,SAVINGS,INR,88933.94,ACTIVE,2022-07-03
ACC10593,C1362,BR125,9180XXXXXX3063,SAVINGS,INR,181324.6,ACTIVE,2019-01-25
ACC10594,C1108,BR125,9180XXXXXX5919,SAVINGS,INR,96433.39,ACTIVE,2019-08-30
ACC10595,C1056,BR132,9180XXXXXX1883,SAVINGS,INR,74322.18,ACTIVE,2022-06-11
ACC10596,C1021,BR112,9180XXXXXX8820,SAVINGS,INR,172570.68,ACTIVE,2021-12-28
ACC10597,C1371,BR148,9180XXXXXX2308,CURRENT,INR,1581085.43,ACTIVE,2018-10-09
ACC10598,C1050,BR102,9180XXXXXX5861,SAVINGS,INR,244032.75,ACTIVE,2019-04-25
ACC10599,C1268,BR149,9180XXXXXX8919,CURRENT,INR,2158707.58,ACTIVE,2023-09-04
ACC10600,C1272,BR138,9180XXXXXX1761,CURRENT,INR,1494186.1,ACTIVE,2023-04-16
ACC10601,C1141,BR136,9180XXXXXX7021,CURRENT,INR,1677314.24,ACTIVE,2021-07-01
ACC10602,C1180,BR140,9180XXXXXX9711,SAVINGS,INR,197686.87,ACTIVE,2019-04-08
ACC10603,C1228,BR135,9180XXXXXX9534,SAVINGS,INR,155209.34,ACTIVE,2022-06-10
ACC10604,C1133,BR131,9180XXXXXX7227,RECURRING_DEPOSIT,INR,90634.14,ACTIVE,2024-07-18
ACC10605,C1280,BR134,9180XXXXXX3340,SAVINGS,INR,438184.89,ACTIVE,2019-08-21
ACC10606,C1133,BR150,9180XXXXXX7645,SAVINGS,INR,135975.57,ACTIVE,2022-07-01
ACC10607,C1250,BR125,9180XXXXXX3160,CURRENT,INR,1489988.15,ACTIVE,2024-01-07
ACC10608,C1363,BR123,9180XXXXXX4804,SAVINGS,INR,305816.01,ACTIVE,2019-06-16
ACC10609,C1289,BR141,9180XXXXXX7395,CURRENT,INR,1808073.41,ACTIVE,2021-12-06
ACC10610,C1173,BR143,9180XXXXXX1375,CURRENT,INR,1602677.31,ACTIVE,2022-06-02
ACC10611,C1435,BR144,9180XXXXXX8540,CURRENT,INR,1479543.81,ACTIVE,2019-11-22
ACC10612,C1064,BR104,9180XXXXXX3366,SAVINGS,INR,259890.1,ACTIVE,2020-02-24
ACC10613,C1168,BR113,9180XXXXXX2614,SAVINGS,INR,129145.18,ACTIVE,2019-06-30
ACC10614,C1070,BR117,9180XXXXXX1504,SAVINGS,INR,291223.74,ACTIVE,2024-01-18
ACC10615,C1102,BR114,9180XXXXXX5364,SAVINGS,INR,49606.25,ACTIVE,2022-03-22
ACC10616,C1353,BR130,9180XXXXXX9841,SAVINGS,INR,139916.09,ACTIVE,2021-01-15
ACC10617,C1068,BR120,9180XXXXXX1730,SAVINGS,INR,194069.22,ACTIVE,2022-08-29
ACC10618,C1062,BR107,9180XXXXXX1947,SAVINGS,INR,356553.87,ACTIVE,2022-12-06
ACC10619,C1317,BR120,9180XXXXXX4535,SAVINGS,INR,290675.52,ACTIVE,2024-09-09
ACC10620,C1010,BR101,9180XXXXXX3311,SAVINGS,INR,217719.82,ACTIVE,2018-06-21
ACC10621,C1265,BR103,9180XXXXXX2885,SAVINGS,INR,219016.22,FROZEN_COMPLIANCE,2024-04-30
ACC10622,C1138,BR148,9180XXXXXX9945,SAVINGS,INR,420683.54,FROZEN_COMPLIANCE,2018-03-22
ACC10623,C1245,BR118,9180XXXXXX6526,FIXED_DEPOSIT,INR,1178538.17,ACTIVE,2020-03-17
ACC10624,C1399,BR124,9180XXXXXX3523,CURRENT,INR,1849065.87,ACTIVE,2019-12-07
ACC10625,C1141,BR144,9180XXXXXX5872,SAVINGS,INR,429541.9,ACTIVE,2024-09-26
ACC10626,C1165,BR143,9180XXXXXX3711,SAVINGS,INR,371686.03,ACTIVE,2024-01-08
ACC10627,C1207,BR133,9180XXXXXX3655,SAVINGS,INR,398366.88,ACTIVE,2020-04-05
ACC10628,C1493,BR105,9180XXXXXX5213,CURRENT,INR,2450288.22,ACTIVE,2019-10-02
ACC10629,C1124,BR118,9180XXXXXX4465,SAVINGS,INR,352571.34,ACTIVE,2023-07-02
ACC10630,C1116,BR123,9180XXXXXX5215,SAVINGS,INR,263733.42,ACTIVE,2021-04-05
ACC10631,C1298,BR123,9180XXXXXX1400,SAVINGS,INR,400840.81,ACTIVE,2022-07-15
ACC10632,C1109,BR150,9180XXXXXX7758,SAVINGS,INR,123257.82,ACTIVE,2023-01-14
ACC10633,C1344,BR144,9180XXXXXX6767,RECURRING_DEPOSIT,INR,169677.86,ACTIVE,2018-09-10
ACC10634,C1222,BR130,9180XXXXXX7060,CURRENT,INR,2403237.78,ACTIVE,2021-03-07
ACC10635,C1368,BR126,9180XXXXXX9621,CURRENT,INR,689678.92,ACTIVE,2018-04-07
ACC10636,C1171,BR126,9180XXXXXX6423,SAVINGS,INR,243230.61,ACTIVE,2024-02-28
ACC10637,C1250,BR142,9180XXXXXX3417,RECURRING_DEPOSIT,INR,59378.05,ACTIVE,2022-01-09
ACC10638,C1361,BR137,9180XXXXXX8142,SAVINGS,INR,274017.59,ACTIVE,2019-07-08
ACC10639,C1276,BR133,9180XXXXXX8849,CURRENT,INR,545892.83,ACTIVE,2021-02-21
ACC10640,C1293,BR134,9180XXXXXX5370,FIXED_DEPOSIT,INR,1734210.53,ACTIVE,2020-05-16
ACC10641,C1093,BR142,9180XXXXXX7208,FIXED_DEPOSIT,INR,747127.37,ACTIVE,2023-07-23
ACC10642,C1389,BR124,9180XXXXXX3538,SAVINGS,INR,312803.16,ACTIVE,2022-10-20
ACC10643,C1399,BR148,9180XXXXXX7658,SAVINGS,INR,217514.77,ACTIVE,2021-02-15
ACC10644,C1154,BR117,9180XXXXXX5722,CURRENT,INR,586542.64,ACTIVE,2020-02-08
ACC10645,C1089,BR147,9180XXXXXX5030,SAVINGS,INR,467260.1,ACTIVE,2023-12-22
ACC10646,C1155,BR112,9180XXXXXX4247,SAVINGS,INR,340880.93,ACTIVE,2024-07-26
ACC10647,C1143,BR107,9180XXXXXX4695,SAVINGS,INR,258544.45,ACTIVE,2019-01-05
ACC10648,C1067,BR122,9180XXXXXX1949,CURRENT,INR,2274571.42,ACTIVE,2024-09-10
ACC10649,C1384,BR135,9180XXXXXX2482,CURRENT,INR,840306.23,ACTIVE,2024-01-25
ACC10650,C1438,BR145,9180XXXXXX3537,CURRENT,INR,1483436.66,ACTIVE,2020-04-03
