atm_tx_id,atm_id,branch_id,atm_location,card_id,customer_id,transaction_type,amount,surcharge_fee,status,iso_response_code,transaction_timestamp
ATM70000,ATM005,BR109,Bangalore - Indiranagar Branch ATM,CC20102,C1384,CASH_WITHDRAWAL,15000.0,0.0,SUCCESS,0,2026-02-20 14:22:24
ATM70001,ATM002,BR124,Mumbai - Nariman Point Kiosk,CC20348,C1271,CASH_WITHDRAWAL,500.0,21.0,SUCCESS,0,2024-01-11 12:34:05
ATM70002,ATM006,BR101,Bangalore - Whitefield Offsite ATM,CC20270,C1188,CASH_WITHDRAWAL,500.0,21.0,SUCCESS,0,2025-08-09 11:47:35
ATM70003,ATM005,BR144,Bangalore - Indiranagar Branch ATM,CC20106,C1486,CASH_WITHDRAWAL,20000.0,0.0,SUCCESS,0,2024-07-04 02:33:58
ATM70004,ATM002,BR108,Mumbai - Nariman Point Kiosk,CC20071,C1191,CASH_DEPOSIT,25000.0,0.0,FAILED_INSUFFICIENT_FUNDS,51,2025-07-27 16:21:34
ATM70005,ATM013,BR124,Jaipur - MI Road Branch ATM,CC20188,C1446,CASH_WITHDRAWAL,10000.0,0.0,SUCCESS,0,2025-08-19 18:53:14
ATM70006,ATM014,BR111,Delhi - IGI Airport Terminal 3 Offsite ATM,CC20020,C1068,CASH_WITHDRAWAL,5000.0,21.0,SUCCESS,0,2025-07-14 12:08:42
ATM70007,ATM011,BR117,Kolkata - Park Street Branch ATM,CC20102,C1277,PIN_CHANGE,0.0,0.0,SUCCESS,0,2025-09-12 14:50:39
ATM70008,ATM011,BR108,Kolkata - Park Street Branch ATM,CC20121,C1348,CASH_WITHDRAWAL,1000.0,21.0,SUCCESS,0,2026-01-04 16:04:01
ATM70009,ATM011,BR135,Kolkata - Park Street Branch ATM,CC20214,C1246,CASH_WITHDRAWAL,25000.0,0.0,SUCCESS,0,2024-12-12 07:18:40
ATM70010,ATM003,BR135,Pune - MG Road Branch ATM,CC20330,C1450,CASH_WITHDRAWAL,1000.0,21.0,SUCCESS,0,2025-08-18 23:50:37
ATM70011,ATM015,BR133,Mumbai - CSMT Railway Station Offsite ATM,CC20087,C1075,CASH_WITHDRAWAL,25000.0,0.0,SUCCESS,0,2024-03-07 07:46:25
ATM70012,ATM009,BR105,Chennai - Anna Salai Branch ATM,CC20372,C1153,CASH_WITHDRAWAL,20000.0,21.0,SUCCESS,0,2024-10-23 01:35:23
ATM70013,ATM007,BR142,Hyderabad - HITEC City Branch ATM,CC20099,C1143,CASH_WITHDRAWAL,15000.0,0.0,FAILED_ATM_OUT_OF_CASH,61,2026-01-16 14:16:18
ATM70014,ATM007,BR139,Hyderabad - HITEC City Branch ATM,CC20359,C1434,BALANCE_INQUIRY,0.0,8.5,SUCCESS,0,2025-02-19 22:11:58
ATM70015,ATM015,BR141,Mumbai - CSMT Railway Station Offsite ATM,CC20151,C1484,CASH_WITHDRAWAL,1000.0,21.0,SUCCESS,0,2025-12-23 04:20:14
ATM70016,ATM011,BR128,Kolkata - Park Street Branch ATM,CC20130,C1085,CASH_WITHDRAWAL,5000.0,0.0,SUCCESS,0,2025-07-02 06:02:43
ATM70017,ATM006,BR107,Bangalore - Whitefield Offsite ATM,CC20149,C1184,CASH_WITHDRAWAL,1000.0,0.0,SUCCESS,0,2025-01-19 10:17:06
ATM70018,ATM008,BR109,Delhi - Connaught Place Branch ATM,CC20308,C1284,CASH_WITHDRAWAL,20000.0,0.0,SUCCESS,0,2025-10-06 23:11:43
ATM70019,ATM004,BR108,Pune - Hinjewadi Tech Park ATM,CC20257,C1461,PIN_CHANGE,0.0,0.0,SUCCESS,0,2026-02-10 05:10:32
ATM70020,ATM008,BR112,Delhi - Connaught Place Branch ATM,CC20343,C1219,CASH_WITHDRAWAL,5000.0,21.0,SUCCESS,0,2025-05-22 15:21:23
ATM70021,ATM004,BR134,Pune - Hinjewadi Tech Park ATM,CC20293,C1068,CASH_WITHDRAWAL,20000.0,0.0,SUCCESS,0,2024-06-06 11:23:24
ATM70022,ATM008,BR133,Delhi - Connaught Place Branch ATM,CC20385,C1046,BALANCE_INQUIRY,0.0,0.0,SUCCESS,0,2024-03-23 00:18:24
ATM70023,ATM009,BR148,Chennai - Anna Salai Branch ATM,CC20191,C1496,CASH_WITHDRAWAL,1000.0,0.0,SUCCESS,0,2026-01-25 12:17:20
ATM70024,ATM003,BR123,Pune - MG Road Branch ATM,CC20276,C1093,CASH_WITHDRAWAL,10000.0,0.0,SUCCESS,0,2024-06-09 00:14:40
ATM70025,ATM003,BR124,Pune - MG Road Branch ATM,CC20160,C1237,CASH_WITHDRAWAL,500.0,0.0,SUCCESS,0,2026-05-04 06:23:28
ATM70026,ATM011,BR137,Kolkata - Park Street Branch ATM,CC20313,C1445,CASH_WITHDRAWAL,5000.0,0.0,SUCCESS,0,2025-02-24 18:51:17
ATM70027,ATM013,BR135,Jaipur - MI Road Branch ATM,CC20021,C1499,BALANCE_INQUIRY,0.0,0.0,SUCCESS,0,2024-10-27 15:01:22
ATM70028,ATM002,BR144,Mumbai - Nariman Point Kiosk,CC20252,C1452,CASH_WITHDRAWAL,20000.0,0.0,SUCCESS,0,2025-06-21 19:38:34
ATM70029,ATM013,BR140,Jaipur - MI Road Branch ATM,CC20235,C1203,CASH_WITHDRAWAL,1000.0,0.0,SUCCESS,0,2025-06-02 14:26:20
ATM70030,ATM010,BR122,Ahmedabad - CG Road Branch ATM,CC20344,C1399,CASH_WITHDRAWAL,500.0,0.0,SUCCESS,0,2024-05-18 08:17:50
ATM70031,ATM003,BR127,Pune - MG Road Branch ATM,CC20048,C1217,BALANCE_INQUIRY,0.0,8.5,FAILED_INSUFFICIENT_FUNDS,51,2024-03-20 03:56:29
ATM70032,ATM003,BR135,Pune - MG Road Branch ATM,CC20058,C1473,CASH_WITHDRAWAL,1000.0,21.0,SUCCESS,0,2024-04-09 04:42:36
ATM70033,ATM005,BR101,Bangalore - Indiranagar Branch ATM,CC20169,C1431,PIN_CHANGE,0.0,0.0,SUCCESS,0,2026-01-29 13:28:22
ATM70034,ATM005,BR135,Bangalore - Indiranagar Branch ATM,CC20187,C1340,CASH_WITHDRAWAL,500.0,21.0,SUCCESS,0,2025-09-18 04:05:05
ATM70035,ATM002,BR137,Mumbai - Nariman Point Kiosk,CC20270,C1038,BALANCE_INQUIRY,0.0,0.0,SUCCESS,0,2025-02-06 07:53:03
ATM70036,ATM012,BR147,Nagpur - Civil Lines Branch ATM,CC20189,C1099,CASH_DEPOSIT,50000.0,0.0,SUCCESS,0,2024-01-12 00:54:52
ATM70037,ATM010,BR114,Ahmedabad - CG Road Branch ATM,CC20174,C1288,PIN_CHANGE,0.0,0.0,FAILED_ATM_OUT_OF_CASH,61,2024-07-15 16:49:46
ATM70038,ATM013,BR103,Jaipur - MI Road Branch ATM,CC20050,C1253,PIN_CHANGE,0.0,0.0,SUCCESS,0,2024-09-07 03:55:33
ATM70039,ATM006,BR101,Bangalore - Whitefield Offsite ATM,CC20363,C1221,CASH_WITHDRAWAL,1000.0,0.0,SUCCESS,0,2025-04-14 00:32:41
ATM70040,ATM005,BR105,Bangalore - Indiranagar Branch ATM,CC20054,C1356,CASH_WITHDRAWAL,15000.0,0.0,SUCCESS,0,2025-01-10 00:28:47
ATM70041,ATM006,BR126,Bangalore - Whitefield Offsite ATM,CC20243,C1022,CASH_WITHDRAWAL,10000.0,0.0,SUCCESS,0,2026-01-13 22:33:51
ATM70042,ATM001,BR114,Mumbai - Fort Main Branch ATM,CC20319,C1249,CASH_WITHDRAWAL,15000.0,0.0,SUCCESS,0,2024-12-28 18:36:59
ATM70043,ATM005,BR139,Bangalore - Indiranagar Branch ATM,CC20130,C1009,CASH_WITHDRAWAL,10000.0,0.0,FAILED_INCORRECT_PIN,55,2025-12-11 21:58:58
ATM70044,ATM009,BR127,Chennai - Anna Salai Branch ATM,CC20306,C1245,CASH_WITHDRAWAL,2000.0,21.0,FAILED_INCORRECT_PIN,55,2025-08-26 16:22:53
ATM70045,ATM012,BR109,Nagpur - Civil Lines Branch ATM,CC20134,C1324,CASH_WITHDRAWAL,500.0,0.0,SUCCESS,0,2025-03-16 14:18:22
ATM70046,ATM010,BR115,Ahmedabad - CG Road Branch ATM,CC20020,C1099,CASH_WITHDRAWAL,5000.0,0.0,SUCCESS,0,2025-10-15 17:46:25
ATM70047,ATM014,BR115,Delhi - IGI Airport Terminal 3 Offsite ATM,CC20328,C1289,PIN_CHANGE,0.0,0.0,SUCCESS,0,2026-03-04 20:07:12
ATM70048,ATM002,BR126,Mumbai - Nariman Point Kiosk,CC20166,C1179,CASH_WITHDRAWAL,20000.0,0.0,SUCCESS,0,2025-10-26 14:18:46
ATM70049,ATM001,BR142,Mumbai - Fort Main Branch ATM,CC20273,C1222,BALANCE_INQUIRY,0.0,0.0,SUCCESS,0,2024-04-25 04:57:01
ATM70050,ATM014,BR113,Delhi - IGI Airport Terminal 3 Offsite ATM,CC20387,C1393,BALANCE_INQUIRY,0.0,8.5,SUCCESS,0,2025-12-12 14:47:34
ATM70051,ATM010,BR132,Ahmedabad - CG Road Branch ATM,CC20088,C1249,CASH_DEPOSIT,25000.0,0.0,SUCCESS,0,2025-10-03 20:32:02
ATM70052,ATM013,BR139,Jaipur - MI Road Branch ATM,CC20315,C1146,CASH_WITHDRAWAL,25000.0,0.0,FAILED_ATM_OUT_OF_CASH,61,2025-01-28 00:36:52
ATM70053,ATM011,BR149,Kolkata - Park Street Branch ATM,CC20013,C1441,BALANCE_INQUIRY,0.0,8.5,SUCCESS,0,2024-11-20 14:02:54
ATM70054,ATM009,BR132,Chennai - Anna Salai Branch ATM,CC20241,C1095,CASH_DEPOSIT,25000.0,0.0,SUCCESS,0,2024-10-08 15:34:36
ATM70055,ATM010,BR104,Ahmedabad - CG Road Branch ATM,CC20264,C1256,MINI_STATEMENT,0.0,0.0,SUCCESS,0,2024-06-19 09:39:51
ATM70056,ATM009,BR130,Chennai - Anna Salai Branch ATM,CC20345,C1324,CASH_WITHDRAWAL,5000.0,0.0,SUCCESS,0,2025-04-13 14:24:59
ATM70057,ATM015,BR137,Mumbai - CSMT Railway Station Offsite ATM,CC20052,C1492,CASH_WITHDRAWAL,1000.0,0.0,SUCCESS,0,2024-04-23 20:41:35
ATM70058,ATM009,BR123,Chennai - Anna Salai Branch ATM,CC20385,C1003,CASH_WITHDRAWAL,10000.0,21.0,SUCCESS,0,2026-03-12 03:03:26
ATM70059,ATM006,BR139,Bangalore - Whitefield Offsite ATM,CC20339,C1015,CASH_WITHDRAWAL,10000.0,0.0,SUCCESS,0,2025-04-13 11:35:28
ATM70060,ATM015,BR145,Mumbai - CSMT Railway Station Offsite ATM,CC20091,C1279,CASH_WITHDRAWAL,2000.0,0.0,SUCCESS,0,2024-04-17 22:37:23
ATM70061,ATM008,BR115,Delhi - Connaught Place Branch ATM,CC20366,C1335,BALANCE_INQUIRY,0.0,8.5,SUCCESS,0,2025-09-15 01:57:54
ATM70062,ATM014,BR143,Delhi - IGI Airport Terminal 3 Offsite ATM,CC20263,C1246,PIN_CHANGE,0.0,0.0,SUCCESS,0,2025-06-13 14:52:46
ATM70063,ATM011,BR129,Kolkata - Park Street Branch ATM,CC20034,C1257,CASH_WITHDRAWAL,500.0,0.0,SUCCESS,0,2024-08-06 16:47:29
ATM70064,ATM015,BR136,Mumbai - CSMT Railway Station Offsite ATM,CC20205,C1496,PIN_CHANGE,0.0,0.0,SUCCESS,0,2026-01-23 01:51:41
ATM70065,ATM013,BR113,Jaipur - MI Road Branch ATM,CC20080,C1475,CASH_WITHDRAWAL,5000.0,21.0,SUCCESS,0,2024-03-05 06:38:55
ATM70066,ATM001,BR132,Mumbai - Fort Main Branch ATM,CC20049,C1383,BALANCE_INQUIRY,0.0,8.5,SUCCESS,0,2024-02-12 13:50:21
ATM70067,ATM010,BR107,Ahmedabad - CG Road Branch ATM,CC20359,C1159,MINI_STATEMENT,0.0,0.0,SUCCESS,0,2024-06-23 11:24:21
ATM70068,ATM004,BR122,Pune - Hinjewadi Tech Park ATM,CC20387,C1474,CASH_WITHDRAWAL,1000.0,0.0,SUCCESS,0,2024-09-09 01:22:42
ATM70069,ATM001,BR128,Mumbai - Fort Main Branch ATM,CC20001,C1339,CASH_WITHDRAWAL,10000.0,21.0,SUCCESS,0,2026-05-07 09:46:42
ATM70070,ATM008,BR102,Delhi - Connaught Place Branch ATM,CC20389,C1151,BALANCE_INQUIRY,0.0,0.0,SUCCESS,0,2024-12-18 10:29:33
ATM70071,ATM001,BR142,Mumbai - Fort Main Branch ATM,CC20053,C1395,CASH_WITHDRAWAL,20000.0,0.0,SUCCESS,0,2025-12-23 19:41:00
ATM70072,ATM003,BR145,Pune - MG Road Branch ATM,CC20105,C1177,CASH_WITHDRAWAL,20000.0,0.0,SUCCESS,0,2025-05-21 10:47:08
ATM70073,ATM013,BR106,Jaipur - MI Road Branch ATM,CC20259,C1162,PIN_CHANGE,0.0,0.0,FAILED_ATM_OUT_OF_CASH,61,2025-05-24 20:13:19
ATM70074,ATM004,BR128,Pune - Hinjewadi Tech Park ATM,CC20309,C1379,CASH_WITHDRAWAL,25000.0,0.0,SUCCESS,0,2025-05-02 23:30:41
ATM70075,ATM015,BR128,Mumbai - CSMT Railway Station Offsite ATM,CC20190,C1032,BALANCE_INQUIRY,0.0,0.0,SUCCESS,0,2024-10-29 16:09:16
ATM70076,ATM015,BR144,Mumbai - CSMT Railway Station Offsite ATM,CC20217,C1416,CASH_WITHDRAWAL,1000.0,0.0,SUCCESS,0,2026-05-25 15:46:04
ATM70077,ATM015,BR144,Mumbai - CSMT Railway Station Offsite ATM,CC20043,C1444,PIN_CHANGE,0.0,0.0,SUCCESS,0,2024-12-23 11:26:10
ATM70078,ATM008,BR120,Delhi - Connaught Place Branch ATM,CC20161,C1178,CASH_WITHDRAWAL,1000.0,0.0,SUCCESS,0,2025-12-14 22:37:27
ATM70079,ATM006,BR130,Bangalore - Whitefield Offsite ATM,CC20201,C1426,CASH_DEPOSIT,50000.0,0.0,SUCCESS,0,2024-02-01 00:46:46
ATM70080,ATM014,BR111,Delhi - IGI Airport Terminal 3 Offsite ATM,CC20269,C1100,BALANCE_INQUIRY,0.0,0.0,SUCCESS,0,2025-10-21 10:24:41
ATM70081,ATM010,BR128,Ahmedabad - CG Road Branch ATM,CC20350,C1267,CASH_WITHDRAWAL,10000.0,21.0,SUCCESS,0,2025-04-17 17:44:05
ATM70082,ATM012,BR125,Nagpur - Civil Lines Branch ATM,CC20303,C1322,CASH_WITHDRAWAL,20000.0,0.0,SUCCESS,0,2025-06-01 01:52:01
ATM70083,ATM007,BR139,Hyderabad - HITEC City Branch ATM,CC20270,C1064,CASH_DEPOSIT,5000.0,0.0,SUCCESS,0,2025-06-11 03:34:15
ATM70084,ATM014,BR133,Delhi - IGI Airport Terminal 3 Offsite ATM,CC20214,C1416,CASH_WITHDRAWAL,2000.0,0.0,SUCCESS,0,2025-11-28 22:57:50
ATM70085,ATM008,BR101,Delhi - Connaught Place Branch ATM,CC20251,C1167,CASH_WITHDRAWAL,1000.0,0.0,SUCCESS,0,2025-11-08 18:22:51
ATM70086,ATM002,BR127,Mumbai - Nariman Point Kiosk,CC20189,C1329,CASH_WITHDRAWAL,1000.0,21.0,FAILED_INCORRECT_PIN,55,2025-07-13 23:46:30
ATM70087,ATM013,BR113,Jaipur - MI Road Branch ATM,CC20295,C1042,CASH_WITHDRAWAL,25000.0,21.0,SUCCESS,0,2026-03-14 17:11:18
ATM70088,ATM010,BR141,Ahmedabad - CG Road Branch ATM,CC20212,C1043,BALANCE_INQUIRY,0.0,0.0,SUCCESS,0,2025-03-23 04:17:32
ATM70089,ATM014,BR103,Delhi - IGI Airport Terminal 3 Offsite ATM,CC20207,C1284,BALANCE_INQUIRY,0.0,0.0,SUCCESS,0,2025-01-17 02:55:48
ATM70090,ATM011,BR139,Kolkata - Park Street Branch ATM,CC20236,C1396,CASH_WITHDRAWAL,5000.0,0.0,SUCCESS,0,2024-12-27 20:10:40
ATM70091,ATM008,BR106,Delhi - Connaught Place Branch ATM,CC20337,C1011,CASH_WITHDRAWAL,2000.0,21.0,SUCCESS,0,2026-05-31 09:14:56
ATM70092,ATM003,BR108,Pune - MG Road Branch ATM,CC20366,C1094,CASH_WITHDRAWAL,15000.0,0.0,SUCCESS,0,2026-02-08 07:38:16
ATM70093,ATM007,BR127,Hyderabad - HITEC City Branch ATM,CC20052,C1301,CASH_WITHDRAWAL,10000.0,0.0,SUCCESS,0,2024-01-27 01:06:37
ATM70094,ATM003,BR109,Pune - MG Road Branch ATM,CC20279,C1385,CASH_WITHDRAWAL,15000.0,0.0,SUCCESS,0,2025-05-23 14:12:04
ATM70095,ATM015,BR137,Mumbai - CSMT Railway Station Offsite ATM,CC20216,C1252,MINI_STATEMENT,0.0,8.5,SUCCESS,0,2024-04-30 06:11:24
ATM70096,ATM007,BR133,Hyderabad - HITEC City Branch ATM,CC20251,C1498,BALANCE_INQUIRY,0.0,0.0,SUCCESS,0,2025-04-29 07:58:12
ATM70097,ATM014,BR142,Delhi - IGI Airport Terminal 3 Offsite ATM,CC20187,C1241,BALANCE_INQUIRY,0.0,8.5,SUCCESS,0,2025-11-30 03:06:28
ATM70098,ATM011,BR144,Kolkata - Park Street Branch ATM,CC20379,C1034,BALANCE_INQUIRY,0.0,0.0,SUCCESS,0,2025-05-05 17:04:18
ATM70099,ATM015,BR124,Mumbai - CSMT Railway Station Offsite ATM,CC20040,C1214,CASH_WITHDRAWAL,25000.0,21.0,SUCCESS,0,2025-04-22 18:53:12
ATM70100,ATM012,BR115,Nagpur - Civil Lines Branch ATM,CC20156,C1336,BALANCE_INQUIRY,0.0,0.0,SUCCESS,0,2024-01-18 01:02:22
ATM70101,ATM013,BR132,Jaipur - MI Road Branch ATM,CC20014,C1089,CASH_WITHDRAWAL,20000.0,21.0,SUCCESS,0,2025-11-09 23:54:56
ATM70102,ATM002,BR132,Mumbai - Nariman Point Kiosk,CC20300,C1263,CASH_WITHDRAWAL,5000.0,0.0,SUCCESS,0,2024-02-21 18:30:14
ATM70103,ATM010,BR124,Ahmedabad - CG Road Branch ATM,CC20064,C1092,CASH_WITHDRAWAL,15000.0,0.0,SUCCESS,0,2024-06-02 07:17:42
ATM70104,ATM006,BR141,Bangalore - Whitefield Offsite ATM,CC20344,C1409,CASH_WITHDRAWAL,15000.0,0.0,SUCCESS,0,2025-08-12 01:17:49
ATM70105,ATM003,BR149,Pune - MG Road Branch ATM,CC20326,C1457,BALANCE_INQUIRY,0.0,8.5,SUCCESS,0,2026-03-28 13:51:05
ATM70106,ATM003,BR149,Pune - MG Road Branch ATM,CC20008,C1089,CASH_WITHDRAWAL,10000.0,21.0,SUCCESS,0,2025-03-20 00:16:35
ATM70107,ATM015,BR112,Mumbai - CSMT Railway Station Offsite ATM,CC20343,C1417,CASH_WITHDRAWAL,2000.0,21.0,SUCCESS,0,2025-04-06 02:28:03
ATM70108,ATM009,BR139,Chennai - Anna Salai Branch ATM,CC20128,C1114,CASH_WITHDRAWAL,500.0,0.0,SUCCESS,0,2025-08-24 00:55:47
ATM70109,ATM007,BR102,Hyderabad - HITEC City Branch ATM,CC20135,C1104,CASH_WITHDRAWAL,15000.0,0.0,SUCCESS,0,2026-03-01 13:32:29
ATM70110,ATM005,BR103,Bangalore - Indiranagar Branch ATM,CC20062,C1390,BALANCE_INQUIRY,0.0,0.0,FAILED_INSUFFICIENT_FUNDS,51,2025-05-13 19:58:43
ATM70111,ATM012,BR149,Nagpur - Civil Lines Branch ATM,CC20138,C1195,CASH_WITHDRAWAL,500.0,0.0,SUCCESS,0,2025-03-09 11:30:22
ATM70112,ATM010,BR137,Ahmedabad - CG Road Branch ATM,CC20080,C1313,CASH_WITHDRAWAL,20000.0,0.0,SUCCESS,0,2024-02-09 05:14:05
ATM70113,ATM007,BR149,Hyderabad - HITEC City Branch ATM,CC20391,C1113,CASH_WITHDRAWAL,2000.0,0.0,SUCCESS,0,2025-06-08 00:43:38
ATM70114,ATM009,BR117,Chennai - Anna Salai Branch ATM,CC20162,C1492,CASH_WITHDRAWAL,500.0,0.0,SUCCESS,0,2024-04-04 16:55:35
ATM70115,ATM001,BR149,Mumbai - Fort Main Branch ATM,CC20288,C1074,PIN_CHANGE,0.0,0.0,SUCCESS,0,2024-04-28 00:28:14
ATM70116,ATM007,BR102,Hyderabad - HITEC City Branch ATM,CC20378,C1412,CASH_WITHDRAWAL,2000.0,0.0,SUCCESS,0,2024-05-30 07:52:45
ATM70117,ATM006,BR102,Bangalore - Whitefield Offsite ATM,CC20260,C1375,BALANCE_INQUIRY,0.0,0.0,FAILED_INSUFFICIENT_FUNDS,51,2024-12-13 13:58:57
ATM70118,ATM010,BR128,Ahmedabad - CG Road Branch ATM,CC20230,C1419,CASH_WITHDRAWAL,2000.0,0.0,SUCCESS,0,2025-03-14 20:38:41
ATM70119,ATM014,BR123,Delhi - IGI Airport Terminal 3 Offsite ATM,CC20040,C1216,CASH_WITHDRAWAL,15000.0,0.0,SUCCESS,0,2025-07-14 15:17:11
ATM70120,ATM012,BR137,Nagpur - Civil Lines Branch ATM,CC20027,C1276,MINI_STATEMENT,0.0,0.0,SUCCESS,0,2024-08-14 13:32:17
ATM70121,ATM009,BR132,Chennai - Anna Salai Branch ATM,CC20134,C1248,CASH_WITHDRAWAL,2000.0,0.0,SUCCESS,0,2024-05-27 17:12:30
ATM70122,ATM001,BR133,Mumbai - Fort Main Branch ATM,CC20200,C1163,CASH_WITHDRAWAL,25000.0,0.0,SUCCESS,0,2024-09-09 20:47:10
ATM70123,ATM013,BR101,Jaipur - MI Road Branch ATM,CC20327,C1393,BALANCE_INQUIRY,0.0,0.0,SUCCESS,0,2025-03-23 07:20:24
ATM70124,ATM004,BR119,Pune - Hinjewadi Tech Park ATM,CC20267,C1356,CASH_WITHDRAWAL,10000.0,21.0,SUCCESS,0,2024-01-07 16:42:06
ATM70125,ATM009,BR102,Chennai - Anna Salai Branch ATM,CC20032,C1456,PIN_CHANGE,0.0,0.0,SUCCESS,0,2024-03-17 12:43:28
ATM70126,ATM004,BR144,Pune - Hinjewadi Tech Park ATM,CC20047,C1407,CASH_WITHDRAWAL,10000.0,0.0,SUCCESS,0,2025-07-07 05:34:49
ATM70127,ATM010,BR126,Ahmedabad - CG Road Branch ATM,CC20061,C1191,MINI_STATEMENT,0.0,0.0,FAILED_INCORRECT_PIN,55,2024-03-28 19:41:16
ATM70128,ATM003,BR132,Pune - MG Road Branch ATM,CC20215,C1226,BALANCE_INQUIRY,0.0,0.0,SUCCESS,0,2026-02-14 13:48:09
ATM70129,ATM009,BR106,Chennai - Anna Salai Branch ATM,CC20292,C1176,CASH_WITHDRAWAL,20000.0,0.0,SUCCESS,0,2024-01-10 10:13:42
ATM70130,ATM013,BR132,Jaipur - MI Road Branch ATM,CC20098,C1098,MINI_STATEMENT,0.0,0.0,SUCCESS,0,2024-07-08 21:20:40
ATM70131,ATM002,BR104,Mumbai - Nariman Point Kiosk,CC20171,C1495,CASH_WITHDRAWAL,15000.0,21.0,SUCCESS,0,2024-05-26 13:42:03
ATM70132,ATM015,BR111,Mumbai - CSMT Railway Station Offsite ATM,CC20359,C1035,MINI_STATEMENT,0.0,8.5,FAILED_ATM_OUT_OF_CASH,61,2024-07-06 09:57:48
ATM70133,ATM004,BR117,Pune - Hinjewadi Tech Park ATM,CC20213,C1465,CASH_WITHDRAWAL,10000.0,21.0,SUCCESS,0,2025-02-08 18:14:34
ATM70134,ATM015,BR138,Mumbai - CSMT Railway Station Offsite ATM,CC20034,C1496,CASH_WITHDRAWAL,2000.0,0.0,SUCCESS,0,2025-12-07 14:45:12
ATM70135,ATM006,BR124,Bangalore - Whitefield Offsite ATM,CC20226,C1486,CASH_WITHDRAWAL,20000.0,0.0,SUCCESS,0,2026-03-30 10:04:48
ATM70136,ATM002,BR105,Mumbai - Nariman Point Kiosk,CC20100,C1095,CASH_WITHDRAWAL,20000.0,0.0,SUCCESS,0,2024-09-02 01:37:46
ATM70137,ATM015,BR134,Mumbai - CSMT Railway Station Offsite ATM,CC20130,C1151,CASH_WITHDRAWAL,2000.0,0.0,FAILED_TECHNICAL_ERROR,96,2024-05-03 11:56:56
ATM70138,ATM008,BR106,Delhi - Connaught Place Branch ATM,CC20256,C1150,PIN_CHANGE,0.0,0.0,FAILED_ATM_OUT_OF_CASH,61,2024-02-12 03:36:11
ATM70139,ATM008,BR122,Delhi - Connaught Place Branch ATM,CC20004,C1189,PIN_CHANGE,0.0,0.0,SUCCESS,0,2025-04-07 18:15:31
ATM70140,ATM001,BR111,Mumbai - Fort Main Branch ATM,CC20217,C1223,MINI_STATEMENT,0.0,0.0,SUCCESS,0,2025-01-16 21:32:19
ATM70141,ATM012,BR148,Nagpur - Civil Lines Branch ATM,CC20254,C1036,CASH_WITHDRAWAL,15000.0,0.0,SUCCESS,0,2024-02-17 05:10:41
ATM70142,ATM003,BR116,Pune - MG Road Branch ATM,CC20397,C1267,CASH_WITHDRAWAL,25000.0,0.0,SUCCESS,0,2026-04-18 17:14:54
ATM70143,ATM010,BR133,Ahmedabad - CG Road Branch ATM,CC20358,C1368,CASH_WITHDRAWAL,15000.0,0.0,SUCCESS,0,2024-09-29 14:26:58
ATM70144,ATM009,BR109,Chennai - Anna Salai Branch ATM,CC20282,C1182,CASH_WITHDRAWAL,20000.0,0.0,SUCCESS,0,2026-03-13 01:13:54
ATM70145,ATM005,BR106,Bangalore - Indiranagar Branch ATM,CC20392,C1012,CASH_WITHDRAWAL,25000.0,0.0,SUCCESS,0,2024-07-02 14:05:36
ATM70146,ATM006,BR116,Bangalore - Whitefield Offsite ATM,CC20206,C1278,CASH_WITHDRAWAL,5000.0,21.0,SUCCESS,0,2024-04-25 00:18:13
ATM70147,ATM004,BR129,Pune - Hinjewadi Tech Park ATM,CC20014,C1216,BALANCE_INQUIRY,0.0,0.0,FAILED_ATM_OUT_OF_CASH,61,2024-04-25 05:32:31
ATM70148,ATM010,BR103,Ahmedabad - CG Road Branch ATM,CC20345,C1354,CASH_WITHDRAWAL,10000.0,0.0,SUCCESS,0,2025-07-02 21:19:18
ATM70149,ATM002,BR120,Mumbai - Nariman Point Kiosk,CC20041,C1360,CASH_WITHDRAWAL,500.0,0.0,SUCCESS,0,2024-04-15 20:03:40
ATM70150,ATM011,BR136,Kolkata - Park Street Branch ATM,CC20379,C1285,CASH_WITHDRAWAL,20000.0,0.0,FAILED_INSUFFICIENT_FUNDS,51,2025-09-20 18:36:16
ATM70151,ATM008,BR119,Delhi - Connaught Place Branch ATM,CC20178,C1272,CASH_WITHDRAWAL,1000.0,21.0,SUCCESS,0,2025-01-18 08:37:46
ATM70152,ATM011,BR126,Kolkata - Park Street Branch ATM,CC20062,C1368,CASH_WITHDRAWAL,20000.0,21.0,SUCCESS,0,2024-01-25 18:58:32
ATM70153,ATM013,BR103,Jaipur - MI Road Branch ATM,CC20351,C1061,CASH_DEPOSIT,2000.0,0.0,FAILED_ATM_OUT_OF_CASH,61,2026-03-24 02:46:15
ATM70154,ATM006,BR119,Bangalore - Whitefield Offsite ATM,CC20230,C1083,CASH_WITHDRAWAL,1000.0,0.0,FAILED_INSUFFICIENT_FUNDS,51,2024-08-04 21:35:05
ATM70155,ATM005,BR120,Bangalore - Indiranagar Branch ATM,CC20240,C1367,CASH_WITHDRAWAL,25000.0,21.0,SUCCESS,0,2025-12-02 16:51:58
ATM70156,ATM009,BR132,Chennai - Anna Salai Branch ATM,CC20051,C1216,CASH_WITHDRAWAL,5000.0,0.0,SUCCESS,0,2025-06-16 01:17:10
ATM70157,ATM001,BR107,Mumbai - Fort Main Branch ATM,CC20095,C1341,BALANCE_INQUIRY,0.0,8.5,SUCCESS,0,2024-07-29 08:14:12
ATM70158,ATM005,BR141,Bangalore - Indiranagar Branch ATM,CC20387,C1396,CASH_DEPOSIT,25000.0,0.0,SUCCESS,0,2024-01-26 09:54:50
ATM70159,ATM006,BR133,Bangalore - Whitefield Offsite ATM,CC20221,C1186,BALANCE_INQUIRY,0.0,0.0,SUCCESS,0,2025-05-18 20:01:16
ATM70160,ATM005,BR140,Bangalore - Indiranagar Branch ATM,CC20230,C1018,BALANCE_INQUIRY,0.0,0.0,SUCCESS,0,2025-07-02 16:35:55
ATM70161,ATM006,BR139,Bangalore - Whitefield Offsite ATM,CC20236,C1176,CASH_WITHDRAWAL,2000.0,0.0,SUCCESS,0,2024-08-16 16:47:06
ATM70162,ATM006,BR118,Bangalore - Whitefield Offsite ATM,CC20142,C1099,CASH_WITHDRAWAL,15000.0,21.0,SUCCESS,0,2025-10-21 18:57:20
ATM70163,ATM007,BR140,Hyderabad - HITEC City Branch ATM,CC20170,C1395,MINI_STATEMENT,0.0,8.5,SUCCESS,0,2026-01-17 16:00:46
ATM70164,ATM004,BR101,Pune - Hinjewadi Tech Park ATM,CC20028,C1444,BALANCE_INQUIRY,0.0,0.0,SUCCESS,0,2024-11-18 05:41:44
ATM70165,ATM014,BR111,Delhi - IGI Airport Terminal 3 Offsite ATM,CC20035,C1232,CASH_WITHDRAWAL,500.0,0.0,SUCCESS,0,2026-04-15 05:49:17
ATM70166,ATM011,BR128,Kolkata - Park Street Branch ATM,CC20012,C1402,BALANCE_INQUIRY,0.0,0.0,FAILED_INSUFFICIENT_FUNDS,51,2025-07-31 09:08:36
ATM70167,ATM014,BR125,Delhi - IGI Airport Terminal 3 Offsite ATM,CC20159,C1075,BALANCE_INQUIRY,0.0,0.0,SUCCESS,0,2024-11-26 21:38:27
ATM70168,ATM014,BR150,Delhi - IGI Airport Terminal 3 Offsite ATM,CC20326,C1264,CASH_WITHDRAWAL,1000.0,21.0,SUCCESS,0,2024-01-29 12:38:42
ATM70169,ATM014,BR123,Delhi - IGI Airport Terminal 3 Offsite ATM,CC20186,C1454,CASH_DEPOSIT,2000.0,0.0,SUCCESS,0,2025-04-09 06:44:34
ATM70170,ATM015,BR131,Mumbai - CSMT Railway Station Offsite ATM,CC20242,C1283,MINI_STATEMENT,0.0,0.0,SUCCESS,0,2026-04-21 21:27:05
ATM70171,ATM008,BR130,Delhi - Connaught Place Branch ATM,CC20085,C1205,CASH_WITHDRAWAL,10000.0,0.0,SUCCESS,0,2025-07-03 16:47:12
ATM70172,ATM007,BR142,Hyderabad - HITEC City Branch ATM,CC20283,C1222,BALANCE_INQUIRY,0.0,0.0,SUCCESS,0,2026-03-21 07:12:36
ATM70173,ATM009,BR135,Chennai - Anna Salai Branch ATM,CC20065,C1383,CASH_WITHDRAWAL,5000.0,0.0,SUCCESS,0,2025-05-18 01:46:14
ATM70174,ATM007,BR107,Hyderabad - HITEC City Branch ATM,CC20169,C1051,BALANCE_INQUIRY,0.0,0.0,SUCCESS,0,2024-01-20 22:35:07
ATM70175,ATM003,BR116,Pune - MG Road Branch ATM,CC20044,C1338,CASH_WITHDRAWAL,1000.0,21.0,SUCCESS,0,2024-12-24 19:05:06
ATM70176,ATM003,BR126,Pune - MG Road Branch ATM,CC20061,C1366,CASH_WITHDRAWAL,1000.0,0.0,SUCCESS,0,2026-05-06 09:14:23
ATM70177,ATM015,BR148,Mumbai - CSMT Railway Station Offsite ATM,CC20133,C1143,CASH_DEPOSIT,5000.0,0.0,SUCCESS,0,2025-04-13 11:26:55
ATM70178,ATM008,BR149,Delhi - Connaught Place Branch ATM,CC20283,C1372,CASH_WITHDRAWAL,10000.0,0.0,SUCCESS,0,2024-05-23 05:28:08
ATM70179,ATM005,BR102,Bangalore - Indiranagar Branch ATM,CC20027,C1068,CASH_WITHDRAWAL,2000.0,21.0,SUCCESS,0,2026-01-25 22:16:38
ATM70180,ATM004,BR101,Pune - Hinjewadi Tech Park ATM,CC20107,C1098,CASH_WITHDRAWAL,500.0,0.0,SUCCESS,0,2026-05-23 06:59:52
ATM70181,ATM008,BR148,Delhi - Connaught Place Branch ATM,CC20043,C1395,CASH_WITHDRAWAL,500.0,0.0,SUCCESS,0,2025-05-24 18:00:49
ATM70182,ATM015,BR112,Mumbai - CSMT Railway Station Offsite ATM,CC20339,C1024,BALANCE_INQUIRY,0.0,0.0,SUCCESS,0,2025-04-26 04:33:16
ATM70183,ATM006,BR105,Bangalore - Whitefield Offsite ATM,CC20285,C1435,CASH_WITHDRAWAL,2000.0,0.0,SUCCESS,0,2025-04-19 14:36:19
ATM70184,ATM002,BR137,Mumbai - Nariman Point Kiosk,CC20330,C1378,CASH_WITHDRAWAL,25000.0,0.0,FAILED_TECHNICAL_ERROR,96,2024-11-23 23:43:26
ATM70185,ATM004,BR132,Pune - Hinjewadi Tech Park ATM,CC20127,C1468,CASH_WITHDRAWAL,500.0,0.0,SUCCESS,0,2024-02-14 22:17:37
ATM70186,ATM012,BR109,Nagpur - Civil Lines Branch ATM,CC20347,C1483,BALANCE_INQUIRY,0.0,0.0,SUCCESS,0,2024-02-24 20:30:00
ATM70187,ATM011,BR141,Kolkata - Park Street Branch ATM,CC20230,C1052,BALANCE_INQUIRY,0.0,0.0,SUCCESS,0,2024-06-24 13:36:10
ATM70188,ATM004,BR135,Pune - Hinjewadi Tech Park ATM,CC20189,C1150,CASH_WITHDRAWAL,1000.0,0.0,SUCCESS,0,2025-08-06 21:57:09
ATM70189,ATM015,BR119,Mumbai - CSMT Railway Station Offsite ATM,CC20224,C1143,CASH_WITHDRAWAL,20000.0,0.0,SUCCESS,0,2024-09-13 08:13:43
ATM70190,ATM006,BR148,Bangalore - Whitefield Offsite ATM,CC20384,C1056,CASH_WITHDRAWAL,2000.0,0.0,SUCCESS,0,2026-01-15 04:28:19
ATM70191,ATM006,BR116,Bangalore - Whitefield Offsite ATM,CC20376,C1038,CASH_WITHDRAWAL,10000.0,21.0,SUCCESS,0,2024-07-18 23:40:06
ATM70192,ATM001,BR103,Mumbai - Fort Main Branch ATM,CC20282,C1108,BALANCE_INQUIRY,0.0,0.0,SUCCESS,0,2025-11-27 01:11:08
ATM70193,ATM014,BR120,Delhi - IGI Airport Terminal 3 Offsite ATM,CC20120,C1180,CASH_WITHDRAWAL,20000.0,0.0,SUCCESS,0,2024-08-21 01:48:28
ATM70194,ATM008,BR124,Delhi - Connaught Place Branch ATM,CC20115,C1041,CASH_WITHDRAWAL,15000.0,0.0,SUCCESS,0,2025-11-29 12:03:45
ATM70195,ATM006,BR133,Bangalore - Whitefield Offsite ATM,CC20232,C1185,CASH_WITHDRAWAL,1000.0,0.0,FAILED_INSUFFICIENT_FUNDS,51,2025-07-30 16:24:55
ATM70196,ATM003,BR124,Pune - MG Road Branch ATM,CC20258,C1422,PIN_CHANGE,0.0,8.5,SUCCESS,0,2024-02-06 00:04:51
ATM70197,ATM014,BR111,Delhi - IGI Airport Terminal 3 Offsite ATM,CC20358,C1397,CASH_WITHDRAWAL,10000.0,0.0,SUCCESS,0,2024-06-04 11:03:55
ATM70198,ATM009,BR149,Chennai - Anna Salai Branch ATM,CC20197,C1222,CASH_WITHDRAWAL,25000.0,0.0,SUCCESS,0,2024-10-17 09:32:53
ATM70199,ATM002,BR108,Mumbai - Nariman Point Kiosk,CC20136,C1121,CASH_WITHDRAWAL,5000.0,0.0,FAILED_INSUFFICIENT_FUNDS,51,2025-08-05 08:52:05
ATM70200,ATM015,BR136,Mumbai - CSMT Railway Station Offsite ATM,CC20317,C1132,CASH_WITHDRAWAL,25000.0,0.0,SUCCESS,0,2026-04-08 22:20:48
ATM70201,ATM011,BR138,Kolkata - Park Street Branch ATM,CC20164,C1162,BALANCE_INQUIRY,0.0,0.0,SUCCESS,0,2026-01-26 08:12:19
ATM70202,ATM008,BR140,Delhi - Connaught Place Branch ATM,CC20224,C1214,CASH_WITHDRAWAL,20000.0,0.0,SUCCESS,0,2024-11-02 04:41:31
ATM70203,ATM010,BR120,Ahmedabad - CG Road Branch ATM,CC20306,C1220,BALANCE_INQUIRY,0.0,0.0,SUCCESS,0,2025-08-07 10:35:22
ATM70204,ATM003,BR135,Pune - MG Road Branch ATM,CC20233,C1234,BALANCE_INQUIRY,0.0,0.0,SUCCESS,0,2025-06-11 18:10:20
ATM70205,ATM013,BR148,Jaipur - MI Road Branch ATM,CC20171,C1330,CASH_WITHDRAWAL,10000.0,0.0,SUCCESS,0,2025-06-21 08:09:20
ATM70206,ATM012,BR125,Nagpur - Civil Lines Branch ATM,CC20151,C1145,CASH_WITHDRAWAL,25000.0,0.0,SUCCESS,0,2024-02-08 01:04:53
ATM70207,ATM005,BR135,Bangalore - Indiranagar Branch ATM,CC20314,C1238,PIN_CHANGE,0.0,8.5,SUCCESS,0,2026-02-27 11:59:05
ATM70208,ATM006,BR125,Bangalore - Whitefield Offsite ATM,CC20373,C1075,CASH_WITHDRAWAL,1000.0,0.0,SUCCESS,0,2025-09-16 03:34:12
ATM70209,ATM010,BR129,Ahmedabad - CG Road Branch ATM,CC20159,C1008,CASH_WITHDRAWAL,5000.0,0.0,SUCCESS,0,2026-05-24 12:52:59
ATM70210,ATM006,BR118,Bangalore - Whitefield Offsite ATM,CC20095,C1073,CASH_DEPOSIT,10000.0,0.0,SUCCESS,0,2024-10-31 01:38:54
ATM70211,ATM004,BR146,Pune - Hinjewadi Tech Park ATM,CC20232,C1441,CASH_WITHDRAWAL,15000.0,0.0,SUCCESS,0,2024-01-28 01:32:57
ATM70212,ATM003,BR118,Pune - MG Road Branch ATM,CC20179,C1491,CASH_WITHDRAWAL,20000.0,0.0,SUCCESS,0,2025-12-31 09:53:49
ATM70213,ATM004,BR102,Pune - Hinjewadi Tech Park ATM,CC20112,C1400,CASH_WITHDRAWAL,15000.0,0.0,SUCCESS,0,2024-07-22 12:23:00
ATM70214,ATM001,BR135,Mumbai - Fort Main Branch ATM,CC20317,C1252,MINI_STATEMENT,0.0,0.0,SUCCESS,0,2024-08-27 12:56:05
ATM70215,ATM004,BR116,Pune - Hinjewadi Tech Park ATM,CC20051,C1229,CASH_WITHDRAWAL,15000.0,0.0,FAILED_INCORRECT_PIN,55,2025-07-18 00:15:09
ATM70216,ATM001,BR141,Mumbai - Fort Main Branch ATM,CC20267,C1006,CASH_WITHDRAWAL,15000.0,0.0,SUCCESS,0,2025-01-02 11:48:25
ATM70217,ATM012,BR136,Nagpur - Civil Lines Branch ATM,CC20294,C1173,CASH_WITHDRAWAL,5000.0,21.0,SUCCESS,0,2024-01-09 12:59:14
ATM70218,ATM015,BR133,Mumbai - CSMT Railway Station Offsite ATM,CC20385,C1140,CASH_WITHDRAWAL,10000.0,0.0,FAILED_ATM_OUT_OF_CASH,61,2026-05-17 11:09:54
ATM70219,ATM001,BR104,Mumbai - Fort Main Branch ATM,CC20386,C1167,CASH_WITHDRAWAL,500.0,0.0,SUCCESS,0,2026-05-31 23:57:25
ATM70220,ATM010,BR133,Ahmedabad - CG Road Branch ATM,CC20112,C1169,CASH_WITHDRAWAL,1000.0,0.0,SUCCESS,0,2024-03-09 16:24:21
ATM70221,ATM014,BR114,Delhi - IGI Airport Terminal 3 Offsite ATM,CC20100,C1392,CASH_WITHDRAWAL,500.0,21.0,SUCCESS,0,2026-04-08 22:17:23
ATM70222,ATM006,BR121,Bangalore - Whitefield Offsite ATM,CC20112,C1433,CASH_WITHDRAWAL,5000.0,0.0,FAILED_ATM_OUT_OF_CASH,61,2025-05-08 07:34:47
ATM70223,ATM005,BR148,Bangalore - Indiranagar Branch ATM,CC20080,C1282,CASH_WITHDRAWAL,5000.0,21.0,SUCCESS,0,2024-10-30 13:20:28
ATM70224,ATM014,BR120,Delhi - IGI Airport Terminal 3 Offsite ATM,CC20186,C1121,CASH_WITHDRAWAL,2000.0,21.0,SUCCESS,0,2024-05-11 14:00:56
ATM70225,ATM011,BR108,Kolkata - Park Street Branch ATM,CC20112,C1193,CASH_WITHDRAWAL,10000.0,0.0,SUCCESS,0,2025-06-01 07:49:13
ATM70226,ATM015,BR107,Mumbai - CSMT Railway Station Offsite ATM,CC20001,C1004,CASH_WITHDRAWAL,2000.0,0.0,SUCCESS,0,2025-09-03 21:14:40
ATM70227,ATM004,BR103,Pune - Hinjewadi Tech Park ATM,CC20129,C1028,BALANCE_INQUIRY,0.0,8.5,SUCCESS,0,2026-05-15 21:32:38
ATM70228,ATM013,BR117,Jaipur - MI Road Branch ATM,CC20219,C1164,CASH_WITHDRAWAL,25000.0,21.0,SUCCESS,0,2026-05-07 15:11:11
ATM70229,ATM011,BR133,Kolkata - Park Street Branch ATM,CC20053,C1421,CASH_WITHDRAWAL,500.0,21.0,SUCCESS,0,2024-02-22 11:04:48
ATM70230,ATM003,BR148,Pune - MG Road Branch ATM,CC20342,C1338,CASH_WITHDRAWAL,10000.0,0.0,SUCCESS,0,2024-11-20 00:35:39
ATM70231,ATM001,BR112,Mumbai - Fort Main Branch ATM,CC20223,C1135,PIN_CHANGE,0.0,0.0,SUCCESS,0,2024-12-27 02:04:41
ATM70232,ATM006,BR122,Bangalore - Whitefield Offsite ATM,CC20224,C1495,BALANCE_INQUIRY,0.0,0.0,SUCCESS,0,2025-10-27 02:26:19
ATM70233,ATM002,BR122,Mumbai - Nariman Point Kiosk,CC20384,C1364,CASH_WITHDRAWAL,25000.0,0.0,SUCCESS,0,2024-01-28 08:26:02
ATM70234,ATM008,BR146,Delhi - Connaught Place Branch ATM,CC20125,C1320,CASH_WITHDRAWAL,25000.0,0.0,SUCCESS,0,2025-10-01 01:05:57
ATM70235,ATM010,BR130,Ahmedabad - CG Road Branch ATM,CC20129,C1341,MINI_STATEMENT,0.0,0.0,SUCCESS,0,2026-04-22 11:21:24
ATM70236,ATM005,BR138,Bangalore - Indiranagar Branch ATM,CC20052,C1499,CASH_WITHDRAWAL,10000.0,0.0,SUCCESS,0,2025-11-21 05:22:49
ATM70237,ATM007,BR138,Hyderabad - HITEC City Branch ATM,CC20171,C1144,CASH_WITHDRAWAL,500.0,0.0,SUCCESS,0,2025-01-11 19:40:30
ATM70238,ATM010,BR145,Ahmedabad - CG Road Branch ATM,CC20217,C1326,CASH_WITHDRAWAL,10000.0,0.0,SUCCESS,0,2026-02-13 15:02:29
ATM70239,ATM012,BR108,Nagpur - Civil Lines Branch ATM,CC20159,C1216,CASH_WITHDRAWAL,10000.0,0.0,SUCCESS,0,2026-05-22 12:47:27
ATM70240,ATM002,BR127,Mumbai - Nariman Point Kiosk,CC20197,C1300,MINI_STATEMENT,0.0,0.0,SUCCESS,0,2025-08-22 10:29:08
ATM70241,ATM013,BR127,Jaipur - MI Road Branch ATM,CC20246,C1131,BALANCE_INQUIRY,0.0,0.0,SUCCESS,0,2024-08-12 08:40:38
ATM70242,ATM008,BR134,Delhi - Connaught Place Branch ATM,CC20323,C1291,CASH_WITHDRAWAL,2000.0,0.0,SUCCESS,0,2024-08-04 00:29:39
ATM70243,ATM002,BR121,Mumbai - Nariman Point Kiosk,CC20202,C1069,CASH_WITHDRAWAL,20000.0,21.0,SUCCESS,0,2026-04-18 02:43:04
ATM70244,ATM004,BR130,Pune - Hinjewadi Tech Park ATM,CC20183,C1251,CASH_DEPOSIT,5000.0,0.0,SUCCESS,0,2025-02-09 02:52:59
ATM70245,ATM001,BR133,Mumbai - Fort Main Branch ATM,CC20122,C1414,PIN_CHANGE,0.0,0.0,SUCCESS,0,2024-03-08 06:56:15
ATM70246,ATM015,BR128,Mumbai - CSMT Railway Station Offsite ATM,CC20254,C1274,CASH_WITHDRAWAL,2000.0,21.0,FAILED_ATM_OUT_OF_CASH,61,2024-10-05 00:07:43
ATM70247,ATM005,BR147,Bangalore - Indiranagar Branch ATM,CC20293,C1444,MINI_STATEMENT,0.0,0.0,SUCCESS,0,2024-12-01 21:49:40
ATM70248,ATM009,BR133,Chennai - Anna Salai Branch ATM,CC20279,C1363,CASH_DEPOSIT,25000.0,0.0,SUCCESS,0,2026-05-01 15:18:36
ATM70249,ATM001,BR105,Mumbai - Fort Main Branch ATM,CC20324,C1181,BALANCE_INQUIRY,0.0,8.5,SUCCESS,0,2024-09-27 15:28:06
ATM70250,ATM009,BR148,Chennai - Anna Salai Branch ATM,CC20371,C1166,CASH_WITHDRAWAL,1000.0,0.0,SUCCESS,0,2024-07-30 12:32:35
ATM70251,ATM011,BR119,Kolkata - Park Street Branch ATM,CC20097,C1090,CASH_WITHDRAWAL,500.0,0.0,SUCCESS,0,2024-06-13 13:58:06
ATM70252,ATM015,BR104,Mumbai - CSMT Railway Station Offsite ATM,CC20197,C1201,PIN_CHANGE,0.0,8.5,SUCCESS,0,2026-02-20 02:38:23
ATM70253,ATM008,BR135,Delhi - Connaught Place Branch ATM,CC20394,C1345,CASH_WITHDRAWAL,2000.0,0.0,SUCCESS,0,2026-05-08 03:41:59
ATM70254,ATM006,BR149,Bangalore - Whitefield Offsite ATM,CC20239,C1018,PIN_CHANGE,0.0,0.0,SUCCESS,0,2024-04-06 20:32:32
ATM70255,ATM007,BR117,Hyderabad - HITEC City Branch ATM,CC20143,C1038,CASH_WITHDRAWAL,15000.0,21.0,SUCCESS,0,2025-09-08 05:40:38
ATM70256,ATM003,BR144,Pune - MG Road Branch ATM,CC20096,C1125,CASH_WITHDRAWAL,25000.0,0.0,SUCCESS,0,2025-05-06 20:17:59
ATM70257,ATM014,BR128,Delhi - IGI Airport Terminal 3 Offsite ATM,CC20200,C1450,CASH_WITHDRAWAL,15000.0,0.0,SUCCESS,0,2024-06-07 19:36:34
ATM70258,ATM015,BR130,Mumbai - CSMT Railway Station Offsite ATM,CC20123,C1172,CASH_WITHDRAWAL,10000.0,0.0,SUCCESS,0,2025-04-16 12:28:24
ATM70259,ATM001,BR129,Mumbai - Fort Main Branch ATM,CC20186,C1140,MINI_STATEMENT,0.0,0.0,SUCCESS,0,2025-04-19 07:48:49
ATM70260,ATM005,BR146,Bangalore - Indiranagar Branch ATM,CC20325,C1241,BALANCE_INQUIRY,0.0,0.0,SUCCESS,0,2026-01-31 21:54:35
ATM70261,ATM014,BR106,Delhi - IGI Airport Terminal 3 Offsite ATM,CC20348,C1219,BALANCE_INQUIRY,0.0,8.5,SUCCESS,0,2024-08-19 04:42:52
ATM70262,ATM012,BR135,Nagpur - Civil Lines Branch ATM,CC20258,C1125,CASH_WITHDRAWAL,1000.0,0.0,SUCCESS,0,2024-09-08 12:36:38
ATM70263,ATM012,BR141,Nagpur - Civil Lines Branch ATM,CC20147,C1057,CASH_WITHDRAWAL,500.0,0.0,SUCCESS,0,2026-02-04 03:42:35
ATM70264,ATM002,BR137,Mumbai - Nariman Point Kiosk,CC20251,C1147,CASH_WITHDRAWAL,10000.0,21.0,FAILED_INCORRECT_PIN,55,2024-09-16 16:51:20
ATM70265,ATM014,BR124,Delhi - IGI Airport Terminal 3 Offsite ATM,CC20345,C1475,CASH_WITHDRAWAL,5000.0,0.0,SUCCESS,0,2024-07-14 20:03:16
ATM70266,ATM005,BR129,Bangalore - Indiranagar Branch ATM,CC20146,C1455,CASH_WITHDRAWAL,500.0,0.0,SUCCESS,0,2025-10-19 18:47:13
ATM70267,ATM008,BR149,Delhi - Connaught Place Branch ATM,CC20147,C1316,CASH_WITHDRAWAL,15000.0,21.0,SUCCESS,0,2025-10-13 10:55:23
ATM70268,ATM011,BR146,Kolkata - Park Street Branch ATM,CC20351,C1382,CASH_WITHDRAWAL,5000.0,0.0,FAILED_INSUFFICIENT_FUNDS,51,2026-05-18 23:53:52
ATM70269,ATM009,BR131,Chennai - Anna Salai Branch ATM,CC20198,C1360,CASH_WITHDRAWAL,500.0,21.0,SUCCESS,0,2024-11-25 15:24:42
ATM70270,ATM002,BR135,Mumbai - Nariman Point Kiosk,CC20307,C1422,CASH_DEPOSIT,50000.0,0.0,SUCCESS,0,2024-12-07 20:49:29
ATM70271,ATM012,BR133,Nagpur - Civil Lines Branch ATM,CC20127,C1000,PIN_CHANGE,0.0,0.0,SUCCESS,0,2025-02-18 05:45:15
ATM70272,ATM003,BR121,Pune - MG Road Branch ATM,CC20038,C1386,CASH_WITHDRAWAL,25000.0,0.0,SUCCESS,0,2026-02-24 13:38:49
ATM70273,ATM003,BR132,Pune - MG Road Branch ATM,CC20337,C1460,CASH_WITHDRAWAL,5000.0,0.0,SUCCESS,0,2024-06-20 05:22:32
ATM70274,ATM001,BR123,Mumbai - Fort Main Branch ATM,CC20359,C1347,BALANCE_INQUIRY,0.0,8.5,FAILED_INCORRECT_PIN,55,2024-01-04 13:43:37
ATM70275,ATM008,BR133,Delhi - Connaught Place Branch ATM,CC20128,C1189,CASH_WITHDRAWAL,5000.0,21.0,SUCCESS,0,2024-05-11 14:02:34
ATM70276,ATM006,BR103,Bangalore - Whitefield Offsite ATM,CC20266,C1190,PIN_CHANGE,0.0,0.0,SUCCESS,0,2026-02-24 08:13:32
ATM70277,ATM012,BR118,Nagpur - Civil Lines Branch ATM,CC20150,C1368,PIN_CHANGE,0.0,0.0,SUCCESS,0,2025-10-03 10:15:40
ATM70278,ATM013,BR125,Jaipur - MI Road Branch ATM,CC20297,C1408,CASH_WITHDRAWAL,20000.0,0.0,SUCCESS,0,2025-06-28 13:28:07
ATM70279,ATM008,BR142,Delhi - Connaught Place Branch ATM,CC20098,C1311,CASH_WITHDRAWAL,1000.0,0.0,SUCCESS,0,2024-01-09 11:57:55
ATM70280,ATM011,BR131,Kolkata - Park Street Branch ATM,CC20262,C1416,CASH_WITHDRAWAL,20000.0,0.0,SUCCESS,0,2025-10-16 11:18:06
ATM70281,ATM009,BR103,Chennai - Anna Salai Branch ATM,CC20251,C1421,CASH_WITHDRAWAL,10000.0,0.0,SUCCESS,0,2025-01-14 08:10:06
ATM70282,ATM005,BR140,Bangalore - Indiranagar Branch ATM,CC20143,C1116,CASH_WITHDRAWAL,1000.0,0.0,FAILED_ATM_OUT_OF_CASH,61,2025-05-07 09:05:46
ATM70283,ATM014,BR146,Delhi - IGI Airport Terminal 3 Offsite ATM,CC20345,C1133,PIN_CHANGE,0.0,0.0,SUCCESS,0,2024-03-12 16:37:04
ATM70284,ATM012,BR124,Nagpur - Civil Lines Branch ATM,CC20111,C1057,CASH_WITHDRAWAL,2000.0,0.0,SUCCESS,0,2025-05-06 21:29:18
ATM70285,ATM014,BR150,Delhi - IGI Airport Terminal 3 Offsite ATM,CC20059,C1043,CASH_WITHDRAWAL,1000.0,0.0,SUCCESS,0,2025-07-12 12:53:07
ATM70286,ATM003,BR132,Pune - MG Road Branch ATM,CC20368,C1172,MINI_STATEMENT,0.0,0.0,FAILED_ATM_OUT_OF_CASH,61,2025-04-05 01:03:19
ATM70287,ATM005,BR147,Bangalore - Indiranagar Branch ATM,CC20001,C1159,BALANCE_INQUIRY,0.0,8.5,SUCCESS,0,2024-11-05 18:04:37
ATM70288,ATM005,BR122,Bangalore - Indiranagar Branch ATM,CC20384,C1172,CASH_WITHDRAWAL,10000.0,0.0,SUCCESS,0,2024-03-02 13:18:51
ATM70289,ATM005,BR123,Bangalore - Indiranagar Branch ATM,CC20303,C1316,CASH_WITHDRAWAL,20000.0,21.0,FAILED_INSUFFICIENT_FUNDS,51,2025-01-10 23:01:12
ATM70290,ATM003,BR102,Pune - MG Road Branch ATM,CC20253,C1302,CASH_WITHDRAWAL,2000.0,0.0,SUCCESS,0,2026-01-22 16:05:02
ATM70291,ATM011,BR127,Kolkata - Park Street Branch ATM,CC20139,C1148,BALANCE_INQUIRY,0.0,0.0,SUCCESS,0,2024-05-04 06:18:21
ATM70292,ATM014,BR142,Delhi - IGI Airport Terminal 3 Offsite ATM,CC20036,C1079,CASH_WITHDRAWAL,5000.0,0.0,SUCCESS,0,2024-05-09 01:49:13
ATM70293,ATM010,BR102,Ahmedabad - CG Road Branch ATM,CC20159,C1373,CASH_WITHDRAWAL,2000.0,0.0,FAILED_INSUFFICIENT_FUNDS,51,2025-01-24 19:22:44
ATM70294,ATM014,BR126,Delhi - IGI Airport Terminal 3 Offsite ATM,CC20008,C1212,CASH_DEPOSIT,25000.0,0.0,SUCCESS,0,2024-10-21 08:58:27
ATM70295,ATM004,BR117,Pune - Hinjewadi Tech Park ATM,CC20232,C1202,CASH_WITHDRAWAL,500.0,0.0,SUCCESS,0,2025-07-25 17:07:52
ATM70296,ATM009,BR140,Chennai - Anna Salai Branch ATM,CC20098,C1251,PIN_CHANGE,0.0,8.5,SUCCESS,0,2025-05-20 17:22:18
ATM70297,ATM013,BR133,Jaipur - MI Road Branch ATM,CC20146,C1228,CASH_DEPOSIT,2000.0,0.0,SUCCESS,0,2025-10-23 20:00:55
ATM70298,ATM010,BR109,Ahmedabad - CG Road Branch ATM,CC20303,C1163,CASH_WITHDRAWAL,10000.0,0.0,SUCCESS,0,2025-04-06 01:19:49
ATM70299,ATM009,BR143,Chennai - Anna Salai Branch ATM,CC20207,C1226,PIN_CHANGE,0.0,0.0,SUCCESS,0,2025-04-11 21:18:24
ATM70300,ATM002,BR148,Mumbai - Nariman Point Kiosk,CC20130,C1146,CASH_WITHDRAWAL,5000.0,0.0,SUCCESS,0,2025-07-05 04:51:45
ATM70301,ATM008,BR139,Delhi - Connaught Place Branch ATM,CC20151,C1019,MINI_STATEMENT,0.0,8.5,SUCCESS,0,2025-06-06 20:11:11
ATM70302,ATM008,BR129,Delhi - Connaught Place Branch ATM,CC20053,C1440,CASH_WITHDRAWAL,1000.0,0.0,SUCCESS,0,2024-01-31 00:05:16
ATM70303,ATM007,BR142,Hyderabad - HITEC City Branch ATM,CC20119,C1401,BALANCE_INQUIRY,0.0,8.5,SUCCESS,0,2025-07-29 04:58:33
ATM70304,ATM008,BR126,Delhi - Connaught Place Branch ATM,CC20160,C1046,CASH_WITHDRAWAL,15000.0,0.0,SUCCESS,0,2025-11-13 23:31:16
ATM70305,ATM014,BR135,Delhi - IGI Airport Terminal 3 Offsite ATM,CC20115,C1232,PIN_CHANGE,0.0,0.0,SUCCESS,0,2025-06-23 13:44:29
ATM70306,ATM003,BR150,Pune - MG Road Branch ATM,CC20074,C1304,BALANCE_INQUIRY,0.0,0.0,SUCCESS,0,2026-02-14 23:01:33
ATM70307,ATM013,BR125,Jaipur - MI Road Branch ATM,CC20112,C1013,CASH_WITHDRAWAL,15000.0,21.0,SUCCESS,0,2026-01-31 21:59:37
ATM70308,ATM006,BR124,Bangalore - Whitefield Offsite ATM,CC20103,C1142,PIN_CHANGE,0.0,0.0,SUCCESS,0,2025-09-20 19:58:21
ATM70309,ATM001,BR113,Mumbai - Fort Main Branch ATM,CC20339,C1414,CASH_WITHDRAWAL,15000.0,21.0,SUCCESS,0,2025-04-17 05:40:45
ATM70310,ATM007,BR107,Hyderabad - HITEC City Branch ATM,CC20253,C1000,CASH_WITHDRAWAL,20000.0,0.0,SUCCESS,0,2025-02-03 18:03:08
ATM70311,ATM015,BR136,Mumbai - CSMT Railway Station Offsite ATM,CC20226,C1372,CASH_WITHDRAWAL,2000.0,0.0,SUCCESS,0,2025-09-17 12:33:11
ATM70312,ATM015,BR145,Mumbai - CSMT Railway Station Offsite ATM,CC20111,C1053,CASH_WITHDRAWAL,15000.0,0.0,SUCCESS,0,2025-08-19 11:26:08
ATM70313,ATM001,BR120,Mumbai - Fort Main Branch ATM,CC20098,C1373,CASH_WITHDRAWAL,1000.0,0.0,SUCCESS,0,2025-09-10 12:30:39
ATM70314,ATM009,BR101,Chennai - Anna Salai Branch ATM,CC20152,C1258,MINI_STATEMENT,0.0,0.0,SUCCESS,0,2025-08-14 04:45:00
ATM70315,ATM001,BR108,Mumbai - Fort Main Branch ATM,CC20348,C1143,CASH_WITHDRAWAL,10000.0,0.0,SUCCESS,0,2025-05-13 20:07:38
ATM70316,ATM001,BR146,Mumbai - Fort Main Branch ATM,CC20383,C1470,BALANCE_INQUIRY,0.0,0.0,SUCCESS,0,2026-04-18 00:44:14
ATM70317,ATM015,BR116,Mumbai - CSMT Railway Station Offsite ATM,CC20365,C1440,CASH_WITHDRAWAL,1000.0,0.0,SUCCESS,0,2024-05-22 08:35:55
ATM70318,ATM007,BR114,Hyderabad - HITEC City Branch ATM,CC20337,C1458,PIN_CHANGE,0.0,0.0,SUCCESS,0,2026-01-22 18:40:40
ATM70319,ATM002,BR112,Mumbai - Nariman Point Kiosk,CC20193,C1011,CASH_DEPOSIT,50000.0,0.0,SUCCESS,0,2025-04-13 13:18:07
ATM70320,ATM014,BR123,Delhi - IGI Airport Terminal 3 Offsite ATM,CC20309,C1329,CASH_WITHDRAWAL,10000.0,0.0,SUCCESS,0,2025-07-27 14:08:03
ATM70321,ATM005,BR115,Bangalore - Indiranagar Branch ATM,CC20162,C1223,PIN_CHANGE,0.0,0.0,SUCCESS,0,2025-11-23 10:54:26
ATM70322,ATM008,BR128,Delhi - Connaught Place Branch ATM,CC20207,C1271,CASH_WITHDRAWAL,500.0,0.0,SUCCESS,0,2024-01-22 01:56:07
ATM70323,ATM008,BR134,Delhi - Connaught Place Branch ATM,CC20168,C1455,BALANCE_INQUIRY,0.0,0.0,SUCCESS,0,2026-02-10 12:06:18
ATM70324,ATM003,BR102,Pune - MG Road Branch ATM,CC20160,C1357,CASH_WITHDRAWAL,5000.0,0.0,SUCCESS,0,2025-09-08 02:18:01
ATM70325,ATM007,BR132,Hyderabad - HITEC City Branch ATM,CC20067,C1459,MINI_STATEMENT,0.0,0.0,FAILED_INSUFFICIENT_FUNDS,51,2024-12-15 22:47:20
ATM70326,ATM003,BR123,Pune - MG Road Branch ATM,CC20288,C1407,CASH_WITHDRAWAL,15000.0,0.0,SUCCESS,0,2024-01-19 06:25:15
ATM70327,ATM006,BR122,Bangalore - Whitefield Offsite ATM,CC20397,C1155,CASH_WITHDRAWAL,5000.0,0.0,SUCCESS,0,2025-04-19 07:47:22
ATM70328,ATM006,BR125,Bangalore - Whitefield Offsite ATM,CC20276,C1372,BALANCE_INQUIRY,0.0,0.0,SUCCESS,0,2025-10-15 01:32:01
ATM70329,ATM003,BR122,Pune - MG Road Branch ATM,CC20303,C1007,CASH_WITHDRAWAL,2000.0,0.0,FAILED_INSUFFICIENT_FUNDS,51,2025-06-10 00:17:58
ATM70330,ATM007,BR122,Hyderabad - HITEC City Branch ATM,CC20383,C1121,CASH_WITHDRAWAL,5000.0,21.0,SUCCESS,0,2025-10-09 16:52:33
ATM70331,ATM003,BR149,Pune - MG Road Branch ATM,CC20391,C1347,CASH_WITHDRAWAL,1000.0,21.0,SUCCESS,0,2025-09-09 18:59:37
ATM70332,ATM008,BR142,Delhi - Connaught Place Branch ATM,CC20134,C1163,CASH_WITHDRAWAL,10000.0,0.0,SUCCESS,0,2025-12-06 09:23:17
ATM70333,ATM010,BR106,Ahmedabad - CG Road Branch ATM,CC20194,C1089,CASH_WITHDRAWAL,25000.0,21.0,SUCCESS,0,2024-05-09 15:02:27
ATM70334,ATM004,BR115,Pune - Hinjewadi Tech Park ATM,CC20127,C1135,CASH_WITHDRAWAL,500.0,21.0,SUCCESS,0,2026-04-19 16:29:31
ATM70335,ATM015,BR143,Mumbai - CSMT Railway Station Offsite ATM,CC20032,C1185,CASH_WITHDRAWAL,1000.0,0.0,FAILED_INCORRECT_PIN,55,2025-07-17 23:14:58
ATM70336,ATM015,BR137,Mumbai - CSMT Railway Station Offsite ATM,CC20175,C1315,CASH_WITHDRAWAL,10000.0,0.0,SUCCESS,0,2025-10-26 18:08:28
ATM70337,ATM013,BR133,Jaipur - MI Road Branch ATM,CC20370,C1177,BALANCE_INQUIRY,0.0,8.5,SUCCESS,0,2024-03-22 23:05:30
ATM70338,ATM001,BR108,Mumbai - Fort Main Branch ATM,CC20374,C1027,CASH_WITHDRAWAL,25000.0,21.0,SUCCESS,0,2025-07-15 06:45:16
ATM70339,ATM004,BR144,Pune - Hinjewadi Tech Park ATM,CC20021,C1219,CASH_WITHDRAWAL,10000.0,21.0,SUCCESS,0,2024-11-04 06:46:57
ATM70340,ATM014,BR144,Delhi - IGI Airport Terminal 3 Offsite ATM,CC20237,C1356,CASH_WITHDRAWAL,20000.0,0.0,SUCCESS,0,2025-06-21 10:12:32
ATM70341,ATM007,BR105,Hyderabad - HITEC City Branch ATM,CC20157,C1040,CASH_WITHDRAWAL,2000.0,0.0,SUCCESS,0,2026-02-04 09:05:19
ATM70342,ATM011,BR139,Kolkata - Park Street Branch ATM,CC20037,C1227,PIN_CHANGE,0.0,0.0,SUCCESS,0,2025-03-01 09:58:25
ATM70343,ATM004,BR104,Pune - Hinjewadi Tech Park ATM,CC20229,C1191,CASH_WITHDRAWAL,500.0,0.0,SUCCESS,0,2024-12-29 09:25:10
ATM70344,ATM013,BR106,Jaipur - MI Road Branch ATM,CC20364,C1410,CASH_WITHDRAWAL,25000.0,21.0,SUCCESS,0,2024-09-26 12:01:16
ATM70345,ATM006,BR145,Bangalore - Whitefield Offsite ATM,CC20050,C1446,BALANCE_INQUIRY,0.0,0.0,SUCCESS,0,2025-06-04 13:28:09
ATM70346,ATM009,BR132,Chennai - Anna Salai Branch ATM,CC20263,C1144,BALANCE_INQUIRY,0.0,8.5,SUCCESS,0,2025-02-09 03:27:03
ATM70347,ATM001,BR130,Mumbai - Fort Main Branch ATM,CC20282,C1200,CASH_WITHDRAWAL,20000.0,0.0,SUCCESS,0,2025-10-22 15:23:09
ATM70348,ATM013,BR147,Jaipur - MI Road Branch ATM,CC20026,C1416,BALANCE_INQUIRY,0.0,0.0,SUCCESS,0,2026-02-15 05:38:08
ATM70349,ATM005,BR135,Bangalore - Indiranagar Branch ATM,CC20225,C1211,MINI_STATEMENT,0.0,0.0,SUCCESS,0,2025-05-29 12:35:50
ATM70350,ATM011,BR140,Kolkata - Park Street Branch ATM,CC20276,C1460,CASH_WITHDRAWAL,2000.0,0.0,FAILED_INSUFFICIENT_FUNDS,51,2024-01-05 21:55:28
ATM70351,ATM007,BR116,Hyderabad - HITEC City Branch ATM,CC20285,C1219,BALANCE_INQUIRY,0.0,8.5,SUCCESS,0,2024-11-16 14:50:34
ATM70352,ATM001,BR113,Mumbai - Fort Main Branch ATM,CC20096,C1239,BALANCE_INQUIRY,0.0,0.0,SUCCESS,0,2024-05-08 12:23:51
ATM70353,ATM014,BR150,Delhi - IGI Airport Terminal 3 Offsite ATM,CC20283,C1412,CASH_WITHDRAWAL,500.0,21.0,SUCCESS,0,2025-11-06 00:27:29
ATM70354,ATM004,BR142,Pune - Hinjewadi Tech Park ATM,CC20366,C1396,CASH_WITHDRAWAL,10000.0,0.0,SUCCESS,0,2025-07-23 12:43:08
ATM70355,ATM006,BR130,Bangalore - Whitefield Offsite ATM,CC20316,C1045,CASH_WITHDRAWAL,20000.0,0.0,SUCCESS,0,2025-04-08 00:24:11
ATM70356,ATM002,BR119,Mumbai - Nariman Point Kiosk,CC20303,C1034,PIN_CHANGE,0.0,0.0,SUCCESS,0,2025-08-24 15:34:32
ATM70357,ATM010,BR117,Ahmedabad - CG Road Branch ATM,CC20146,C1252,CASH_DEPOSIT,10000.0,0.0,FAILED_INSUFFICIENT_FUNDS,51,2025-03-25 07:18:33
ATM70358,ATM005,BR119,Bangalore - Indiranagar Branch ATM,CC20003,C1389,BALANCE_INQUIRY,0.0,0.0,SUCCESS,0,2024-06-06 14:58:43
ATM70359,ATM011,BR128,Kolkata - Park Street Branch ATM,CC20034,C1081,CASH_WITHDRAWAL,5000.0,0.0,SUCCESS,0,2025-10-22 02:52:20
ATM70360,ATM010,BR126,Ahmedabad - CG Road Branch ATM,CC20191,C1370,CASH_WITHDRAWAL,1000.0,0.0,SUCCESS,0,2024-04-08 16:50:35
ATM70361,ATM001,BR137,Mumbai - Fort Main Branch ATM,CC20048,C1255,CASH_WITHDRAWAL,15000.0,21.0,SUCCESS,0,2025-05-08 11:06:17
ATM70362,ATM006,BR126,Bangalore - Whitefield Offsite ATM,CC20016,C1196,CASH_WITHDRAWAL,25000.0,0.0,SUCCESS,0,2025-04-10 11:19:06
ATM70363,ATM006,BR123,Bangalore - Whitefield Offsite ATM,CC20171,C1302,CASH_WITHDRAWAL,15000.0,0.0,SUCCESS,0,2026-01-06 01:07:32
ATM70364,ATM013,BR109,Jaipur - MI Road Branch ATM,CC20219,C1408,BALANCE_INQUIRY,0.0,0.0,SUCCESS,0,2024-06-14 07:55:03
ATM70365,ATM015,BR112,Mumbai - CSMT Railway Station Offsite ATM,CC20157,C1449,CASH_WITHDRAWAL,500.0,0.0,SUCCESS,0,2025-03-31 20:13:47
ATM70366,ATM015,BR101,Mumbai - CSMT Railway Station Offsite ATM,CC20045,C1009,BALANCE_INQUIRY,0.0,0.0,SUCCESS,0,2024-08-01 08:39:29
ATM70367,ATM004,BR101,Pune - Hinjewadi Tech Park ATM,CC20372,C1311,CASH_WITHDRAWAL,500.0,21.0,SUCCESS,0,2025-12-30 22:14:14
ATM70368,ATM013,BR147,Jaipur - MI Road Branch ATM,CC20005,C1285,CASH_WITHDRAWAL,20000.0,0.0,FAILED_TECHNICAL_ERROR,96,2025-05-17 15:24:55
ATM70369,ATM008,BR134,Delhi - Connaught Place Branch ATM,CC20098,C1241,CASH_WITHDRAWAL,500.0,0.0,SUCCESS,0,2024-03-22 23:40:10
ATM70370,ATM004,BR132,Pune - Hinjewadi Tech Park ATM,CC20379,C1250,CASH_WITHDRAWAL,5000.0,21.0,SUCCESS,0,2024-07-08 22:43:33
ATM70371,ATM008,BR148,Delhi - Connaught Place Branch ATM,CC20232,C1364,MINI_STATEMENT,0.0,0.0,SUCCESS,0,2025-08-26 11:45:06
ATM70372,ATM015,BR125,Mumbai - CSMT Railway Station Offsite ATM,CC20036,C1004,CASH_WITHDRAWAL,1000.0,0.0,SUCCESS,0,2024-11-03 09:49:00
ATM70373,ATM013,BR140,Jaipur - MI Road Branch ATM,CC20279,C1118,PIN_CHANGE,0.0,8.5,SUCCESS,0,2024-01-23 00:15:40
ATM70374,ATM008,BR145,Delhi - Connaught Place Branch ATM,CC20348,C1288,CASH_WITHDRAWAL,1000.0,21.0,SUCCESS,0,2025-01-14 12:50:16
ATM70375,ATM005,BR101,Bangalore - Indiranagar Branch ATM,CC20301,C1373,BALANCE_INQUIRY,0.0,0.0,FAILED_INSUFFICIENT_FUNDS,51,2025-10-22 04:52:42
ATM70376,ATM013,BR116,Jaipur - MI Road Branch ATM,CC20180,C1064,CASH_WITHDRAWAL,25000.0,0.0,SUCCESS,0,2026-05-12 07:45:37
ATM70377,ATM015,BR139,Mumbai - CSMT Railway Station Offsite ATM,CC20094,C1145,PIN_CHANGE,0.0,0.0,SUCCESS,0,2025-11-10 02:34:07
ATM70378,ATM004,BR105,Pune - Hinjewadi Tech Park ATM,CC20098,C1223,BALANCE_INQUIRY,0.0,8.5,SUCCESS,0,2025-09-24 07:50:48
ATM70379,ATM012,BR122,Nagpur - Civil Lines Branch ATM,CC20187,C1238,CASH_WITHDRAWAL,25000.0,21.0,SUCCESS,0,2025-07-01 04:58:04
ATM70380,ATM013,BR129,Jaipur - MI Road Branch ATM,CC20115,C1176,CASH_WITHDRAWAL,5000.0,0.0,SUCCESS,0,2025-09-28 06:12:22
ATM70381,ATM002,BR103,Mumbai - Nariman Point Kiosk,CC20190,C1266,PIN_CHANGE,0.0,0.0,SUCCESS,0,2025-06-03 03:45:06
ATM70382,ATM011,BR112,Kolkata - Park Street Branch ATM,CC20252,C1340,CASH_DEPOSIT,2000.0,0.0,SUCCESS,0,2026-05-17 20:25:55
ATM70383,ATM015,BR126,Mumbai - CSMT Railway Station Offsite ATM,CC20160,C1281,CASH_WITHDRAWAL,25000.0,0.0,SUCCESS,0,2024-07-31 00:19:00
ATM70384,ATM003,BR116,Pune - MG Road Branch ATM,CC20255,C1062,BALANCE_INQUIRY,0.0,0.0,SUCCESS,0,2024-03-09 00:01:33
ATM70385,ATM003,BR137,Pune - MG Road Branch ATM,CC20322,C1216,MINI_STATEMENT,0.0,0.0,SUCCESS,0,2025-08-28 07:02:58
ATM70386,ATM004,BR122,Pune - Hinjewadi Tech Park ATM,CC20127,C1341,PIN_CHANGE,0.0,0.0,SUCCESS,0,2025-10-29 12:56:16
ATM70387,ATM004,BR129,Pune - Hinjewadi Tech Park ATM,CC20017,C1314,CASH_DEPOSIT,5000.0,0.0,SUCCESS,0,2024-12-07 06:40:38
ATM70388,ATM010,BR114,Ahmedabad - CG Road Branch ATM,CC20280,C1282,BALANCE_INQUIRY,0.0,0.0,SUCCESS,0,2025-12-27 21:25:46
ATM70389,ATM011,BR128,Kolkata - Park Street Branch ATM,CC20222,C1176,CASH_WITHDRAWAL,15000.0,0.0,SUCCESS,0,2025-10-26 16:24:45
ATM70390,ATM011,BR105,Kolkata - Park Street Branch ATM,CC20053,C1460,CASH_WITHDRAWAL,5000.0,0.0,SUCCESS,0,2024-11-09 03:05:53
ATM70391,ATM005,BR147,Bangalore - Indiranagar Branch ATM,CC20057,C1416,CASH_WITHDRAWAL,25000.0,0.0,SUCCESS,0,2024-02-19 18:41:55
ATM70392,ATM004,BR149,Pune - Hinjewadi Tech Park ATM,CC20322,C1097,BALANCE_INQUIRY,0.0,0.0,SUCCESS,0,2025-07-16 21:04:28
ATM70393,ATM011,BR130,Kolkata - Park Street Branch ATM,CC20359,C1104,BALANCE_INQUIRY,0.0,8.5,SUCCESS,0,2024-03-19 05:53:23
ATM70394,ATM014,BR146,Delhi - IGI Airport Terminal 3 Offsite ATM,CC20173,C1098,CASH_WITHDRAWAL,1000.0,21.0,FAILED_INSUFFICIENT_FUNDS,51,2025-07-17 18:38:44
ATM70395,ATM010,BR105,Ahmedabad - CG Road Branch ATM,CC20279,C1384,PIN_CHANGE,0.0,8.5,SUCCESS,0,2026-01-07 03:02:50
ATM70396,ATM008,BR112,Delhi - Connaught Place Branch ATM,CC20113,C1404,BALANCE_INQUIRY,0.0,8.5,SUCCESS,0,2025-04-09 23:37:53
ATM70397,ATM006,BR116,Bangalore - Whitefield Offsite ATM,CC20287,C1495,CASH_WITHDRAWAL,500.0,0.0,SUCCESS,0,2024-01-19 22:37:55
ATM70398,ATM006,BR126,Bangalore - Whitefield Offsite ATM,CC20341,C1310,CASH_WITHDRAWAL,10000.0,21.0,SUCCESS,0,2024-06-24 01:30:40
ATM70399,ATM008,BR126,Delhi - Connaught Place Branch ATM,CC20150,C1005,CASH_WITHDRAWAL,10000.0,21.0,SUCCESS,0,2024-07-22 11:04:25
ATM70400,ATM007,BR148,Hyderabad - HITEC City Branch ATM,CC20126,C1475,CASH_WITHDRAWAL,15000.0,21.0,SUCCESS,0,2024-04-27 02:21:13
ATM70401,ATM015,BR121,Mumbai - CSMT Railway Station Offsite ATM,CC20154,C1464,CASH_WITHDRAWAL,20000.0,0.0,SUCCESS,0,2025-08-18 23:31:56
ATM70402,ATM010,BR139,Ahmedabad - CG Road Branch ATM,CC20385,C1196,CASH_WITHDRAWAL,25000.0,0.0,SUCCESS,0,2024-10-06 11:35:47
ATM70403,ATM014,BR136,Delhi - IGI Airport Terminal 3 Offsite ATM,CC20272,C1350,CASH_WITHDRAWAL,15000.0,21.0,SUCCESS,0,2025-02-04 08:25:23
ATM70404,ATM011,BR133,Kolkata - Park Street Branch ATM,CC20103,C1132,CASH_WITHDRAWAL,500.0,21.0,SUCCESS,0,2024-10-23 04:03:21
ATM70405,ATM012,BR130,Nagpur - Civil Lines Branch ATM,CC20392,C1357,CASH_WITHDRAWAL,10000.0,21.0,FAILED_INCORRECT_PIN,55,2024-04-14 12:42:50
ATM70406,ATM010,BR137,Ahmedabad - CG Road Branch ATM,CC20298,C1258,CASH_WITHDRAWAL,1000.0,0.0,SUCCESS,0,2024-03-29 02:17:12
ATM70407,ATM013,BR123,Jaipur - MI Road Branch ATM,CC20245,C1436,BALANCE_INQUIRY,0.0,0.0,SUCCESS,0,2025-01-16 18:33:12
ATM70408,ATM008,BR110,Delhi - Connaught Place Branch ATM,CC20175,C1022,CASH_WITHDRAWAL,2000.0,21.0,SUCCESS,0,2025-05-09 08:08:36
ATM70409,ATM014,BR105,Delhi - IGI Airport Terminal 3 Offsite ATM,CC20038,C1484,MINI_STATEMENT,0.0,0.0,SUCCESS,0,2024-08-25 01:25:13
ATM70410,ATM002,BR136,Mumbai - Nariman Point Kiosk,CC20169,C1052,CASH_DEPOSIT,25000.0,0.0,SUCCESS,0,2024-03-02 01:57:00
ATM70411,ATM009,BR134,Chennai - Anna Salai Branch ATM,CC20246,C1164,CASH_WITHDRAWAL,10000.0,0.0,SUCCESS,0,2024-11-01 05:33:28
ATM70412,ATM001,BR131,Mumbai - Fort Main Branch ATM,CC20025,C1201,CASH_WITHDRAWAL,10000.0,0.0,SUCCESS,0,2025-10-06 04:53:48
ATM70413,ATM015,BR110,Mumbai - CSMT Railway Station Offsite ATM,CC20354,C1457,CASH_WITHDRAWAL,25000.0,0.0,SUCCESS,0,2024-01-21 09:01:51
ATM70414,ATM008,BR119,Delhi - Connaught Place Branch ATM,CC20305,C1082,CASH_WITHDRAWAL,15000.0,0.0,SUCCESS,0,2024-02-10 23:50:15
ATM70415,ATM012,BR132,Nagpur - Civil Lines Branch ATM,CC20012,C1144,CASH_WITHDRAWAL,10000.0,0.0,SUCCESS,0,2026-05-24 08:17:54
ATM70416,ATM011,BR101,Kolkata - Park Street Branch ATM,CC20315,C1084,CASH_WITHDRAWAL,5000.0,0.0,SUCCESS,0,2026-04-10 01:56:50
ATM70417,ATM012,BR105,Nagpur - Civil Lines Branch ATM,CC20390,C1077,CASH_WITHDRAWAL,25000.0,0.0,SUCCESS,0,2025-11-18 21:53:15
ATM70418,ATM012,BR145,Nagpur - Civil Lines Branch ATM,CC20312,C1456,CASH_WITHDRAWAL,25000.0,0.0,SUCCESS,0,2025-03-12 06:28:41
ATM70419,ATM004,BR104,Pune - Hinjewadi Tech Park ATM,CC20035,C1365,CASH_WITHDRAWAL,25000.0,21.0,SUCCESS,0,2024-03-02 22:37:06
ATM70420,ATM004,BR116,Pune - Hinjewadi Tech Park ATM,CC20172,C1000,BALANCE_INQUIRY,0.0,0.0,SUCCESS,0,2025-04-07 07:48:11
ATM70421,ATM005,BR124,Bangalore - Indiranagar Branch ATM,CC20019,C1050,CASH_WITHDRAWAL,2000.0,21.0,FAILED_ATM_OUT_OF_CASH,61,2025-03-21 05:31:50
ATM70422,ATM008,BR116,Delhi - Connaught Place Branch ATM,CC20320,C1172,CASH_WITHDRAWAL,25000.0,0.0,SUCCESS,0,2024-04-14 08:51:37
ATM70423,ATM005,BR102,Bangalore - Indiranagar Branch ATM,CC20263,C1204,CASH_WITHDRAWAL,25000.0,21.0,FAILED_ATM_OUT_OF_CASH,61,2026-05-22 19:46:47
ATM70424,ATM008,BR149,Delhi - Connaught Place Branch ATM,CC20399,C1259,CASH_DEPOSIT,10000.0,0.0,SUCCESS,0,2025-10-18 01:49:08
ATM70425,ATM015,BR128,Mumbai - CSMT Railway Station Offsite ATM,CC20141,C1445,CASH_WITHDRAWAL,500.0,0.0,SUCCESS,0,2025-10-13 14:53:01
ATM70426,ATM010,BR132,Ahmedabad - CG Road Branch ATM,CC20370,C1448,CASH_WITHDRAWAL,25000.0,21.0,SUCCESS,0,2025-06-13 22:52:06
ATM70427,ATM001,BR127,Mumbai - Fort Main Branch ATM,CC20142,C1368,BALANCE_INQUIRY,0.0,0.0,SUCCESS,0,2025-01-12 02:07:37
ATM70428,ATM012,BR120,Nagpur - Civil Lines Branch ATM,CC20091,C1487,CASH_WITHDRAWAL,1000.0,0.0,FAILED_INSUFFICIENT_FUNDS,51,2025-11-21 08:20:35
ATM70429,ATM015,BR124,Mumbai - CSMT Railway Station Offsite ATM,CC20353,C1287,CASH_DEPOSIT,50000.0,0.0,SUCCESS,0,2025-10-20 22:45:05
ATM70430,ATM010,BR112,Ahmedabad - CG Road Branch ATM,CC20321,C1033,BALANCE_INQUIRY,0.0,0.0,SUCCESS,0,2026-05-04 00:40:19
ATM70431,ATM009,BR150,Chennai - Anna Salai Branch ATM,CC20287,C1347,BALANCE_INQUIRY,0.0,0.0,SUCCESS,0,2026-04-23 03:07:24
ATM70432,ATM006,BR135,Bangalore - Whitefield Offsite ATM,CC20214,C1094,BALANCE_INQUIRY,0.0,8.5,SUCCESS,0,2024-09-20 21:58:31
ATM70433,ATM003,BR133,Pune - MG Road Branch ATM,CC20341,C1071,MINI_STATEMENT,0.0,8.5,SUCCESS,0,2025-12-19 01:10:07
ATM70434,ATM013,BR133,Jaipur - MI Road Branch ATM,CC20050,C1038,MINI_STATEMENT,0.0,8.5,SUCCESS,0,2024-01-03 14:36:31
ATM70435,ATM014,BR143,Delhi - IGI Airport Terminal 3 Offsite ATM,CC20152,C1153,BALANCE_INQUIRY,0.0,0.0,SUCCESS,0,2025-07-14 17:48:22
ATM70436,ATM008,BR137,Delhi - Connaught Place Branch ATM,CC20185,C1249,BALANCE_INQUIRY,0.0,0.0,SUCCESS,0,2024-03-18 12:42:21
ATM70437,ATM009,BR112,Chennai - Anna Salai Branch ATM,CC20062,C1161,CASH_WITHDRAWAL,10000.0,0.0,SUCCESS,0,2025-07-02 22:10:53
ATM70438,ATM006,BR103,Bangalore - Whitefield Offsite ATM,CC20189,C1437,CASH_WITHDRAWAL,2000.0,21.0,SUCCESS,0,2025-03-06 09:44:24
ATM70439,ATM011,BR101,Kolkata - Park Street Branch ATM,CC20124,C1117,CASH_WITHDRAWAL,20000.0,0.0,SUCCESS,0,2024-11-19 11:51:31
ATM70440,ATM007,BR133,Hyderabad - HITEC City Branch ATM,CC20149,C1258,CASH_WITHDRAWAL,25000.0,0.0,FAILED_TECHNICAL_ERROR,96,2025-11-26 12:52:09
ATM70441,ATM001,BR140,Mumbai - Fort Main Branch ATM,CC20313,C1378,CASH_WITHDRAWAL,1000.0,0.0,SUCCESS,0,2024-06-12 06:34:54
ATM70442,ATM014,BR110,Delhi - IGI Airport Terminal 3 Offsite ATM,CC20057,C1305,CASH_WITHDRAWAL,10000.0,0.0,SUCCESS,0,2024-08-11 12:36:50
ATM70443,ATM005,BR143,Bangalore - Indiranagar Branch ATM,CC20341,C1267,CASH_WITHDRAWAL,1000.0,21.0,SUCCESS,0,2024-12-10 00:24:04
ATM70444,ATM005,BR144,Bangalore - Indiranagar Branch ATM,CC20304,C1448,BALANCE_INQUIRY,0.0,0.0,SUCCESS,0,2024-06-06 04:29:54
ATM70445,ATM010,BR129,Ahmedabad - CG Road Branch ATM,CC20179,C1053,MINI_STATEMENT,0.0,0.0,SUCCESS,0,2024-03-05 18:35:26
ATM70446,ATM014,BR113,Delhi - IGI Airport Terminal 3 Offsite ATM,CC20169,C1235,CASH_WITHDRAWAL,10000.0,0.0,FAILED_ATM_OUT_OF_CASH,61,2025-12-09 05:03:22
ATM70447,ATM004,BR112,Pune - Hinjewadi Tech Park ATM,CC20325,C1388,CASH_WITHDRAWAL,20000.0,0.0,SUCCESS,0,2026-03-25 19:32:14
ATM70448,ATM006,BR131,Bangalore - Whitefield Offsite ATM,CC20270,C1477,PIN_CHANGE,0.0,0.0,FAILED_ATM_OUT_OF_CASH,61,2025-02-01 15:26:27
ATM70449,ATM007,BR146,Hyderabad - HITEC City Branch ATM,CC20053,C1221,CASH_WITHDRAWAL,5000.0,0.0,SUCCESS,0,2024-10-31 03:07:13
ATM70450,ATM009,BR102,Chennai - Anna Salai Branch ATM,CC20100,C1250,BALANCE_INQUIRY,0.0,0.0,SUCCESS,0,2025-03-16 01:34:15
ATM70451,ATM001,BR150,Mumbai - Fort Main Branch ATM,CC20263,C1312,CASH_WITHDRAWAL,500.0,0.0,SUCCESS,0,2025-09-02 19:58:59
ATM70452,ATM015,BR135,Mumbai - CSMT Railway Station Offsite ATM,CC20052,C1400,CASH_WITHDRAWAL,5000.0,0.0,SUCCESS,0,2026-02-17 10:23:29
ATM70453,ATM006,BR123,Bangalore - Whitefield Offsite ATM,CC20059,C1111,CASH_DEPOSIT,10000.0,0.0,SUCCESS,0,2024-02-13 21:33:44
ATM70454,ATM007,BR117,Hyderabad - HITEC City Branch ATM,CC20107,C1254,CASH_WITHDRAWAL,25000.0,0.0,SUCCESS,0,2025-01-24 22:55:18
ATM70455,ATM003,BR126,Pune - MG Road Branch ATM,CC20004,C1302,BALANCE_INQUIRY,0.0,0.0,SUCCESS,0,2025-12-04 13:31:32
ATM70456,ATM008,BR108,Delhi - Connaught Place Branch ATM,CC20102,C1406,BALANCE_INQUIRY,0.0,0.0,SUCCESS,0,2024-03-01 18:24:55
ATM70457,ATM015,BR129,Mumbai - CSMT Railway Station Offsite ATM,CC20195,C1206,CASH_WITHDRAWAL,25000.0,0.0,SUCCESS,0,2025-03-12 09:59:15
ATM70458,ATM005,BR126,Bangalore - Indiranagar Branch ATM,CC20261,C1228,BALANCE_INQUIRY,0.0,0.0,SUCCESS,0,2024-11-10 05:21:08
ATM70459,ATM015,BR110,Mumbai - CSMT Railway Station Offsite ATM,CC20364,C1340,MINI_STATEMENT,0.0,8.5,SUCCESS,0,2026-04-16 07:46:38
ATM70460,ATM009,BR126,Chennai - Anna Salai Branch ATM,CC20371,C1397,CASH_WITHDRAWAL,20000.0,0.0,SUCCESS,0,2024-05-22 12:13:49
ATM70461,ATM005,BR134,Bangalore - Indiranagar Branch ATM,CC20349,C1065,PIN_CHANGE,0.0,0.0,SUCCESS,0,2026-02-07 01:11:16
ATM70462,ATM009,BR141,Chennai - Anna Salai Branch ATM,CC20046,C1074,CASH_WITHDRAWAL,20000.0,0.0,SUCCESS,0,2026-02-11 19:59:57
ATM70463,ATM010,BR107,Ahmedabad - CG Road Branch ATM,CC20354,C1434,CASH_WITHDRAWAL,15000.0,0.0,SUCCESS,0,2024-02-08 08:39:04
ATM70464,ATM004,BR104,Pune - Hinjewadi Tech Park ATM,CC20310,C1102,CASH_WITHDRAWAL,5000.0,21.0,SUCCESS,0,2024-01-01 13:52:56
ATM70465,ATM009,BR150,Chennai - Anna Salai Branch ATM,CC20307,C1421,CASH_WITHDRAWAL,15000.0,0.0,FAILED_TECHNICAL_ERROR,96,2025-05-27 19:16:08
ATM70466,ATM005,BR145,Bangalore - Indiranagar Branch ATM,CC20143,C1191,MINI_STATEMENT,0.0,8.5,SUCCESS,0,2024-08-05 15:28:56
ATM70467,ATM010,BR111,Ahmedabad - CG Road Branch ATM,CC20268,C1251,MINI_STATEMENT,0.0,0.0,SUCCESS,0,2024-08-03 03:42:01
ATM70468,ATM009,BR129,Chennai - Anna Salai Branch ATM,CC20369,C1225,CASH_WITHDRAWAL,10000.0,0.0,SUCCESS,0,2025-10-11 05:29:11
ATM70469,ATM003,BR136,Pune - MG Road Branch ATM,CC20123,C1293,BALANCE_INQUIRY,0.0,0.0,SUCCESS,0,2025-01-01 15:06:46
ATM70470,ATM015,BR125,Mumbai - CSMT Railway Station Offsite ATM,CC20105,C1305,CASH_WITHDRAWAL,20000.0,0.0,SUCCESS,0,2026-03-10 06:15:02
ATM70471,ATM004,BR121,Pune - Hinjewadi Tech Park ATM,CC20157,C1097,CASH_WITHDRAWAL,20000.0,0.0,SUCCESS,0,2025-05-16 14:33:56
ATM70472,ATM009,BR136,Chennai - Anna Salai Branch ATM,CC20146,C1337,BALANCE_INQUIRY,0.0,0.0,SUCCESS,0,2025-08-02 22:51:46
ATM70473,ATM010,BR110,Ahmedabad - CG Road Branch ATM,CC20144,C1285,CASH_WITHDRAWAL,2000.0,21.0,SUCCESS,0,2025-01-19 11:29:03
ATM70474,ATM011,BR137,Kolkata - Park Street Branch ATM,CC20119,C1334,CASH_WITHDRAWAL,500.0,21.0,SUCCESS,0,2024-03-14 06:20:34
ATM70475,ATM006,BR109,Bangalore - Whitefield Offsite ATM,CC20318,C1346,BALANCE_INQUIRY,0.0,0.0,SUCCESS,0,2025-06-10 16:05:02
ATM70476,ATM002,BR124,Mumbai - Nariman Point Kiosk,CC20274,C1434,CASH_WITHDRAWAL,500.0,0.0,SUCCESS,0,2024-06-28 21:16:51
ATM70477,ATM007,BR135,Hyderabad - HITEC City Branch ATM,CC20091,C1446,CASH_WITHDRAWAL,5000.0,21.0,SUCCESS,0,2024-10-02 13:37:41
ATM70478,ATM002,BR149,Mumbai - Nariman Point Kiosk,CC20057,C1481,CASH_WITHDRAWAL,2000.0,0.0,SUCCESS,0,2025-10-06 23:27:46
ATM70479,ATM011,BR135,Kolkata - Park Street Branch ATM,CC20345,C1307,CASH_WITHDRAWAL,20000.0,21.0,FAILED_INSUFFICIENT_FUNDS,51,2024-12-03 21:22:06
ATM70480,ATM002,BR148,Mumbai - Nariman Point Kiosk,CC20228,C1248,BALANCE_INQUIRY,0.0,0.0,SUCCESS,0,2026-02-16 05:58:59
ATM70481,ATM011,BR136,Kolkata - Park Street Branch ATM,CC20116,C1165,CASH_WITHDRAWAL,500.0,21.0,SUCCESS,0,2025-04-26 21:16:24
ATM70482,ATM001,BR118,Mumbai - Fort Main Branch ATM,CC20317,C1480,BALANCE_INQUIRY,0.0,0.0,SUCCESS,0,2024-08-20 09:56:20
ATM70483,ATM011,BR149,Kolkata - Park Street Branch ATM,CC20278,C1471,CASH_WITHDRAWAL,5000.0,0.0,SUCCESS,0,2025-03-26 19:39:56
ATM70484,ATM011,BR139,Kolkata - Park Street Branch ATM,CC20126,C1334,CASH_WITHDRAWAL,1000.0,0.0,SUCCESS,0,2026-03-25 05:08:38
ATM70485,ATM012,BR132,Nagpur - Civil Lines Branch ATM,CC20392,C1029,CASH_WITHDRAWAL,2000.0,0.0,SUCCESS,0,2026-02-28 10:47:21
ATM70486,ATM011,BR124,Kolkata - Park Street Branch ATM,CC20395,C1246,CASH_WITHDRAWAL,15000.0,0.0,SUCCESS,0,2025-09-28 01:11:25
ATM70487,ATM003,BR123,Pune - MG Road Branch ATM,CC20128,C1105,BALANCE_INQUIRY,0.0,0.0,SUCCESS,0,2024-10-01 17:39:48
ATM70488,ATM006,BR132,Bangalore - Whitefield Offsite ATM,CC20057,C1050,PIN_CHANGE,0.0,8.5,SUCCESS,0,2024-05-19 20:45:35
ATM70489,ATM008,BR137,Delhi - Connaught Place Branch ATM,CC20121,C1080,CASH_WITHDRAWAL,2000.0,21.0,SUCCESS,0,2024-07-31 17:36:26
ATM70490,ATM009,BR112,Chennai - Anna Salai Branch ATM,CC20000,C1132,CASH_WITHDRAWAL,1000.0,21.0,SUCCESS,0,2024-01-18 17:17:44
ATM70491,ATM007,BR149,Hyderabad - HITEC City Branch ATM,CC20238,C1284,CASH_WITHDRAWAL,1000.0,21.0,SUCCESS,0,2026-03-11 18:04:22
ATM70492,ATM004,BR113,Pune - Hinjewadi Tech Park ATM,CC20289,C1387,CASH_WITHDRAWAL,10000.0,0.0,FAILED_INCORRECT_PIN,55,2024-03-27 10:01:51
ATM70493,ATM006,BR123,Bangalore - Whitefield Offsite ATM,CC20095,C1137,BALANCE_INQUIRY,0.0,0.0,FAILED_INCORRECT_PIN,55,2024-07-30 04:22:15
ATM70494,ATM005,BR125,Bangalore - Indiranagar Branch ATM,CC20125,C1183,CASH_WITHDRAWAL,10000.0,0.0,SUCCESS,0,2025-09-12 12:39:49
ATM70495,ATM008,BR135,Delhi - Connaught Place Branch ATM,CC20117,C1400,CASH_WITHDRAWAL,10000.0,21.0,SUCCESS,0,2025-07-11 19:10:45
ATM70496,ATM001,BR141,Mumbai - Fort Main Branch ATM,CC20047,C1329,CASH_WITHDRAWAL,1000.0,0.0,SUCCESS,0,2024-08-24 19:58:40
ATM70497,ATM001,BR130,Mumbai - Fort Main Branch ATM,CC20088,C1272,CASH_WITHDRAWAL,20000.0,21.0,SUCCESS,0,2024-10-09 20:03:27
ATM70498,ATM013,BR117,Jaipur - MI Road Branch ATM,CC20236,C1339,CASH_WITHDRAWAL,2000.0,0.0,SUCCESS,0,2026-03-04 04:02:02
ATM70499,ATM015,BR149,Mumbai - CSMT Railway Station Offsite ATM,CC20372,C1471,CASH_WITHDRAWAL,500.0,0.0,SUCCESS,0,2025-02-12 14:30:14
