branch_id,ifsc_code,branch_name,branch_category,region,city,state,pincode,address,phone_number,manager_employee_id,staff_count,cash_vault_limit,branch_status,opening_date
BR101,BKID000101,Mumbai Main Branch,URBAN,WEST,Mumbai,Maharashtra,400024,"Plot No. 72, Commercial Complex, Mumbai, Maharashtra - 400024",+91-022-8550634,EMP2001,14,25000000.0,UNDER_RENOVATION,2017-02-25
BR102,BKID000102,Pune Commercial Hub Branch,METRO_METROPOLITAN,WEST,Pune,Maharashtra,411084,"Plot No. 117, Commercial Complex, Pune, Maharashtra - 411084",+91-020-6044887,EMP2002,21,150000000.0,ACTIVE,2004-08-12
BR103,BKID000103,Nagpur Main Branch,METRO_METROPOLITAN,WEST,Nagpur,Maharashtra,440039,"Plot No. 130, Commercial Complex, Nagpur, Maharashtra - 440039",+91-0712-8019877,EMP2003,18,100000000.0,ACTIVE,2017-07-06
BR104,BKID000104,Nashik Commercial Hub Branch,URBAN,WEST,Nashik,Maharashtra,422068,"Plot No. 15, Commercial Complex, Nashik, Maharashtra - 422068",+91-0253-8113790,EMP2004,12,50000000.0,ACTIVE,2021-03-05
BR105,BKID000105,Thane Main Branch,RURAL,WEST,Thane,Maharashtra,400612,"Plot No. 51, Commercial Complex, Thane, Maharashtra - 400612",+91-022-4428388,EMP2005,6,5000000.0,ACTIVE,2014-10-07
BR106,BKID000106,Bengaluru Commercial Hub Branch,RURAL,SOUTH,Bengaluru,Karnataka,560023,"Plot No. 9, Commercial Complex, Bengaluru, Karnataka - 560023",+91-080-4795513,EMP2006,5,5000000.0,ACTIVE,2019-04-12
BR107,BKID000107,Mysuru Main Branch,URBAN,SOUTH,Mysuru,Karnataka,570080,"Plot No. 8, Commercial Complex, Mysuru, Karnataka - 570080",+91-0821-4669995,EMP2007,12,50000000.0,ACTIVE,2008-08-18
BR108,BKID000108,Mangaluru Commercial Hub Branch,METRO_METROPOLITAN,SOUTH,Mangaluru,Karnataka,575011,"Plot No. 134, Commercial Complex, Mangaluru, Karnataka - 575011",+91-0824-7702653,EMP2008,27,100000000.0,ACTIVE,2018-10-26
BR109,BKID000109,Hubballi Main Branch,URBAN,SOUTH,Hubballi,Karnataka,580071,"Plot No. 14, Commercial Complex, Hubballi, Karnataka - 580071",+91-0836-5769315,EMP2009,17,50000000.0,ACTIVE,2002-10-13
BR110,BKID000110,Hyderabad Commercial Hub Branch,RURAL,SOUTH,Hyderabad,Telangana,500089,"Plot No. 82, Commercial Complex, Hyderabad, Telangana - 500089",+91-040-7267180,EMP2010,6,5000000.0,UNDER_RENOVATION,2013-05-19
BR111,BKID000111,Warangal Main Branch,URBAN,SOUTH,Warangal,Telangana,506069,"Plot No. 41, Commercial Complex, Warangal, Telangana - 506069",+91-0870-4613740,EMP2011,10,25000000.0,ACTIVE,2021-12-02
BR112,BKID000112,Chennai Commercial Hub Branch,URBAN,SOUTH,Chennai,Tamil Nadu,600017,"Plot No. 63, Commercial Complex, Chennai, Tamil Nadu - 600017",+91-044-8940119,EMP2012,12,25000000.0,ACTIVE,2001-01-26
BR113,BKID000113,Coimbatore Main Branch,SEMI_URBAN,SOUTH,Coimbatore,Tamil Nadu,641014,"Plot No. 41, Commercial Complex, Coimbatore, Tamil Nadu - 641014",+91-0422-4231785,EMP2013,9,10000000.0,ACTIVE,2022-12-23
BR114,BKID000114,Madurai Commercial Hub Branch,URBAN,SOUTH,Madurai,Tamil Nadu,625042,"Plot No. 62, Commercial Complex, Madurai, Tamil Nadu - 625042",+91-0452-6545583,EMP2014,17,25000000.0,ACTIVE,2007-06-24
BR115,BKID000115,Kochi Main Branch,URBAN,SOUTH,Kochi,Kerala,682044,"Plot No. 101, Commercial Complex, Kochi, Kerala - 682044",+91-0484-8493120,EMP2015,12,25000000.0,ACTIVE,2002-10-25
BR116,BKID000116,Thiruvananthapuram Commercial Hub Branch,URBAN,SOUTH,Thiruvananthapuram,Kerala,695018,"Plot No. 42, Commercial Complex, Thiruvananthapuram, Kerala - 695018",+91-0471-8510425,EMP2016,12,25000000.0,ACTIVE,2002-05-13
BR117,BKID000117,Delhi Main Branch,URBAN,NORTH,Delhi,Delhi,110013,"Plot No. 143, Commercial Complex, Delhi, Delhi - 110013",+91-011-7654237,EMP2017,13,25000000.0,ACTIVE,2008-08-23
BR118,BKID000118,Noida Commercial Hub Branch,SEMI_URBAN,NORTH,Noida,Uttar Pradesh,201354,"Plot No. 134, Commercial Complex, Noida, Uttar Pradesh - 201354",+91-0120-5057213,EMP2018,9,20000000.0,ACTIVE,2009-12-06
BR119,BKID000119,Gurugram Main Branch,URBAN,NORTH,Gurugram,Haryana,122098,"Plot No. 129, Commercial Complex, Gurugram, Haryana - 122098",+91-0124-8860006,EMP2019,18,25000000.0,ACTIVE,2018-07-21
BR120,BKID000120,Lucknow Commercial Hub Branch,SEMI_URBAN,NORTH,Lucknow,Uttar Pradesh,226012,"Plot No. 137, Commercial Complex, Lucknow, Uttar Pradesh - 226012",+91-0522-6693350,EMP2020,11,10000000.0,ACTIVE,2001-10-25
BR121,BKID000121,Kanpur Main Branch,RURAL,NORTH,Kanpur,Uttar Pradesh,208061,"Plot No. 62, Commercial Complex, Kanpur, Uttar Pradesh - 208061",+91-0512-3496176,EMP2021,4,10000000.0,ACTIVE,2003-07-15
BR122,BKID000122,Varanasi Commercial Hub Branch,METRO_METROPOLITAN,NORTH,Varanasi,Uttar Pradesh,221012,"Plot No. 101, Commercial Complex, Varanasi, Uttar Pradesh - 221012",+91-0542-2416880,EMP2022,34,50000000.0,ACTIVE,2001-11-29
BR123,BKID000123,Chandigarh Main Branch,URBAN,NORTH,Chandigarh,Chandigarh,160063,"Plot No. 129, Commercial Complex, Chandigarh, Chandigarh - 160063",+91-0172-7595108,EMP2023,12,50000000.0,ACTIVE,2014-05-16
BR124,BKID000124,Jaipur Commercial Hub Branch,URBAN,NORTH,Jaipur,Rajasthan,302041,"Plot No. 68, Commercial Complex, Jaipur, Rajasthan - 302041",+91-0141-2681669,EMP2024,16,25000000.0,ACTIVE,2011-07-20
BR125,BKID000125,Udaipur Main Branch,METRO_METROPOLITAN,NORTH,Udaipur,Rajasthan,313079,"Plot No. 139, Commercial Complex, Udaipur, Rajasthan - 313079",+91-0294-3661909,EMP2025,33,50000000.0,UNDER_RENOVATION,2011-09-22
BR126,BKID000126,Kolkata Commercial Hub Branch,METRO_METROPOLITAN,EAST,Kolkata,West Bengal,700012,"Plot No. 147, Commercial Complex, Kolkata, West Bengal - 700012",+91-033-6506259,EMP2026,20,150000000.0,UNDER_RENOVATION,2022-10-30
BR127,BKID000127,Howrah Main Branch,METRO_METROPOLITAN,EAST,Howrah,West Bengal,711142,"Plot No. 128, Commercial Complex, Howrah, West Bengal - 711142",+91-033-6671399,EMP2027,24,100000000.0,ACTIVE,2012-12-19
BR128,BKID000128,Bhubaneswar Commercial Hub Branch,URBAN,EAST,Bhubaneswar,Odisha,751098,"Plot No. 42, Commercial Complex, Bhubaneswar, Odisha - 751098",+91-0674-2374705,EMP2028,12,25000000.0,ACTIVE,2017-03-19
BR129,BKID000129,Patna Main Branch,SEMI_URBAN,EAST,Patna,Bihar,800069,"Plot No. 2, Commercial Complex, Patna, Bihar - 800069",+91-0612-6567920,EMP2029,6,20000000.0,ACTIVE,2012-06-14
BR130,BKID000130,Guwahati Commercial Hub Branch,RURAL,EAST,Guwahati,Assam,781018,"Plot No. 99, Commercial Complex, Guwahati, Assam - 781018",+91-0361-8561000,EMP2030,6,10000000.0,ACTIVE,2006-03-05
BR131,BKID000131,Ahmedabad Main Branch,SEMI_URBAN,WEST,Ahmedabad,Gujarat,380033,"Plot No. 75, Commercial Complex, Ahmedabad, Gujarat - 380033",+91-079-7665395,EMP2031,6,20000000.0,ACTIVE,2015-03-02
BR132,BKID000132,Surat Commercial Hub Branch,SEMI_URBAN,WEST,Surat,Gujarat,395098,"Plot No. 93, Commercial Complex, Surat, Gujarat - 395098",+91-0261-7980258,EMP2032,7,20000000.0,ACTIVE,2013-08-13
BR133,BKID000133,Vadodara Main Branch,URBAN,WEST,Vadodara,Gujarat,390089,"Plot No. 68, Commercial Complex, Vadodara, Gujarat - 390089",+91-0265-3360828,EMP2033,10,50000000.0,ACTIVE,2013-06-12
BR134,BKID000134,Rajkot Commercial Hub Branch,SEMI_URBAN,WEST,Rajkot,Gujarat,360026,"Plot No. 33, Commercial Complex, Rajkot, Gujarat - 360026",+91-0281-8099583,EMP2034,9,10000000.0,ACTIVE,2022-01-15
BR135,BKID000135,Indore Main Branch,URBAN,CENTRAL,Indore,Madhya Pradesh,452060,"Plot No. 8, Commercial Complex, Indore, Madhya Pradesh - 452060",+91-0731-8105525,EMP2035,11,25000000.0,UNDER_RENOVATION,2013-05-25
BR136,BKID000136,Bhopal Commercial Hub Branch,URBAN,CENTRAL,Bhopal,Madhya Pradesh,462078,"Plot No. 147, Commercial Complex, Bhopal, Madhya Pradesh - 462078",+91-0755-6924207,EMP2036,13,25000000.0,ACTIVE,2021-01-09
BR137,BKID000137,Raipur Main Branch,METRO_METROPOLITAN,CENTRAL,Raipur,Chhattisgarh,492039,"Plot No. 46, Commercial Complex, Raipur, Chhattisgarh - 492039",+91-0771-5451356,EMP2037,23,150000000.0,ACTIVE,2002-11-26
BR138,BKID000138,Visakhapatnam Commercial Hub Branch,RURAL,SOUTH,Visakhapatnam,Andhra Pradesh,530055,"Plot No. 99, Commercial Complex, Visakhapatnam, Andhra Pradesh - 530055",+91-0891-2115294,EMP2038,7,5000000.0,ACTIVE,2000-07-09
BR139,BKID000139,Vijayawada Main Branch,METRO_METROPOLITAN,SOUTH,Vijayawada,Andhra Pradesh,520076,"Plot No. 18, Commercial Complex, Vijayawada, Andhra Pradesh - 520076",+91-0866-8545535,EMP2039,27,150000000.0,ACTIVE,2018-05-15
BR140,BKID000140,Dehradun Commercial Hub Branch,URBAN,NORTH,Dehradun,Uttarakhand,248041,"Plot No. 86, Commercial Complex, Dehradun, Uttarakhand - 248041",+91-0135-7246894,EMP2040,16,50000000.0,ACTIVE,2021-05-16
BR141,BKID000141,Shimla Main Branch,URBAN,NORTH,Shimla,Himachal Pradesh,171026,"Plot No. 137, Commercial Complex, Shimla, Himachal Pradesh - 171026",+91-0177-6353127,EMP2041,15,50000000.0,ACTIVE,2019-09-24
BR142,BKID000142,Ranchi Commercial Hub Branch,METRO_METROPOLITAN,EAST,Ranchi,Jharkhand,834059,"Plot No. 13, Commercial Complex, Ranchi, Jharkhand - 834059",+91-0651-2797079,EMP2042,24,50000000.0,ACTIVE,2013-02-01
BR143,BKID000143,Jamshedpur Main Branch,METRO_METROPOLITAN,EAST,Jamshedpur,Jharkhand,831096,"Plot No. 92, Commercial Complex, Jamshedpur, Jharkhand - 831096",+91-0657-3172622,EMP2043,19,100000000.0,ACTIVE,2016-03-16
BR144,BKID000144,Amritsar Commercial Hub Branch,URBAN,NORTH,Amritsar,Punjab,143034,"Plot No. 63, Commercial Complex, Amritsar, Punjab - 143034",+91-0183-5198649,EMP2044,15,50000000.0,ACTIVE,2020-07-23
BR145,BKID000145,Ludhiana Main Branch,METRO_METROPOLITAN,NORTH,Ludhiana,Punjab,141079,"Plot No. 54, Commercial Complex, Ludhiana, Punjab - 141079",+91-0161-4281230,EMP2045,28,50000000.0,ACTIVE,2008-07-21
BR146,BKID000146,Agra Commercial Hub Branch,METRO_METROPOLITAN,NORTH,Agra,Uttar Pradesh,282014,"Plot No. 6, Commercial Complex, Agra, Uttar Pradesh - 282014",+91-0562-3004646,EMP2046,30,100000000.0,ACTIVE,2011-05-05
BR147,BKID000147,Meerut Main Branch,URBAN,NORTH,Meerut,Uttar Pradesh,250025,"Plot No. 114, Commercial Complex, Meerut, Uttar Pradesh - 250025",+91-0121-7337356,EMP2047,19,50000000.0,ACTIVE,2013-01-04
BR148,BKID000148,Jabalpur Commercial Hub Branch,URBAN,CENTRAL,Jabalpur,Madhya Pradesh,482067,"Plot No. 90, Commercial Complex, Jabalpur, Madhya Pradesh - 482067",+91-0761-3423286,EMP2048,14,50000000.0,ACTIVE,2022-09-30
BR149,BKID000149,Aurangabad Main Branch,METRO_METROPOLITAN,WEST,Aurangabad,Maharashtra,431021,"Plot No. 129, Commercial Complex, Aurangabad, Maharashtra - 431021",+91-0240-5220468,EMP2049,18,150000000.0,ACTIVE,2021-05-15
BR150,BKID000150,Solapur Commercial Hub Branch,METRO_METROPOLITAN,WEST,Solapur,Maharashtra,413010,"Plot No. 69, Commercial Complex, Solapur, Maharashtra - 413010",+91-0217-6601020,EMP2050,20,100000000.0,ACTIVE,2004-08-06
