card_id,customer_id,card_number_masked,card_network,card_variant,credit_limit,outstanding_balance,available_limit,card_status,issue_date,expiry_date
CC20000,C1361,5610-XXXX-XXXX-1721,MASTERCARD,TITANIUM,800000.0,188349.21,611650.79,ACTIVE,2022-05-15,2027-05-15
CC20001,C1073,4970-XXXX-XXXX-4357,VISA,GOLD,150000.0,37301.09,112698.91,ACTIVE,2024-01-22,2029-01-22
CC20002,C1374,4597-XXXX-XXXX-7751,VISA,GOLD,200000.0,34160.95,165839.05,ACTIVE,2022-11-16,2027-11-16
CC20003,C1155,5337-XXXX-XXXX-2756,MASTERCARD,GOLD,200000.0,64572.43,135427.57,EXPIRED,2021-03-20,2026-03-20
CC20004,C1104,5437-XXXX-XXXX-2117,MASTERCARD,GOLD,250000.0,17024.88,232975.12,ACTIVE,2022-09-14,2027-09-14
CC20005,C1394,4270-XXXX-XXXX-3828,VISA,TITANIUM,800000.0,138905.25,661094.75,ACTIVE,2024-05-25,2029-05-25
CC20006,C1377,6666-XXXX-XXXX-2647,RUPAY,TITANIUM,600000.0,176401.45,423598.55,ACTIVE,2023-08-05,2028-08-05
CC20007,C1124,5566-XXXX-XXXX-7992,MASTERCARD,TITANIUM,750000.0,130098.96,619901.04,BLOCKED,2021-12-24,2026-12-24
CC20008,C1068,5242-XXXX-XXXX-7771,MASTERCARD,GOLD,250000.0,20721.4,229278.6,CLOSED,2022-09-10,2027-09-10
CC20009,C1450,5463-XXXX-XXXX-3761,MASTERCARD,PLATINUM,300000.0,66651.95,233348.05,ACTIVE,2022-05-22,2027-05-22
CC20010,C1009,6664-XXXX-XXXX-7622,RUPAY,GOLD,150000.0,23485.21,126514.79,BLOCKED,2025-05-02,2030-05-02
CC20011,C1194,5516-XXXX-XXXX-8069,MASTERCARD,GOLD,150000.0,37842.04,112157.96,ACTIVE,2024-04-19,2029-04-19
CC20012,C1406,5407-XXXX-XXXX-2848,MASTERCARD,SILVER,75000.0,31521.06,43478.94,ACTIVE,2022-07-30,2027-07-30
CC20013,C1084,5793-XXXX-XXXX-3696,MASTERCARD,PLATINUM,400000.0,84167.73,315832.27,ACTIVE,2024-06-23,2029-06-23
CC20014,C1371,4143-XXXX-XXXX-4072,VISA,PLATINUM,400000.0,136243.04,263756.96,EXPIRED,2021-09-01,2026-09-01
CC20015,C1388,4942-XXXX-XXXX-3786,VISA,GOLD,150000.0,50251.38,99748.62,ACTIVE,2022-05-21,2027-05-21
CC20016,C1495,5364-XXXX-XXXX-4791,MASTERCARD,PLATINUM,300000.0,8288.65,291711.35,ACTIVE,2022-02-26,2027-02-26
CC20017,C1030,5882-XXXX-XXXX-4871,MASTERCARD,GOLD,200000.0,86234.59,113765.41,ACTIVE,2024-09-05,2029-09-05
CC20018,C1316,5336-XXXX-XXXX-2504,MASTERCARD,SILVER,75000.0,22165.59,52834.41,ACTIVE,2024-01-16,2029-01-16
CC20019,C1408,4171-XXXX-XXXX-8117,VISA,SILVER,75000.0,20010.4,54989.6,ACTIVE,2021-08-05,2026-08-05
CC20020,C1490,5289-XXXX-XXXX-2690,MASTERCARD,SILVER,50000.0,1988.65,48011.35,ACTIVE,2025-02-22,2030-02-22
CC20021,C1491,4141-XXXX-XXXX-4303,VISA,SILVER,75000.0,29068.23,45931.77,ACTIVE,2025-03-23,2030-03-23
CC20022,C1280,5962-XXXX-XXXX-8850,MASTERCARD,SILVER,50000.0,30282.15,19717.85,ACTIVE,2024-07-25,2029-07-25
CC20023,C1356,5580-XXXX-XXXX-7416,MASTERCARD,GOLD,150000.0,65550.22,84449.78,ACTIVE,2026-02-16,2031-02-16
CC20024,C1076,5824-XXXX-XXXX-9924,MASTERCARD,SILVER,100000.0,20764.36,79235.64,ACTIVE,2025-10-12,2030-10-12
CC20025,C1461,5523-XXXX-XXXX-4924,MASTERCARD,GOLD,200000.0,71864.71,128135.29,ACTIVE,2023-10-06,2028-10-06
CC20026,C1497,5441-XXXX-XXXX-5485,MASTERCARD,SILVER,50000.0,9846.66,40153.34,ACTIVE,2024-04-07,2029-04-07
CC20027,C1211,4592-XXXX-XXXX-9100,VISA,GOLD,150000.0,47757.37,102242.63,ACTIVE,2021-11-26,2026-11-26
CC20028,C1101,5598-XXXX-XXXX-1191,MASTERCARD,SILVER,75000.0,25137.15,49862.85,ACTIVE,2022-10-12,2027-10-12
CC20029,C1334,4811-XXXX-XXXX-5917,VISA,SILVER,75000.0,12457.23,62542.77,ACTIVE,2025-01-04,2030-01-04
CC20030,C1475,5470-XXXX-XXXX-5322,MASTERCARD,GOLD,250000.0,91617.73,158382.27,ACTIVE,2022-01-26,2027-01-26
CC20031,C1336,5916-XXXX-XXXX-7999,MASTERCARD,GOLD,250000.0,57503.21,192496.79,ACTIVE,2025-02-28,2030-02-28
CC20032,C1440,5549-XXXX-XXXX-8282,MASTERCARD,SILVER,100000.0,21333.63,78666.37,ACTIVE,2022-01-16,2027-01-16
CC20033,C1173,5970-XXXX-XXXX-2874,MASTERCARD,TITANIUM,800000.0,365758.9,434241.1,ACTIVE,2024-08-22,2029-08-22
CC20034,C1002,5372-XXXX-XXXX-5763,MASTERCARD,SILVER,50000.0,10582.32,39417.68,ACTIVE,2023-01-12,2028-01-12
CC20035,C1333,6649-XXXX-XXXX-2051,RUPAY,GOLD,200000.0,26625.38,173374.62,ACTIVE,2023-03-31,2028-03-31
CC20036,C1409,4343-XXXX-XXXX-8538,VISA,SIGNATURE,1000000.0,617099.71,382900.29,ACTIVE,2022-11-04,2027-11-04
CC20037,C1070,4398-XXXX-XXXX-7320,VISA,GOLD,150000.0,75689.01,74310.99,ACTIVE,2022-05-28,2027-05-28
CC20038,C1209,4368-XXXX-XXXX-3105,VISA,GOLD,200000.0,20390.67,179609.33,EXPIRED,2025-11-07,2030-11-07
CC20039,C1063,4669-XXXX-XXXX-1307,VISA,GOLD,200000.0,25905.62,174094.38,ACTIVE,2023-08-07,2028-08-07
CC20040,C1384,5204-XXXX-XXXX-4359,MASTERCARD,GOLD,250000.0,42216.46,207783.54,ACTIVE,2024-04-26,2029-04-26
CC20041,C1093,6346-XXXX-XXXX-2251,RUPAY,PLATINUM,300000.0,113293.05,186706.95,ACTIVE,2023-07-19,2028-07-19
CC20042,C1485,4182-XXXX-XXXX-2517,VISA,SILVER,50000.0,19431.44,30568.56,ACTIVE,2025-03-20,2030-03-20
CC20043,C1185,4351-XXXX-XXXX-6305,VISA,SILVER,50000.0,16484.72,33515.28,ACTIVE,2023-07-02,2028-07-02
CC20044,C1033,4971-XXXX-XXXX-6869,VISA,GOLD,250000.0,4723.97,245276.03,ACTIVE,2022-10-06,2027-10-06
CC20045,C1077,5996-XXXX-XXXX-5891,MASTERCARD,TITANIUM,600000.0,207939.21,392060.79,BLOCKED,2022-03-03,2027-03-03
CC20046,C1000,5309-XXXX-XXXX-2961,MASTERCARD,GOLD,150000.0,27290.85,122709.15,CLOSED,2022-05-17,2027-05-17
CC20047,C1011,4907-XXXX-XXXX-3863,VISA,SILVER,50000.0,4664.23,45335.77,ACTIVE,2022-12-31,2027-12-31
CC20048,C1415,6571-XXXX-XXXX-7603,RUPAY,GOLD,250000.0,65079.86,184920.14,ACTIVE,2024-07-07,2029-07-07
CC20049,C1022,5591-XXXX-XXXX-7513,MASTERCARD,PLATINUM,400000.0,96524.9,303475.1,ACTIVE,2025-03-17,2030-03-17
CC20050,C1072,4687-XXXX-XXXX-1183,VISA,SILVER,50000.0,10324.41,39675.59,ACTIVE,2021-03-12,2026-03-12
CC20051,C1182,5571-XXXX-XXXX-4358,MASTERCARD,SILVER,100000.0,12172.91,87827.09,ACTIVE,2022-04-23,2027-04-23
CC20052,C1131,5848-XXXX-XXXX-7797,MASTERCARD,GOLD,150000.0,30651.86,119348.14,ACTIVE,2024-04-16,2029-04-16
CC20053,C1410,4610-XXXX-XXXX-9728,VISA,GOLD,200000.0,74213.94,125786.06,ACTIVE,2022-04-02,2027-04-02
CC20054,C1193,4349-XXXX-XXXX-6698,VISA,SILVER,100000.0,1970.39,98029.61,ACTIVE,2021-07-08,2026-07-08
CC20055,C1055,4729-XXXX-XXXX-7653,VISA,SILVER,50000.0,19539.65,30460.35,ACTIVE,2021-10-18,2026-10-18
CC20056,C1148,4381-XXXX-XXXX-2096,VISA,SILVER,50000.0,29688.43,20311.57,ACTIVE,2025-03-24,2030-03-24
CC20057,C1018,5251-XXXX-XXXX-9002,MASTERCARD,SILVER,75000.0,21895.66,53104.34,ACTIVE,2025-11-24,2030-11-24
CC20058,C1204,6382-XXXX-XXXX-6314,RUPAY,SIGNATURE,1500000.0,613186.14,886813.86,ACTIVE,2023-07-09,2028-07-09
CC20059,C1078,4262-XXXX-XXXX-1270,VISA,PLATINUM,400000.0,16562.09,383437.91,ACTIVE,2021-10-19,2026-10-19
CC20060,C1494,4450-XXXX-XXXX-7305,VISA,SILVER,100000.0,46905.69,53094.31,EXPIRED,2026-05-24,2031-05-24
CC20061,C1262,4239-XXXX-XXXX-7995,VISA,SIGNATURE,1000000.0,42438.58,957561.42,ACTIVE,2023-01-26,2028-01-26
CC20062,C1323,4186-XXXX-XXXX-8299,VISA,GOLD,250000.0,14816.37,235183.63,BLOCKED,2025-07-17,2030-07-17
CC20063,C1483,5467-XXXX-XXXX-3230,MASTERCARD,GOLD,200000.0,66775.86,133224.14,ACTIVE,2026-01-09,2031-01-09
CC20064,C1079,4345-XXXX-XXXX-1128,VISA,GOLD,250000.0,43106.24,206893.76,ACTIVE,2024-07-30,2029-07-30
CC20065,C1039,4677-XXXX-XXXX-4672,VISA,SILVER,75000.0,30876.93,44123.07,ACTIVE,2025-04-17,2030-04-17
CC20066,C1451,4998-XXXX-XXXX-5765,VISA,SILVER,75000.0,7587.83,67412.17,ACTIVE,2026-02-13,2031-02-13
CC20067,C1046,5248-XXXX-XXXX-8545,MASTERCARD,GOLD,150000.0,73791.96,76208.04,ACTIVE,2022-01-12,2027-01-12
CC20068,C1238,4727-XXXX-XXXX-6552,VISA,GOLD,250000.0,45729.03,204270.97,ACTIVE,2025-08-09,2030-08-09
CC20069,C1391,5580-XXXX-XXXX-7589,MASTERCARD,SILVER,75000.0,35381.75,39618.25,ACTIVE,2024-03-25,2029-03-25
CC20070,C1352,4864-XXXX-XXXX-3341,VISA,TITANIUM,800000.0,540497.14,259502.86,BLOCKED,2022-05-23,2027-05-23
CC20071,C1341,5349-XXXX-XXXX-9185,MASTERCARD,PLATINUM,300000.0,76914.48,223085.52,CLOSED,2024-12-07,2029-12-07
CC20072,C1277,5401-XXXX-XXXX-3925,MASTERCARD,SILVER,75000.0,8206.23,66793.77,ACTIVE,2022-06-12,2027-06-12
CC20073,C1290,4888-XXXX-XXXX-8192,VISA,TITANIUM,750000.0,427827.18,322172.82,ACTIVE,2024-10-10,2029-10-10
CC20074,C1317,4974-XXXX-XXXX-3672,VISA,SIGNATURE,1500000.0,406234.03,1093765.97,EXPIRED,2022-07-13,2027-07-13
CC20075,C1304,6463-XXXX-XXXX-8279,RUPAY,SIGNATURE,1000000.0,252163.8,747836.2,BLOCKED,2025-11-22,2030-11-22
CC20076,C1268,6190-XXXX-XXXX-9662,RUPAY,SILVER,50000.0,2177.71,47822.29,CLOSED,2024-04-25,2029-04-25
CC20077,C1069,5760-XXXX-XXXX-9721,MASTERCARD,PLATINUM,500000.0,124665.04,375334.96,ACTIVE,2023-11-21,2028-11-21
CC20078,C1455,5838-XXXX-XXXX-5059,MASTERCARD,GOLD,150000.0,29376.78,120623.22,ACTIVE,2021-09-17,2026-09-17
CC20079,C1465,6971-XXXX-XXXX-3773,RUPAY,PLATINUM,500000.0,41138.86,458861.14,ACTIVE,2022-02-25,2027-02-25
CC20080,C1154,5651-XXXX-XXXX-9383,MASTERCARD,SIGNATURE,1000000.0,65214.61,934785.39,ACTIVE,2025-04-02,2030-04-02
CC20081,C1082,4237-XXXX-XXXX-8409,VISA,GOLD,150000.0,41807.53,108192.47,ACTIVE,2025-04-24,2030-04-24
CC20082,C1477,6279-XXXX-XXXX-5440,RUPAY,PLATINUM,400000.0,100076.84,299923.16,ACTIVE,2021-10-31,2026-10-31
CC20083,C1172,4811-XXXX-XXXX-2008,VISA,TITANIUM,600000.0,334415.0,265585.0,ACTIVE,2023-07-31,2028-07-31
CC20084,C1321,5302-XXXX-XXXX-7646,MASTERCARD,PLATINUM,300000.0,57694.18,242305.82,BLOCKED,2026-05-22,2031-05-22
CC20085,C1090,4291-XXXX-XXXX-5668,VISA,GOLD,200000.0,19752.91,180247.09,ACTIVE,2023-11-29,2028-11-29
CC20086,C1180,4989-XXXX-XXXX-3052,VISA,SILVER,50000.0,7054.3,42945.7,ACTIVE,2025-02-21,2030-02-21
CC20087,C1414,4410-XXXX-XXXX-2716,VISA,SILVER,75000.0,17222.82,57777.18,ACTIVE,2025-07-26,2030-07-26
CC20088,C1312,5336-XXXX-XXXX-5538,MASTERCARD,TITANIUM,800000.0,65961.0,734039.0,ACTIVE,2022-06-26,2027-06-26
CC20089,C1278,4296-XXXX-XXXX-4932,VISA,SILVER,100000.0,9046.59,90953.41,ACTIVE,2025-08-21,2030-08-21
CC20090,C1381,4670-XXXX-XXXX-1584,VISA,GOLD,200000.0,63168.39,136831.61,ACTIVE,2024-07-25,2029-07-25
CC20091,C1472,4459-XXXX-XXXX-8616,VISA,SILVER,100000.0,41957.96,58042.04,ACTIVE,2024-05-11,2029-05-11
CC20092,C1362,5129-XXXX-XXXX-3866,MASTERCARD,GOLD,200000.0,126142.01,73857.99,ACTIVE,2023-12-26,2028-12-26
CC20093,C1324,6207-XXXX-XXXX-6898,RUPAY,TITANIUM,750000.0,188572.39,561427.61,ACTIVE,2021-04-18,2026-04-18
CC20094,C1431,5701-XXXX-XXXX-5939,MASTERCARD,TITANIUM,750000.0,478200.23,271799.77,ACTIVE,2021-09-25,2026-09-25
CC20095,C1347,5544-XXXX-XXXX-1890,MASTERCARD,SILVER,50000.0,28546.76,21453.24,ACTIVE,2021-08-10,2026-08-10
CC20096,C1086,6537-XXXX-XXXX-8036,RUPAY,TITANIUM,750000.0,107071.41,642928.59,ACTIVE,2026-01-02,2031-01-02
CC20097,C1075,5989-XXXX-XXXX-9923,MASTERCARD,GOLD,250000.0,91160.24,158839.76,ACTIVE,2025-04-03,2030-04-03
CC20098,C1438,4714-XXXX-XXXX-3504,VISA,SILVER,75000.0,25688.37,49311.63,EXPIRED,2024-01-19,2029-01-19
CC20099,C1015,4797-XXXX-XXXX-4806,VISA,PLATINUM,300000.0,169456.56,130543.44,CLOSED,2022-11-24,2027-11-24
CC20100,C1249,4795-XXXX-XXXX-7100,VISA,GOLD,200000.0,17216.06,182783.94,ACTIVE,2021-09-12,2026-09-12
CC20101,C1433,4663-XXXX-XXXX-7686,VISA,SILVER,100000.0,57781.19,42218.81,ACTIVE,2025-01-18,2030-01-18
CC20102,C1019,4687-XXXX-XXXX-8000,VISA,PLATINUM,500000.0,264906.16,235093.84,ACTIVE,2021-09-10,2026-09-10
CC20103,C1322,5538-XXXX-XXXX-1896,MASTERCARD,SILVER,75000.0,22022.27,52977.73,ACTIVE,2021-09-14,2026-09-14
CC20104,C1332,4651-XXXX-XXXX-9469,VISA,SILVER,100000.0,8983.41,91016.59,ACTIVE,2022-01-18,2027-01-18
CC20105,C1056,5932-XXXX-XXXX-3432,MASTERCARD,GOLD,200000.0,23480.59,176519.41,ACTIVE,2022-03-18,2027-03-18
CC20106,C1301,5525-XXXX-XXXX-7837,MASTERCARD,SILVER,75000.0,31065.63,43934.37,ACTIVE,2026-02-25,2031-02-25
CC20107,C1229,4434-XXXX-XXXX-5500,VISA,GOLD,150000.0,48781.9,101218.1,ACTIVE,2022-08-22,2027-08-22
CC20108,C1331,5777-XXXX-XXXX-5117,MASTERCARD,GOLD,200000.0,33531.32,166468.68,ACTIVE,2024-01-19,2029-01-19
CC20109,C1132,5307-XXXX-XXXX-3028,MASTERCARD,PLATINUM,500000.0,193741.5,306258.5,ACTIVE,2025-11-08,2030-11-08
CC20110,C1137,4786-XXXX-XXXX-7845,VISA,PLATINUM,400000.0,47293.95,352706.05,ACTIVE,2022-01-25,2027-01-25
CC20111,C1423,5628-XXXX-XXXX-6904,MASTERCARD,PLATINUM,300000.0,91809.57,208190.43,ACTIVE,2022-08-05,2027-08-05
CC20112,C1335,5265-XXXX-XXXX-9848,MASTERCARD,PLATINUM,300000.0,56672.65,243327.35,ACTIVE,2023-12-04,2028-12-04
CC20113,C1025,5689-XXXX-XXXX-5591,MASTERCARD,GOLD,250000.0,60410.74,189589.26,CLOSED,2025-10-02,2030-10-02
CC20114,C1464,5873-XXXX-XXXX-5524,MASTERCARD,SILVER,75000.0,10012.13,64987.87,ACTIVE,2025-08-15,2030-08-15
CC20115,C1281,5625-XXXX-XXXX-7509,MASTERCARD,GOLD,200000.0,52004.61,147995.39,ACTIVE,2022-08-21,2027-08-21
CC20116,C1247,5544-XXXX-XXXX-1071,MASTERCARD,GOLD,250000.0,120036.2,129963.8,ACTIVE,2021-01-19,2026-01-19
CC20117,C1237,4894-XXXX-XXXX-4580,VISA,SILVER,50000.0,8191.89,41808.11,ACTIVE,2024-01-30,2029-01-30
CC20118,C1117,4852-XXXX-XXXX-1268,VISA,GOLD,150000.0,10146.15,139853.85,CLOSED,2026-04-22,2031-04-22
CC20119,C1042,4344-XXXX-XXXX-3462,VISA,GOLD,250000.0,113784.15,136215.85,ACTIVE,2022-08-30,2027-08-30
CC20120,C1220,5774-XXXX-XXXX-2015,MASTERCARD,PLATINUM,500000.0,219807.46,280192.54,ACTIVE,2025-11-25,2030-11-25
CC20121,C1176,4506-XXXX-XXXX-8984,VISA,SIGNATURE,1000000.0,323478.51,676521.49,ACTIVE,2024-10-12,2029-10-12
CC20122,C1320,6125-XXXX-XXXX-8384,RUPAY,GOLD,250000.0,89467.89,160532.11,EXPIRED,2025-04-15,2030-04-15
CC20123,C1153,5104-XXXX-XXXX-8982,MASTERCARD,SILVER,75000.0,14002.91,60997.09,EXPIRED,2025-11-20,2030-11-20
CC20124,C1231,5631-XXXX-XXXX-1985,MASTERCARD,SILVER,100000.0,50574.52,49425.48,ACTIVE,2026-05-16,2031-05-16
CC20125,C1227,6809-XXXX-XXXX-5485,RUPAY,TITANIUM,750000.0,148873.93,601126.07,ACTIVE,2021-02-02,2026-02-02
CC20126,C1417,5547-XXXX-XXXX-3618,MASTERCARD,TITANIUM,800000.0,211809.43,588190.57,ACTIVE,2024-06-06,2029-06-06
CC20127,C1203,6487-XXXX-XXXX-7289,RUPAY,SILVER,75000.0,6688.14,68311.86,ACTIVE,2025-03-28,2030-03-28
CC20128,C1126,4348-XXXX-XXXX-7928,VISA,GOLD,250000.0,21970.22,228029.78,ACTIVE,2025-07-12,2030-07-12
CC20129,C1329,5561-XXXX-XXXX-5621,MASTERCARD,SILVER,50000.0,2631.87,47368.13,ACTIVE,2023-05-12,2028-05-12
CC20130,C1031,4118-XXXX-XXXX-8566,VISA,SILVER,100000.0,23228.51,76771.49,ACTIVE,2021-06-04,2026-06-04
CC20131,C1113,4590-XXXX-XXXX-5670,VISA,SILVER,75000.0,19097.4,55902.6,ACTIVE,2024-12-17,2029-12-17
CC20132,C1470,5518-XXXX-XXXX-2003,MASTERCARD,SILVER,100000.0,43787.65,56212.35,ACTIVE,2023-06-24,2028-06-24
CC20133,C1271,5518-XXXX-XXXX-8504,MASTERCARD,SIGNATURE,2000000.0,315134.1,1684865.9,ACTIVE,2024-06-23,2029-06-23
CC20134,C1140,4711-XXXX-XXXX-2939,VISA,GOLD,150000.0,25315.66,124684.34,EXPIRED,2022-02-09,2027-02-09
CC20135,C1057,5221-XXXX-XXXX-9095,MASTERCARD,SILVER,75000.0,15846.82,59153.18,ACTIVE,2023-04-24,2028-04-24
CC20136,C1192,6416-XXXX-XXXX-2895,RUPAY,PLATINUM,400000.0,210537.96,189462.04,ACTIVE,2025-11-18,2030-11-18
CC20137,C1024,5244-XXXX-XXXX-7524,MASTERCARD,TITANIUM,600000.0,306410.29,293589.71,BLOCKED,2025-04-14,2030-04-14
CC20138,C1017,5164-XXXX-XXXX-2073,MASTERCARD,SIGNATURE,1500000.0,307880.72,1192119.28,ACTIVE,2024-03-30,2029-03-30
CC20139,C1265,5899-XXXX-XXXX-3402,MASTERCARD,SILVER,100000.0,42628.61,57371.39,ACTIVE,2023-01-17,2028-01-17
CC20140,C1066,6240-XXXX-XXXX-8331,RUPAY,SILVER,75000.0,36519.52,38480.48,ACTIVE,2025-09-22,2030-09-22
CC20141,C1208,5979-XXXX-XXXX-2956,MASTERCARD,SILVER,50000.0,34516.39,15483.61,ACTIVE,2024-02-15,2029-02-15
CC20142,C1479,5907-XXXX-XXXX-4907,MASTERCARD,SILVER,50000.0,14358.84,35641.16,CLOSED,2021-09-28,2026-09-28
CC20143,C1094,6819-XXXX-XXXX-9378,RUPAY,SILVER,75000.0,14859.58,60140.42,ACTIVE,2023-02-09,2028-02-09
CC20144,C1253,6289-XXXX-XXXX-5827,RUPAY,GOLD,150000.0,18996.3,131003.7,ACTIVE,2025-09-12,2030-09-12
CC20145,C1266,4957-XXXX-XXXX-5524,VISA,SILVER,50000.0,15574.49,34425.51,ACTIVE,2025-02-19,2030-02-19
CC20146,C1023,4293-XXXX-XXXX-3284,VISA,SILVER,100000.0,41070.88,58929.12,ACTIVE,2026-03-24,2031-03-24
CC20147,C1222,4235-XXXX-XXXX-1757,VISA,SILVER,50000.0,9147.65,40852.35,ACTIVE,2021-06-21,2026-06-21
CC20148,C1261,4882-XXXX-XXXX-5887,VISA,SILVER,100000.0,16907.48,83092.52,EXPIRED,2026-05-28,2031-05-28
CC20149,C1426,5656-XXXX-XXXX-4558,MASTERCARD,SILVER,75000.0,28698.51,46301.49,ACTIVE,2021-10-01,2026-10-01
CC20150,C1005,5875-XXXX-XXXX-1961,MASTERCARD,GOLD,200000.0,107133.45,92866.55,BLOCKED,2021-09-16,2026-09-16
CC20151,C1116,5603-XXXX-XXXX-7726,MASTERCARD,SILVER,75000.0,50115.57,24884.43,ACTIVE,2024-03-04,2029-03-04
CC20152,C1045,4202-XXXX-XXXX-3418,VISA,SILVER,75000.0,34605.88,40394.12,ACTIVE,2025-09-03,2030-09-03
CC20153,C1016,6224-XXXX-XXXX-2001,RUPAY,GOLD,250000.0,26566.96,223433.04,ACTIVE,2025-10-12,2030-10-12
CC20154,C1462,5897-XXXX-XXXX-8119,MASTERCARD,GOLD,250000.0,38256.88,211743.12,ACTIVE,2025-11-07,2030-11-07
CC20155,C1357,5981-XXXX-XXXX-9849,MASTERCARD,SILVER,75000.0,2272.01,72727.99,EXPIRED,2022-02-26,2027-02-26
CC20156,C1003,6984-XXXX-XXXX-6316,RUPAY,SILVER,50000.0,4541.27,45458.73,EXPIRED,2024-12-15,2029-12-15
CC20157,C1218,5671-XXXX-XXXX-1422,MASTERCARD,SILVER,50000.0,10844.07,39155.93,ACTIVE,2024-04-24,2029-04-24
CC20158,C1405,4481-XXXX-XXXX-5266,VISA,TITANIUM,800000.0,55650.16,744349.84,ACTIVE,2026-05-07,2031-05-07
CC20159,C1060,5762-XXXX-XXXX-7316,MASTERCARD,GOLD,150000.0,42546.56,107453.44,ACTIVE,2021-12-30,2026-12-30
CC20160,C1110,4449-XXXX-XXXX-9644,VISA,GOLD,150000.0,29208.33,120791.67,ACTIVE,2025-06-19,2030-06-19
CC20161,C1318,4733-XXXX-XXXX-9069,VISA,TITANIUM,800000.0,228647.23,571352.77,ACTIVE,2022-01-13,2027-01-13
CC20162,C1428,5719-XXXX-XXXX-3541,MASTERCARD,SILVER,100000.0,21961.99,78038.01,ACTIVE,2025-03-27,2030-03-27
CC20163,C1029,4192-XXXX-XXXX-4075,VISA,TITANIUM,750000.0,158197.64,591802.36,ACTIVE,2022-08-03,2027-08-03
CC20164,C1437,5387-XXXX-XXXX-3053,MASTERCARD,GOLD,150000.0,57292.37,92707.63,ACTIVE,2023-06-10,2028-06-10
CC20165,C1471,4245-XXXX-XXXX-6737,VISA,SILVER,100000.0,10935.1,89064.9,ACTIVE,2022-12-23,2027-12-23
CC20166,C1026,6989-XXXX-XXXX-2447,RUPAY,GOLD,150000.0,57201.26,92798.74,ACTIVE,2024-05-04,2029-05-04
CC20167,C1007,4556-XXXX-XXXX-1607,VISA,PLATINUM,300000.0,28413.07,271586.93,ACTIVE,2023-05-31,2028-05-31
CC20168,C1453,6301-XXXX-XXXX-2764,RUPAY,GOLD,150000.0,18885.97,131114.03,ACTIVE,2024-01-27,2029-01-27
CC20169,C1108,5475-XXXX-XXXX-3671,MASTERCARD,SIGNATURE,1000000.0,46391.76,953608.24,ACTIVE,2022-08-28,2027-08-28
CC20170,C1037,4546-XXXX-XXXX-4962,VISA,SILVER,100000.0,22851.23,77148.77,ACTIVE,2021-01-22,2026-01-22
CC20171,C1157,5750-XXXX-XXXX-4177,MASTERCARD,PLATINUM,400000.0,55098.16,344901.84,ACTIVE,2025-01-13,2030-01-13
CC20172,C1489,6500-XXXX-XXXX-5906,RUPAY,SILVER,50000.0,10119.41,39880.59,ACTIVE,2024-04-10,2029-04-10
CC20173,C1118,5487-XXXX-XXXX-8263,MASTERCARD,PLATINUM,500000.0,43422.28,456577.72,ACTIVE,2022-01-18,2027-01-18
CC20174,C1114,4551-XXXX-XXXX-6054,VISA,GOLD,200000.0,109967.3,90032.7,ACTIVE,2021-05-14,2026-05-14
CC20175,C1175,5515-XXXX-XXXX-1808,MASTERCARD,SILVER,50000.0,26709.22,23290.78,ACTIVE,2024-12-20,2029-12-20
CC20176,C1373,5603-XXXX-XXXX-1725,MASTERCARD,SILVER,50000.0,18178.9,31821.1,ACTIVE,2023-11-15,2028-11-15
CC20177,C1181,5292-XXXX-XXXX-8701,MASTERCARD,SILVER,75000.0,2215.1,72784.9,BLOCKED,2022-05-18,2027-05-18
CC20178,C1144,5249-XXXX-XXXX-5051,MASTERCARD,SILVER,75000.0,22388.29,52611.71,ACTIVE,2024-04-23,2029-04-23
CC20179,C1369,4878-XXXX-XXXX-3806,VISA,SILVER,75000.0,32860.92,42139.08,ACTIVE,2024-01-14,2029-01-14
CC20180,C1390,4862-XXXX-XXXX-1972,VISA,GOLD,250000.0,90517.72,159482.28,ACTIVE,2025-05-10,2030-05-10
CC20181,C1195,5492-XXXX-XXXX-6634,MASTERCARD,GOLD,250000.0,16860.91,233139.09,ACTIVE,2025-11-22,2030-11-22
CC20182,C1404,4175-XXXX-XXXX-8483,VISA,PLATINUM,500000.0,232027.58,267972.42,ACTIVE,2021-05-24,2026-05-24
CC20183,C1275,4369-XXXX-XXXX-9790,VISA,TITANIUM,750000.0,239531.11,510468.89,ACTIVE,2026-03-02,2031-03-02
CC20184,C1454,6629-XXXX-XXXX-1224,RUPAY,GOLD,250000.0,33093.38,216906.62,ACTIVE,2026-04-18,2031-04-18
CC20185,C1141,5813-XXXX-XXXX-2814,MASTERCARD,PLATINUM,400000.0,221902.44,178097.56,ACTIVE,2025-08-30,2030-08-30
CC20186,C1365,5224-XXXX-XXXX-2106,MASTERCARD,PLATINUM,500000.0,68020.0,431980.0,ACTIVE,2024-12-06,2029-12-06
CC20187,C1067,5168-XXXX-XXXX-4246,MASTERCARD,SILVER,50000.0,8166.69,41833.31,ACTIVE,2021-08-12,2026-08-12
CC20188,C1210,5355-XXXX-XXXX-3931,MASTERCARD,SILVER,50000.0,15403.2,34596.8,ACTIVE,2021-08-08,2026-08-08
CC20189,C1168,5336-XXXX-XXXX-3971,MASTERCARD,SILVER,50000.0,4537.74,45462.26,ACTIVE,2021-06-28,2026-06-28
CC20190,C1493,5467-XXXX-XXXX-8415,MASTERCARD,SILVER,100000.0,17217.36,82782.64,ACTIVE,2025-07-13,2030-07-13
CC20191,C1375,4685-XXXX-XXXX-4096,VISA,SILVER,75000.0,18904.78,56095.22,ACTIVE,2022-03-09,2027-03-09
CC20192,C1400,4589-XXXX-XXXX-1717,VISA,SILVER,75000.0,7069.02,67930.98,ACTIVE,2021-09-22,2026-09-22
CC20193,C1272,5124-XXXX-XXXX-7782,MASTERCARD,TITANIUM,800000.0,150761.57,649238.43,CLOSED,2023-08-12,2028-08-12
CC20194,C1109,5147-XXXX-XXXX-9307,MASTERCARD,PLATINUM,300000.0,58877.7,241122.3,ACTIVE,2022-03-05,2027-03-05
CC20195,C1248,4877-XXXX-XXXX-8905,VISA,SILVER,100000.0,63422.83,36577.17,ACTIVE,2025-08-13,2030-08-13
CC20196,C1145,4622-XXXX-XXXX-6578,VISA,SILVER,100000.0,16745.25,83254.75,ACTIVE,2022-02-20,2027-02-20
CC20197,C1092,4504-XXXX-XXXX-2620,VISA,SILVER,75000.0,37998.83,37001.17,ACTIVE,2025-01-16,2030-01-16
CC20198,C1152,4784-XXXX-XXXX-8381,VISA,GOLD,200000.0,23635.42,176364.58,ACTIVE,2022-12-28,2027-12-28
CC20199,C1367,5547-XXXX-XXXX-4792,MASTERCARD,GOLD,250000.0,68159.98,181840.02,ACTIVE,2021-07-16,2026-07-16
CC20200,C1467,4675-XXXX-XXXX-3941,VISA,PLATINUM,300000.0,79207.6,220792.4,ACTIVE,2025-04-27,2030-04-27
CC20201,C1083,5943-XXXX-XXXX-7401,MASTERCARD,SILVER,75000.0,16355.53,58644.47,ACTIVE,2023-12-13,2028-12-13
CC20202,C1245,5430-XXXX-XXXX-7197,MASTERCARD,PLATINUM,300000.0,67733.99,232266.01,ACTIVE,2022-04-25,2027-04-25
CC20203,C1165,5340-XXXX-XXXX-9975,MASTERCARD,SIGNATURE,1500000.0,259566.87,1240433.13,ACTIVE,2025-01-06,2030-01-06
CC20204,C1163,5629-XXXX-XXXX-6874,MASTERCARD,SILVER,100000.0,36629.77,63370.23,ACTIVE,2024-09-15,2029-09-15
CC20205,C1199,4286-XXXX-XXXX-2012,VISA,PLATINUM,500000.0,126430.54,373569.46,ACTIVE,2024-06-28,2029-06-28
CC20206,C1228,5755-XXXX-XXXX-2881,MASTERCARD,GOLD,250000.0,71427.42,178572.58,ACTIVE,2026-01-05,2031-01-05
CC20207,C1074,4530-XXXX-XXXX-5586,VISA,GOLD,250000.0,127544.38,122455.62,ACTIVE,2023-06-09,2028-06-09
CC20208,C1478,4403-XXXX-XXXX-9430,VISA,GOLD,250000.0,78216.56,171783.44,ACTIVE,2025-12-12,2030-12-12
CC20209,C1358,6175-XXXX-XXXX-3345,RUPAY,PLATINUM,500000.0,31819.44,468180.56,CLOSED,2023-07-14,2028-07-14
CC20210,C1250,4741-XXXX-XXXX-6877,VISA,GOLD,150000.0,22501.08,127498.92,ACTIVE,2021-05-03,2026-05-03
CC20211,C1119,4382-XXXX-XXXX-5922,VISA,PLATINUM,300000.0,78173.21,221826.79,ACTIVE,2026-03-18,2031-03-18
CC20212,C1310,5171-XXXX-XXXX-5686,MASTERCARD,TITANIUM,750000.0,170582.76,579417.24,ACTIVE,2024-11-11,2029-11-11
CC20213,C1299,4986-XXXX-XXXX-2902,VISA,GOLD,150000.0,92108.12,57891.88,ACTIVE,2024-09-24,2029-09-24
CC20214,C1255,5991-XXXX-XXXX-5670,MASTERCARD,SIGNATURE,1500000.0,322896.11,1177103.89,ACTIVE,2023-02-17,2028-02-17
CC20215,C1354,4240-XXXX-XXXX-3059,VISA,GOLD,200000.0,37568.56,162431.44,ACTIVE,2021-12-14,2026-12-14
CC20216,C1399,6654-XXXX-XXXX-2789,RUPAY,GOLD,150000.0,78025.21,71974.79,ACTIVE,2021-01-29,2026-01-29
CC20217,C1225,5162-XXXX-XXXX-1016,MASTERCARD,GOLD,200000.0,13870.97,186129.03,ACTIVE,2023-09-02,2028-09-02
CC20218,C1353,5475-XXXX-XXXX-1464,MASTERCARD,SILVER,75000.0,15751.3,59248.7,ACTIVE,2021-02-04,2026-02-04
CC20219,C1234,6619-XXXX-XXXX-2827,RUPAY,PLATINUM,300000.0,78391.69,221608.31,ACTIVE,2025-03-22,2030-03-22
CC20220,C1382,4189-XXXX-XXXX-6956,VISA,GOLD,150000.0,16506.03,133493.97,ACTIVE,2024-11-20,2029-11-20
CC20221,C1274,6903-XXXX-XXXX-5815,RUPAY,GOLD,250000.0,49163.14,200836.86,ACTIVE,2022-09-15,2027-09-15
CC20222,C1036,4729-XXXX-XXXX-3843,VISA,TITANIUM,800000.0,178664.61,621335.39,ACTIVE,2024-08-10,2029-08-10
CC20223,C1196,5881-XXXX-XXXX-7543,MASTERCARD,SILVER,100000.0,21947.51,78052.49,ACTIVE,2022-08-12,2027-08-12
CC20224,C1139,4170-XXXX-XXXX-1969,VISA,GOLD,150000.0,20315.76,129684.24,ACTIVE,2024-10-04,2029-10-04
CC20225,C1364,5279-XXXX-XXXX-7124,MASTERCARD,GOLD,150000.0,73469.8,76530.2,ACTIVE,2024-03-16,2029-03-16
CC20226,C1244,4480-XXXX-XXXX-4195,VISA,PLATINUM,400000.0,51565.76,348434.24,ACTIVE,2023-12-27,2028-12-27
CC20227,C1439,5294-XXXX-XXXX-7940,MASTERCARD,GOLD,200000.0,28736.26,171263.74,ACTIVE,2023-06-23,2028-06-23
CC20228,C1286,5327-XXXX-XXXX-4982,MASTERCARD,PLATINUM,500000.0,226601.77,273398.23,ACTIVE,2022-06-04,2027-06-04
CC20229,C1059,6886-XXXX-XXXX-6555,RUPAY,PLATINUM,400000.0,175971.0,224029.0,ACTIVE,2021-05-02,2026-05-02
CC20230,C1111,4120-XXXX-XXXX-5713,VISA,SILVER,75000.0,23402.49,51597.51,ACTIVE,2021-12-06,2026-12-06
CC20231,C1089,5264-XXXX-XXXX-5159,MASTERCARD,SILVER,75000.0,6264.47,68735.53,ACTIVE,2021-06-24,2026-06-24
CC20232,C1436,5384-XXXX-XXXX-8478,MASTERCARD,GOLD,200000.0,34350.2,165649.8,ACTIVE,2026-04-08,2031-04-08
CC20233,C1006,4930-XXXX-XXXX-5933,VISA,SILVER,75000.0,6513.4,68486.6,ACTIVE,2025-09-11,2030-09-11
CC20234,C1360,4323-XXXX-XXXX-4969,VISA,SILVER,75000.0,6968.47,68031.53,BLOCKED,2022-08-20,2027-08-20
CC20235,C1346,4245-XXXX-XXXX-9975,VISA,GOLD,250000.0,73897.53,176102.47,ACTIVE,2022-03-27,2027-03-27
CC20236,C1338,5967-XXXX-XXXX-8108,MASTERCARD,SILVER,100000.0,27580.66,72419.34,ACTIVE,2022-07-11,2027-07-11
CC20237,C1158,5886-XXXX-XXXX-1044,MASTERCARD,GOLD,250000.0,17943.01,232056.99,ACTIVE,2024-03-05,2029-03-05
CC20238,C1150,5133-XXXX-XXXX-5566,MASTERCARD,GOLD,250000.0,43064.94,206935.06,ACTIVE,2026-02-22,2031-02-22
CC20239,C1177,4320-XXXX-XXXX-2909,VISA,GOLD,200000.0,17083.84,182916.16,ACTIVE,2023-11-06,2028-11-06
CC20240,C1393,4791-XXXX-XXXX-3581,VISA,GOLD,250000.0,32365.31,217634.69,ACTIVE,2024-09-18,2029-09-18
CC20241,C1184,4940-XXXX-XXXX-1931,VISA,GOLD,200000.0,51576.73,148423.27,BLOCKED,2024-05-03,2029-05-03
CC20242,C1449,6649-XXXX-XXXX-8910,RUPAY,SILVER,50000.0,8368.81,41631.19,ACTIVE,2025-02-28,2030-02-28
CC20243,C1010,4434-XXXX-XXXX-7382,VISA,GOLD,200000.0,51306.72,148693.28,ACTIVE,2021-01-09,2026-01-09
CC20244,C1380,4108-XXXX-XXXX-9339,VISA,GOLD,150000.0,43187.93,106812.07,ACTIVE,2026-01-26,2031-01-26
CC20245,C1103,4487-XXXX-XXXX-2311,VISA,TITANIUM,600000.0,45621.76,554378.24,ACTIVE,2021-11-30,2026-11-30
CC20246,C1081,5949-XXXX-XXXX-4121,MASTERCARD,GOLD,250000.0,17843.33,232156.67,ACTIVE,2024-09-18,2029-09-18
CC20247,C1038,6686-XXXX-XXXX-7781,RUPAY,SIGNATURE,2000000.0,382357.63,1617642.37,ACTIVE,2023-10-14,2028-10-14
CC20248,C1314,5377-XXXX-XXXX-4748,MASTERCARD,GOLD,150000.0,6563.69,143436.31,ACTIVE,2021-11-23,2026-11-23
CC20249,C1167,5399-XXXX-XXXX-2859,MASTERCARD,SILVER,50000.0,10474.54,39525.46,EXPIRED,2021-01-15,2026-01-15
CC20250,C1469,5748-XXXX-XXXX-6929,MASTERCARD,PLATINUM,500000.0,307237.61,192762.39,ACTIVE,2023-04-19,2028-04-19
CC20251,C1296,4706-XXXX-XXXX-5713,VISA,SILVER,50000.0,8415.25,41584.75,ACTIVE,2025-06-26,2030-06-26
CC20252,C1474,6246-XXXX-XXXX-5675,RUPAY,SILVER,75000.0,44032.64,30967.36,ACTIVE,2021-08-14,2026-08-14
CC20253,C1198,5577-XXXX-XXXX-9681,MASTERCARD,SILVER,100000.0,28681.5,71318.5,ACTIVE,2024-12-19,2029-12-19
CC20254,C1297,5514-XXXX-XXXX-6308,MASTERCARD,GOLD,200000.0,112743.26,87256.74,ACTIVE,2025-12-19,2030-12-19
CC20255,C1416,5933-XXXX-XXXX-1287,MASTERCARD,GOLD,250000.0,52511.27,197488.73,ACTIVE,2024-12-02,2029-12-02
CC20256,C1146,5983-XXXX-XXXX-5282,MASTERCARD,SILVER,100000.0,44746.03,55253.97,ACTIVE,2021-04-23,2026-04-23
CC20257,C1392,5229-XXXX-XXXX-2161,MASTERCARD,TITANIUM,600000.0,136293.44,463706.56,ACTIVE,2024-12-22,2029-12-22
CC20258,C1147,6415-XXXX-XXXX-7337,RUPAY,SILVER,50000.0,5923.11,44076.89,ACTIVE,2021-01-01,2026-01-01
CC20259,C1447,6884-XXXX-XXXX-9151,RUPAY,SILVER,100000.0,22303.34,77696.66,BLOCKED,2021-09-23,2026-09-23
CC20260,C1287,5243-XXXX-XXXX-6983,MASTERCARD,SILVER,100000.0,10456.59,89543.41,ACTIVE,2025-02-23,2030-02-23
CC20261,C1123,5401-XXXX-XXXX-9207,MASTERCARD,SILVER,50000.0,14438.39,35561.61,ACTIVE,2024-05-16,2029-05-16
CC20262,C1368,4206-XXXX-XXXX-1244,VISA,GOLD,150000.0,31958.42,118041.58,ACTIVE,2025-07-04,2030-07-04
CC20263,C1096,5986-XXXX-XXXX-3176,MASTERCARD,GOLD,250000.0,31259.63,218740.37,CLOSED,2025-10-02,2030-10-02
CC20264,C1143,4103-XXXX-XXXX-9532,VISA,GOLD,250000.0,13640.19,236359.81,ACTIVE,2023-08-10,2028-08-10
CC20265,C1239,5509-XXXX-XXXX-4398,MASTERCARD,SILVER,75000.0,3409.23,71590.77,ACTIVE,2024-10-24,2029-10-24
CC20266,C1442,6706-XXXX-XXXX-9497,RUPAY,SILVER,100000.0,23856.53,76143.47,ACTIVE,2021-11-02,2026-11-02
CC20267,C1097,5447-XXXX-XXXX-8392,MASTERCARD,SILVER,50000.0,5368.08,44631.92,ACTIVE,2021-01-12,2026-01-12
CC20268,C1407,5420-XXXX-XXXX-8135,MASTERCARD,TITANIUM,800000.0,358027.16,441972.84,ACTIVE,2024-09-30,2029-09-30
CC20269,C1122,4280-XXXX-XXXX-5654,VISA,SILVER,50000.0,28658.55,21341.45,ACTIVE,2025-01-28,2030-01-28
CC20270,C1183,4810-XXXX-XXXX-7761,VISA,GOLD,250000.0,19133.14,230866.86,ACTIVE,2025-09-20,2030-09-20
CC20271,C1202,5717-XXXX-XXXX-6505,MASTERCARD,SIGNATURE,1000000.0,310013.3,689986.7,ACTIVE,2025-08-17,2030-08-17
CC20272,C1246,4395-XXXX-XXXX-7553,VISA,GOLD,200000.0,170.82,199829.18,ACTIVE,2025-02-26,2030-02-26
CC20273,C1305,4592-XXXX-XXXX-8498,VISA,TITANIUM,600000.0,299196.82,300803.18,ACTIVE,2024-10-23,2029-10-23
CC20274,C1298,4111-XXXX-XXXX-8362,VISA,SILVER,100000.0,9731.2,90268.8,ACTIVE,2026-02-13,2031-02-13
CC20275,C1351,5589-XXXX-XXXX-1194,MASTERCARD,PLATINUM,300000.0,171920.74,128079.26,ACTIVE,2023-07-26,2028-07-26
CC20276,C1386,5980-XXXX-XXXX-3842,MASTERCARD,GOLD,250000.0,66414.17,183585.83,ACTIVE,2022-02-24,2027-02-24
CC20277,C1395,4916-XXXX-XXXX-3229,VISA,PLATINUM,500000.0,85471.97,414528.03,ACTIVE,2023-06-08,2028-06-08
CC20278,C1284,5695-XXXX-XXXX-3077,MASTERCARD,SILVER,50000.0,8820.93,41179.07,ACTIVE,2025-12-20,2030-12-20
CC20279,C1125,5895-XXXX-XXXX-8845,MASTERCARD,SILVER,100000.0,23021.48,76978.52,CLOSED,2021-06-20,2026-06-20
CC20280,C1302,5543-XXXX-XXXX-5873,MASTERCARD,SILVER,100000.0,13365.17,86634.83,ACTIVE,2021-05-14,2026-05-14
CC20281,C1223,5907-XXXX-XXXX-1297,MASTERCARD,GOLD,200000.0,62855.94,137144.06,ACTIVE,2023-08-23,2028-08-23
CC20282,C1418,4944-XXXX-XXXX-6856,VISA,PLATINUM,300000.0,35013.35,264986.65,ACTIVE,2024-12-21,2029-12-21
CC20283,C1219,5460-XXXX-XXXX-2015,MASTERCARD,PLATINUM,300000.0,48899.84,251100.16,ACTIVE,2023-11-15,2028-11-15
CC20284,C1129,5402-XXXX-XXXX-9745,MASTERCARD,SILVER,100000.0,43370.15,56629.85,ACTIVE,2025-04-03,2030-04-03
CC20285,C1420,6819-XXXX-XXXX-2269,RUPAY,TITANIUM,750000.0,155972.44,594027.56,ACTIVE,2024-04-28,2029-04-28
CC20286,C1289,5633-XXXX-XXXX-2260,MASTERCARD,SILVER,75000.0,37614.65,37385.35,ACTIVE,2024-03-10,2029-03-10
CC20287,C1444,4567-XXXX-XXXX-9376,VISA,SILVER,100000.0,7216.91,92783.09,ACTIVE,2025-04-28,2030-04-28
CC20288,C1376,4462-XXXX-XXXX-7897,VISA,SILVER,75000.0,19182.86,55817.14,EXPIRED,2026-02-13,2031-02-13
CC20289,C1291,5435-XXXX-XXXX-6672,MASTERCARD,PLATINUM,500000.0,75181.54,424818.46,ACTIVE,2025-12-25,2030-12-25
CC20290,C1355,5700-XXXX-XXXX-6593,MASTERCARD,SILVER,100000.0,14760.79,85239.21,ACTIVE,2022-10-20,2027-10-20
CC20291,C1294,5523-XXXX-XXXX-7155,MASTERCARD,GOLD,150000.0,34894.82,115105.18,ACTIVE,2024-08-31,2029-08-31
CC20292,C1396,5687-XXXX-XXXX-8240,MASTERCARD,PLATINUM,500000.0,55630.83,444369.17,ACTIVE,2025-01-07,2030-01-07
CC20293,C1340,5300-XXXX-XXXX-2881,MASTERCARD,SILVER,50000.0,8627.03,41372.97,ACTIVE,2024-09-04,2029-09-04
CC20294,C1112,5963-XXXX-XXXX-9713,MASTERCARD,GOLD,150000.0,75989.59,74010.41,ACTIVE,2025-01-04,2030-01-04
CC20295,C1179,4787-XXXX-XXXX-4809,VISA,SILVER,75000.0,20882.19,54117.81,CLOSED,2024-01-21,2029-01-21
CC20296,C1307,6138-XXXX-XXXX-5883,RUPAY,SILVER,100000.0,10399.28,89600.72,ACTIVE,2021-06-28,2026-06-28
CC20297,C1432,4677-XXXX-XXXX-5155,VISA,GOLD,250000.0,29253.59,220746.41,ACTIVE,2023-12-16,2028-12-16
CC20298,C1487,5770-XXXX-XXXX-2409,MASTERCARD,SILVER,50000.0,6201.31,43798.69,CLOSED,2024-03-24,2029-03-24
CC20299,C1481,6293-XXXX-XXXX-6197,RUPAY,GOLD,250000.0,95551.45,154448.55,ACTIVE,2025-08-23,2030-08-23
CC20300,C1422,4626-XXXX-XXXX-8452,VISA,GOLD,250000.0,94216.96,155783.04,ACTIVE,2021-04-21,2026-04-21
CC20301,C1233,4970-XXXX-XXXX-3172,VISA,GOLD,200000.0,87497.84,112502.16,ACTIVE,2021-05-17,2026-05-17
CC20302,C1311,4721-XXXX-XXXX-1279,VISA,PLATINUM,400000.0,125126.91,274873.09,ACTIVE,2021-08-20,2026-08-20
CC20303,C1164,6827-XXXX-XXXX-8825,RUPAY,GOLD,200000.0,3642.18,196357.82,BLOCKED,2023-09-19,2028-09-19
CC20304,C1136,4773-XXXX-XXXX-4981,VISA,GOLD,200000.0,78173.79,121826.21,ACTIVE,2022-04-13,2027-04-13
CC20305,C1197,4413-XXXX-XXXX-6247,VISA,GOLD,150000.0,18735.1,131264.9,ACTIVE,2023-01-02,2028-01-02
CC20306,C1258,4249-XXXX-XXXX-5427,VISA,SILVER,75000.0,13484.57,61515.43,ACTIVE,2022-04-26,2027-04-26
CC20307,C1232,4553-XXXX-XXXX-7135,VISA,SILVER,75000.0,10082.18,64917.82,EXPIRED,2023-12-28,2028-12-28
CC20308,C1115,4784-XXXX-XXXX-5131,VISA,TITANIUM,750000.0,123852.31,626147.69,ACTIVE,2023-03-25,2028-03-25
CC20309,C1120,5305-XXXX-XXXX-8189,MASTERCARD,GOLD,250000.0,134529.72,115470.28,EXPIRED,2024-06-26,2029-06-26
CC20310,C1349,5828-XXXX-XXXX-5535,MASTERCARD,SILVER,75000.0,18430.01,56569.99,ACTIVE,2023-09-21,2028-09-21
CC20311,C1224,4393-XXXX-XXXX-8697,VISA,GOLD,150000.0,45102.63,104897.37,ACTIVE,2021-11-19,2026-11-19
CC20312,C1402,4762-XXXX-XXXX-9386,VISA,SILVER,50000.0,38861.49,11138.51,ACTIVE,2023-07-11,2028-07-11
CC20313,C1397,4976-XXXX-XXXX-9671,VISA,TITANIUM,750000.0,213561.2,536438.8,ACTIVE,2023-06-23,2028-06-23
CC20314,C1127,4499-XXXX-XXXX-5218,VISA,SILVER,50000.0,10106.66,39893.34,ACTIVE,2025-03-22,2030-03-22
CC20315,C1285,5551-XXXX-XXXX-6060,MASTERCARD,SILVER,50000.0,19629.17,30370.83,ACTIVE,2025-12-21,2030-12-21
CC20316,C1411,5561-XXXX-XXXX-6874,MASTERCARD,SILVER,100000.0,35230.75,64769.25,ACTIVE,2024-12-26,2029-12-26
CC20317,C1107,4817-XXXX-XXXX-3014,VISA,GOLD,250000.0,8687.7,241312.3,BLOCKED,2025-02-19,2030-02-19
CC20318,C1370,5698-XXXX-XXXX-8148,MASTERCARD,TITANIUM,800000.0,83404.57,716595.43,CLOSED,2022-08-29,2027-08-29
CC20319,C1325,4810-XXXX-XXXX-3364,VISA,SILVER,100000.0,55702.44,44297.56,ACTIVE,2022-03-05,2027-03-05
CC20320,C1133,6899-XXXX-XXXX-4629,RUPAY,PLATINUM,400000.0,224678.19,175321.81,ACTIVE,2024-07-16,2029-07-16
CC20321,C1452,5500-XXXX-XXXX-6675,MASTERCARD,SILVER,75000.0,19938.13,55061.87,ACTIVE,2025-09-29,2030-09-29
CC20322,C1044,5409-XXXX-XXXX-9872,MASTERCARD,PLATINUM,500000.0,55782.75,444217.25,ACTIVE,2025-04-10,2030-04-10
CC20323,C1460,4655-XXXX-XXXX-7638,VISA,SILVER,100000.0,1885.35,98114.65,ACTIVE,2021-05-28,2026-05-28
CC20324,C1065,6872-XXXX-XXXX-1609,RUPAY,SILVER,75000.0,41172.86,33827.14,ACTIVE,2024-02-16,2029-02-16
CC20325,C1283,4471-XXXX-XXXX-4866,VISA,GOLD,150000.0,35100.76,114899.24,EXPIRED,2023-04-30,2028-04-30
CC20326,C1085,4715-XXXX-XXXX-7998,VISA,SIGNATURE,1000000.0,379864.25,620135.75,ACTIVE,2022-01-02,2027-01-02
CC20327,C1242,4990-XXXX-XXXX-7911,VISA,TITANIUM,600000.0,191501.31,408498.69,EXPIRED,2023-04-30,2028-04-30
CC20328,C1186,4946-XXXX-XXXX-3253,VISA,GOLD,150000.0,57754.07,92245.93,BLOCKED,2023-12-26,2028-12-26
CC20329,C1383,6344-XXXX-XXXX-1864,RUPAY,TITANIUM,600000.0,226969.52,373030.48,ACTIVE,2023-03-24,2028-03-24
CC20330,C1159,5454-XXXX-XXXX-8454,MASTERCARD,SILVER,50000.0,21839.41,28160.59,BLOCKED,2024-10-25,2029-10-25
CC20331,C1012,4575-XXXX-XXXX-9976,VISA,SIGNATURE,2000000.0,531281.41,1468718.59,ACTIVE,2021-06-24,2026-06-24
CC20332,C1035,5289-XXXX-XXXX-6229,MASTERCARD,GOLD,250000.0,38804.94,211195.06,ACTIVE,2026-01-29,2031-01-29
CC20333,C1028,6899-XXXX-XXXX-5054,RUPAY,PLATINUM,500000.0,91881.02,408118.98,ACTIVE,2022-08-11,2027-08-11
CC20334,C1170,6350-XXXX-XXXX-1935,RUPAY,PLATINUM,500000.0,167193.11,332806.89,ACTIVE,2022-05-10,2027-05-10
CC20335,C1142,5390-XXXX-XXXX-8891,MASTERCARD,PLATINUM,300000.0,236570.49,63429.51,ACTIVE,2023-08-31,2028-08-31
CC20336,C1398,6610-XXXX-XXXX-1325,RUPAY,GOLD,150000.0,5379.16,144620.84,ACTIVE,2024-02-12,2029-02-12
CC20337,C1342,6889-XXXX-XXXX-8774,RUPAY,GOLD,250000.0,20482.47,229517.53,ACTIVE,2024-02-09,2029-02-09
CC20338,C1221,5936-XXXX-XXXX-2985,MASTERCARD,PLATINUM,500000.0,251992.67,248007.33,ACTIVE,2025-11-20,2030-11-20
CC20339,C1095,4830-XXXX-XXXX-5603,VISA,SILVER,75000.0,14158.19,60841.81,ACTIVE,2025-01-02,2030-01-02
CC20340,C1051,4823-XXXX-XXXX-9832,VISA,SIGNATURE,1500000.0,327045.01,1172954.99,ACTIVE,2025-10-05,2030-10-05
CC20341,C1240,5665-XXXX-XXXX-8754,MASTERCARD,PLATINUM,300000.0,26079.03,273920.97,ACTIVE,2024-03-16,2029-03-16
CC20342,C1484,4153-XXXX-XXXX-2367,VISA,SILVER,75000.0,22221.23,52778.77,ACTIVE,2021-02-04,2026-02-04
CC20343,C1378,5710-XXXX-XXXX-3575,MASTERCARD,PLATINUM,400000.0,86183.15,313816.85,ACTIVE,2023-09-26,2028-09-26
CC20344,C1178,4292-XXXX-XXXX-2581,VISA,GOLD,200000.0,117316.61,82683.39,ACTIVE,2024-08-25,2029-08-25
CC20345,C1041,4157-XXXX-XXXX-4966,VISA,PLATINUM,300000.0,61921.33,238078.67,ACTIVE,2022-06-22,2027-06-22
CC20346,C1498,4210-XXXX-XXXX-8604,VISA,PLATINUM,500000.0,39258.72,460741.28,ACTIVE,2023-01-20,2028-01-20
CC20347,C1421,4948-XXXX-XXXX-9320,VISA,SILVER,50000.0,27133.73,22866.27,ACTIVE,2023-11-04,2028-11-04
CC20348,C1206,6107-XXXX-XXXX-8493,RUPAY,GOLD,200000.0,95025.88,104974.12,ACTIVE,2022-01-09,2027-01-09
CC20349,C1282,5211-XXXX-XXXX-3076,MASTERCARD,TITANIUM,750000.0,378765.82,371234.18,ACTIVE,2022-07-11,2027-07-11
CC20350,C1254,5772-XXXX-XXXX-3994,MASTERCARD,SILVER,100000.0,15381.06,84618.94,EXPIRED,2024-12-22,2029-12-22
CC20351,C1412,5463-XXXX-XXXX-6594,MASTERCARD,GOLD,200000.0,15551.05,184448.95,ACTIVE,2025-10-18,2030-10-18
CC20352,C1004,4311-XXXX-XXXX-8371,VISA,SILVER,100000.0,33822.25,66177.75,EXPIRED,2021-08-21,2026-08-21
CC20353,C1256,5375-XXXX-XXXX-2644,MASTERCARD,GOLD,200000.0,12858.6,187141.4,ACTIVE,2022-12-06,2027-12-06
CC20354,C1448,5778-XXXX-XXXX-4144,MASTERCARD,GOLD,250000.0,71056.4,178943.6,ACTIVE,2022-07-17,2027-07-17
CC20355,C1100,5886-XXXX-XXXX-1242,MASTERCARD,GOLD,200000.0,107902.89,92097.11,ACTIVE,2023-07-28,2028-07-28
CC20356,C1226,4784-XXXX-XXXX-8269,VISA,SILVER,50000.0,36956.92,13043.08,ACTIVE,2023-06-06,2028-06-06
CC20357,C1429,5752-XXXX-XXXX-9362,MASTERCARD,GOLD,250000.0,67367.8,182632.2,ACTIVE,2022-12-27,2027-12-27
CC20358,C1213,5540-XXXX-XXXX-7331,MASTERCARD,SILVER,100000.0,27618.61,72381.39,ACTIVE,2025-08-14,2030-08-14
CC20359,C1171,6151-XXXX-XXXX-2499,RUPAY,SILVER,75000.0,6043.04,68956.96,ACTIVE,2025-01-03,2030-01-03
CC20360,C1098,6976-XXXX-XXXX-3158,RUPAY,SILVER,75000.0,33496.64,41503.36,ACTIVE,2025-03-06,2030-03-06
CC20361,C1292,5310-XXXX-XXXX-6162,MASTERCARD,SILVER,50000.0,17826.22,32173.78,ACTIVE,2024-07-22,2029-07-22
CC20362,C1215,5299-XXXX-XXXX-5039,MASTERCARD,GOLD,150000.0,17070.33,132929.67,ACTIVE,2026-02-17,2031-02-17
CC20363,C1061,5957-XXXX-XXXX-8977,MASTERCARD,GOLD,200000.0,132944.23,67055.77,ACTIVE,2021-03-17,2026-03-17
CC20364,C1047,4726-XXXX-XXXX-4823,VISA,PLATINUM,300000.0,82788.81,217211.19,ACTIVE,2022-03-15,2027-03-15
CC20365,C1032,6176-XXXX-XXXX-1298,RUPAY,SILVER,100000.0,13666.46,86333.54,ACTIVE,2025-10-22,2030-10-22
CC20366,C1267,6236-XXXX-XXXX-1923,RUPAY,TITANIUM,800000.0,326772.78,473227.22,BLOCKED,2026-02-27,2031-02-27
CC20367,C1327,5851-XXXX-XXXX-5306,MASTERCARD,PLATINUM,300000.0,107087.3,192912.7,ACTIVE,2022-11-30,2027-11-30
CC20368,C1200,4879-XXXX-XXXX-7578,VISA,GOLD,150000.0,68088.95,81911.05,EXPIRED,2024-08-05,2029-08-05
CC20369,C1446,4538-XXXX-XXXX-6326,VISA,TITANIUM,600000.0,223921.14,376078.86,ACTIVE,2023-07-04,2028-07-04
CC20370,C1027,5765-XXXX-XXXX-2802,MASTERCARD,SIGNATURE,1500000.0,66802.56,1433197.44,ACTIVE,2025-04-13,2030-04-13
CC20371,C1424,4526-XXXX-XXXX-3657,VISA,SILVER,50000.0,12020.38,37979.62,ACTIVE,2023-06-10,2028-06-10
CC20372,C1230,6547-XXXX-XXXX-4346,RUPAY,SILVER,100000.0,15959.64,84040.36,ACTIVE,2022-11-23,2027-11-23
CC20373,C1260,4983-XXXX-XXXX-3949,VISA,TITANIUM,750000.0,65869.84,684130.16,ACTIVE,2021-09-10,2026-09-10
CC20374,C1288,4468-XXXX-XXXX-5837,VISA,PLATINUM,500000.0,47786.73,452213.27,ACTIVE,2024-02-24,2029-02-24
CC20375,C1162,6319-XXXX-XXXX-9105,RUPAY,SILVER,50000.0,11598.45,38401.55,ACTIVE,2024-04-15,2029-04-15
CC20376,C1425,5966-XXXX-XXXX-6696,MASTERCARD,PLATINUM,500000.0,87994.58,412005.42,ACTIVE,2023-11-27,2028-11-27
CC20377,C1138,4151-XXXX-XXXX-2466,VISA,PLATINUM,300000.0,102614.93,197385.07,ACTIVE,2022-02-14,2027-02-14
CC20378,C1062,4475-XXXX-XXXX-4957,VISA,PLATINUM,400000.0,165297.17,234702.83,EXPIRED,2025-06-23,2030-06-23
CC20379,C1135,4366-XXXX-XXXX-1262,VISA,PLATINUM,500000.0,36409.5,463590.5,ACTIVE,2025-06-22,2030-06-22
CC20380,C1128,5416-XXXX-XXXX-7502,MASTERCARD,PLATINUM,300000.0,66011.48,233988.52,ACTIVE,2021-05-07,2026-05-07
CC20381,C1476,4969-XXXX-XXXX-8833,VISA,SILVER,50000.0,12879.83,37120.17,ACTIVE,2025-02-15,2030-02-15
CC20382,C1008,5662-XXXX-XXXX-9106,MASTERCARD,SILVER,75000.0,8094.0,66906.0,ACTIVE,2024-04-06,2029-04-06
CC20383,C1326,6520-XXXX-XXXX-2652,RUPAY,GOLD,200000.0,33551.17,166448.83,ACTIVE,2022-08-15,2027-08-15
CC20384,C1463,4699-XXXX-XXXX-4892,VISA,TITANIUM,800000.0,246004.53,553995.47,CLOSED,2021-10-21,2026-10-21
CC20385,C1064,6988-XXXX-XXXX-5815,RUPAY,SILVER,75000.0,27232.21,47767.79,ACTIVE,2026-02-12,2031-02-12
CC20386,C1300,6480-XXXX-XXXX-9792,RUPAY,GOLD,250000.0,101920.25,148079.75,ACTIVE,2025-07-20,2030-07-20
CC20387,C1014,4665-XXXX-XXXX-5213,VISA,GOLD,200000.0,83427.43,116572.57,ACTIVE,2024-09-28,2029-09-28
CC20388,C1156,6404-XXXX-XXXX-6599,RUPAY,GOLD,200000.0,27822.76,172177.24,BLOCKED,2023-10-17,2028-10-17
CC20389,C1040,5733-XXXX-XXXX-9557,MASTERCARD,PLATINUM,500000.0,44089.3,455910.7,ACTIVE,2021-11-06,2026-11-06
CC20390,C1379,6528-XXXX-XXXX-8382,RUPAY,TITANIUM,600000.0,226306.32,373693.68,ACTIVE,2022-10-24,2027-10-24
CC20391,C1468,5597-XXXX-XXXX-9982,MASTERCARD,GOLD,250000.0,65547.69,184452.31,ACTIVE,2022-06-12,2027-06-12
CC20392,C1403,5846-XXXX-XXXX-8707,MASTERCARD,GOLD,150000.0,27791.24,122208.76,ACTIVE,2022-06-24,2027-06-24
CC20393,C1216,5637-XXXX-XXXX-9504,MASTERCARD,GOLD,200000.0,58804.84,141195.16,ACTIVE,2022-02-23,2027-02-23
CC20394,C1279,6153-XXXX-XXXX-1920,RUPAY,GOLD,200000.0,101909.37,98090.63,EXPIRED,2022-03-20,2027-03-20
CC20395,C1434,5263-XXXX-XXXX-8008,MASTERCARD,SILVER,50000.0,8234.2,41765.8,ACTIVE,2022-11-16,2027-11-16
CC20396,C1430,5646-XXXX-XXXX-3381,MASTERCARD,SILVER,50000.0,32676.01,17323.99,ACTIVE,2025-05-01,2030-05-01
CC20397,C1337,6447-XXXX-XXXX-9989,RUPAY,GOLD,150000.0,83799.73,66200.27,ACTIVE,2023-04-20,2028-04-20
CC20398,C1236,4819-XXXX-XXXX-1272,VISA,SILVER,75000.0,10379.04,64620.96,ACTIVE,2021-08-24,2026-08-24
CC20399,C1207,4513-XXXX-XXXX-2773,VISA,SILVER,50000.0,8748.87,41251.13,ACTIVE,2025-01-02,2030-01-02
