customer_id,full_name,customer_type,customer_segment,aadhaar_number_masked,pan_number_masked,phone_masked,email_masked,city,state,pincode,kyc_status,customer_status,created_timestamp
C1001,Aditya Rao,NRI,WEALTH_HNI,XXXX-XXXX-6191,UGZPXXXX92W,+91-XXXXX-47194,ad***ra@gmail.com,Pune,Maharashtra,411024,VERIFIED,ACTIVE,2018-05-11 00:00:00
C1002,Ananya Kulkarni,INDIVIDUAL,RETAIL,XXXX-XXXX-7949,BUAPXXXX85Z,+91-XXXXX-38693,an***ku@gmail.com,Bengaluru,Karnataka,560039,VERIFIED,ACTIVE,2020-12-18 00:00:00
C1003,Neha Iyer,INDIVIDUAL,RETAIL,XXXX-XXXX-1189,OSLPXXXX64T,+91-XXXXX-41551,ne***iy@gmail.com,Hyderabad,Telangana,500089,VERIFIED,ACTIVE,2023-08-31 00:00:00
C1004,Ananya Rao,NRI,RETAIL,XXXX-XXXX-9433,ZIZPXXXX62B,+91-XXXXX-33483,an***ra@gmail.com,Chennai,Tamil Nadu,600098,PENDING_REKYC,ACTIVE,2018-02-04 00:00:00
C1005,Priya Verma,NRI,RETAIL,XXXX-XXXX-4073,FVJPXXXX13V,+91-XXXXX-19692,pr***ve@gmail.com,Delhi,Delhi,110013,PENDING_REKYC,ACTIVE,2018-07-21 00:00:00
C1006,Sunita Kumar,INDIVIDUAL,RETAIL,XXXX-XXXX-8629,WYHPXXXX94P,+91-XXXXX-34300,su***ku@gmail.com,Kolkata,West Bengal,700057,VERIFIED,ACTIVE,2024-03-14 00:00:00
C1007,Neha Reddy,PROPRIETORSHIP,RETAIL,XXXX-XXXX-6276,OMAPXXXX98G,+91-XXXXX-12568,ne***re@gmail.com,Ahmedabad,Gujarat,380050,VERIFIED,ACTIVE,2021-03-08 00:00:00
C1008,Kavya Patel,PROPRIETORSHIP,RETAIL,XXXX-XXXX-6892,JGZPXXXX50G,+91-XXXXX-18392,ka***pa@gmail.com,Mumbai,Maharashtra,400044,VERIFIED,ACTIVE,2019-05-18 00:00:00
C1009,Kavya Joshi,INDIVIDUAL,RETAIL,XXXX-XXXX-9154,CACPXXXX56N,+91-XXXXX-37266,ka***jo@gmail.com,Pune,Maharashtra,411053,VERIFIED,ACTIVE,2019-02-02 00:00:00
C1010,Rahul Kumar,PROPRIETORSHIP,RETAIL,XXXX-XXXX-6977,JMSPXXXX72G,+91-XXXXX-64268,ra***ku@gmail.com,Bengaluru,Karnataka,560024,VERIFIED,ACTIVE,2024-03-28 00:00:00
C1011,Sanjay Reddy,INDIVIDUAL,RETAIL,XXXX-XXXX-7668,GSVPXXXX37B,+91-XXXXX-74044,sa***re@gmail.com,Hyderabad,Telangana,500045,VERIFIED,ACTIVE,2020-11-17 00:00:00
C1012,Priya Banerjee,INDIVIDUAL,RETAIL,XXXX-XXXX-6450,ZWYPXXXX71A,+91-XXXXX-40080,pr***ba@gmail.com,Chennai,Tamil Nadu,600071,PENDING_REKYC,ACTIVE,2020-08-30 00:00:00
C1013,Aditya Deshmukh,NRI,RETAIL,XXXX-XXXX-6530,IEAPXXXX60J,+91-XXXXX-76199,ad***de@gmail.com,Delhi,Delhi,110081,VERIFIED,ACTIVE,2022-02-04 00:00:00
C1014,Aarav Banerjee,INDIVIDUAL,RETAIL,XXXX-XXXX-2291,GBCPXXXX65Q,+91-XXXXX-36736,aa***ba@gmail.com,Kolkata,West Bengal,700067,PENDING_REKYC,ACTIVE,2022-10-26 00:00:00
C1015,Rohan Banerjee,NRI,RETAIL,XXXX-XXXX-6172,LZFPXXXX41W,+91-XXXXX-80467,ro***ba@gmail.com,Ahmedabad,Gujarat,380011,VERIFIED,ACTIVE,2020-02-06 00:00:00
C1016,Vikram Rao,INDIVIDUAL,WEALTH_HNI,XXXX-XXXX-8125,KPPPXXXX82F,+91-XXXXX-61663,vi***ra@gmail.com,Mumbai,Maharashtra,400079,VERIFIED,ACTIVE,2023-05-10 00:00:00
C1017,Rohan Kumar,NRI,WEALTH_HNI,XXXX-XXXX-3911,GTIPXXXX42H,+91-XXXXX-81295,ro***ku@gmail.com,Pune,Maharashtra,411028,PENDING_REKYC,ACTIVE,2023-05-24 00:00:00
C1018,Sunita Singh,INDIVIDUAL,RETAIL,XXXX-XXXX-7287,ZPYPXXXX69Q,+91-XXXXX-12049,su***si@gmail.com,Bengaluru,Karnataka,560016,VERIFIED,ACTIVE,2021-03-29 00:00:00
C1019,Rahul Gupta,PROPRIETORSHIP,WEALTH_HNI,XXXX-XXXX-3255,CTXPXXXX63X,+91-XXXXX-69040,ra***gu@gmail.com,Hyderabad,Telangana,500028,PENDING_REKYC,ACTIVE,2021-12-14 00:00:00
C1020,Priya Banerjee,NRI,RETAIL,XXXX-XXXX-1098,YRNPXXXX91B,+91-XXXXX-12869,pr***ba@gmail.com,Chennai,Tamil Nadu,600098,VERIFIED,ACTIVE,2018-06-10 00:00:00
C1021,Sunita Joshi,INDIVIDUAL,RETAIL,XXXX-XXXX-4987,XHGPXXXX76Q,+91-XXXXX-80271,su***jo@gmail.com,Delhi,Delhi,110057,VERIFIED,ACTIVE,2019-04-15 00:00:00
C1022,Sunita Banerjee,INDIVIDUAL,RETAIL,XXXX-XXXX-4436,SVHPXXXX36B,+91-XXXXX-58404,su***ba@gmail.com,Kolkata,West Bengal,700047,VERIFIED,ACTIVE,2022-02-13 00:00:00
C1023,Rajesh Patel,INDIVIDUAL,RETAIL,XXXX-XXXX-5642,QQLPXXXX39N,+91-XXXXX-46212,ra***pa@gmail.com,Ahmedabad,Gujarat,380013,VERIFIED,ACTIVE,2024-05-16 00:00:00
C1024,Sunita Joshi,INDIVIDUAL,RETAIL,XXXX-XXXX-6088,TUWPXXXX42C,+91-XXXXX-36641,su***jo@gmail.com,Mumbai,Maharashtra,400069,VERIFIED,ACTIVE,2021-09-08 00:00:00
C1025,Kavya Verma,INDIVIDUAL,RETAIL,XXXX-XXXX-5014,VWBPXXXX36J,+91-XXXXX-55017,ka***ve@gmail.com,Pune,Maharashtra,411041,VERIFIED,ACTIVE,2018-09-03 00:00:00
C1026,Rajesh Singh,PROPRIETORSHIP,RETAIL,XXXX-XXXX-6986,RYXPXXXX22Z,+91-XXXXX-99912,ra***si@gmail.com,Bengaluru,Karnataka,560035,VERIFIED,ACTIVE,2019-02-04 00:00:00
C1027,Rohan Nair,INDIVIDUAL,RETAIL,XXXX-XXXX-6919,WVSPXXXX34Z,+91-XXXXX-59726,ro***na@gmail.com,Hyderabad,Telangana,500024,VERIFIED,ACTIVE,2024-06-10 00:00:00
C1028,Sneha Kumar,INDIVIDUAL,RETAIL,XXXX-XXXX-3491,EAHPXXXX62L,+91-XXXXX-58747,sn***ku@gmail.com,Chennai,Tamil Nadu,600063,VERIFIED,ACTIVE,2020-09-18 00:00:00
C1029,Amit Patel,PROPRIETORSHIP,RETAIL,XXXX-XXXX-8079,TPMPXXXX39S,+91-XXXXX-96672,am***pa@gmail.com,Delhi,Delhi,110064,VERIFIED,ACTIVE,2023-05-29 00:00:00
C1030,Pooja Joshi,NRI,RETAIL,XXXX-XXXX-3838,ILUPXXXX10Z,+91-XXXXX-26896,po***jo@gmail.com,Kolkata,West Bengal,700071,VERIFIED,ACTIVE,2019-07-14 00:00:00
C1031,Rajesh Joshi,NRI,RETAIL,XXXX-XXXX-4343,GEVPXXXX76L,+91-XXXXX-77215,ra***jo@gmail.com,Ahmedabad,Gujarat,380010,VERIFIED,ACTIVE,2021-05-28 00:00:00
C1032,Aarav Banerjee,INDIVIDUAL,RETAIL,XXXX-XXXX-7617,PUGPXXXX42E,+91-XXXXX-36646,aa***ba@gmail.com,Mumbai,Maharashtra,400071,VERIFIED,ACTIVE,2024-10-25 00:00:00
C1033,Kavya Joshi,PROPRIETORSHIP,RETAIL,XXXX-XXXX-3839,PWBPXXXX41T,+91-XXXXX-28071,ka***jo@gmail.com,Pune,Maharashtra,411013,VERIFIED,ACTIVE,2020-08-14 00:00:00
C1034,Vikram Iyer,NRI,RETAIL,XXXX-XXXX-6536,HJKPXXXX53M,+91-XXXXX-96027,vi***iy@gmail.com,Bengaluru,Karnataka,560076,VERIFIED,ACTIVE,2020-01-24 00:00:00
C1035,Aarav Singh,PROPRIETORSHIP,RETAIL,XXXX-XXXX-7748,ZJZPXXXX43S,+91-XXXXX-30358,aa***si@gmail.com,Hyderabad,Telangana,500017,VERIFIED,ACTIVE,2019-02-17 00:00:00
C1036,Rahul Joshi,PROPRIETORSHIP,RETAIL,XXXX-XXXX-6988,IXCPXXXX58C,+91-XXXXX-95999,ra***jo@gmail.com,Chennai,Tamil Nadu,600045,PENDING_REKYC,ACTIVE,2022-08-15 00:00:00
C1037,Vikram Iyer,PROPRIETORSHIP,RETAIL,XXXX-XXXX-6644,WYCPXXXX39Q,+91-XXXXX-24397,vi***iy@gmail.com,Delhi,Delhi,110064,VERIFIED,ACTIVE,2019-11-30 00:00:00
C1038,Priya Iyer,PROPRIETORSHIP,RETAIL,XXXX-XXXX-8400,SLIPXXXX80N,+91-XXXXX-61934,pr***iy@gmail.com,Kolkata,West Bengal,700070,VERIFIED,ACTIVE,2018-05-24 00:00:00
C1039,Rohan Iyer,INDIVIDUAL,WEALTH_HNI,XXXX-XXXX-6588,DUWPXXXX25Y,+91-XXXXX-11062,ro***iy@gmail.com,Ahmedabad,Gujarat,380034,VERIFIED,DORMANT,2024-09-11 00:00:00
C1040,Vikram Patel,INDIVIDUAL,RETAIL,XXXX-XXXX-9924,KKRPXXXX85I,+91-XXXXX-33625,vi***pa@gmail.com,Mumbai,Maharashtra,400096,VERIFIED,ACTIVE,2022-03-23 00:00:00
C1041,Kavya Singh,NRI,RETAIL,XXXX-XXXX-7938,ZBEPXXXX38E,+91-XXXXX-64693,ka***si@gmail.com,Pune,Maharashtra,411018,VERIFIED,ACTIVE,2021-09-27 00:00:00
C1042,Amit Nair,PROPRIETORSHIP,RETAIL,XXXX-XXXX-2324,DDFPXXXX40S,+91-XXXXX-82124,am***na@gmail.com,Bengaluru,Karnataka,560098,VERIFIED,ACTIVE,2023-02-25 00:00:00
C1043,Sunita Patel,INDIVIDUAL,RETAIL,XXXX-XXXX-5748,RZTPXXXX81I,+91-XXXXX-52918,su***pa@gmail.com,Hyderabad,Telangana,500054,VERIFIED,ACTIVE,2019-05-20 00:00:00
C1044,Aarav Gupta,INDIVIDUAL,RETAIL,XXXX-XXXX-1928,FUFPXXXX67L,+91-XXXXX-32700,aa***gu@gmail.com,Chennai,Tamil Nadu,600065,PENDING_REKYC,ACTIVE,2018-07-22 00:00:00
C1045,Priya Patel,PROPRIETORSHIP,RETAIL,XXXX-XXXX-7190,IQNPXXXX24A,+91-XXXXX-78866,pr***pa@gmail.com,Delhi,Delhi,110028,EXPIRED,ACTIVE,2021-09-15 00:00:00
C1046,Kavya Deshmukh,PROPRIETORSHIP,RETAIL,XXXX-XXXX-8575,UHZPXXXX45Z,+91-XXXXX-94665,ka***de@gmail.com,Kolkata,West Bengal,700085,VERIFIED,ACTIVE,2018-02-10 00:00:00
C1047,Sanjay Deshmukh,PROPRIETORSHIP,RETAIL,XXXX-XXXX-8312,IAUPXXXX93M,+91-XXXXX-45547,sa***de@gmail.com,Ahmedabad,Gujarat,380072,PENDING_REKYC,ACTIVE,2019-01-25 00:00:00
C1048,Vikram Kumar,INDIVIDUAL,RETAIL,XXXX-XXXX-1009,XRMPXXXX14W,+91-XXXXX-11015,vi***ku@gmail.com,Mumbai,Maharashtra,400034,VERIFIED,ACTIVE,2021-06-16 00:00:00
C1049,Vikram Singh,NRI,WEALTH_HNI,XXXX-XXXX-4925,QMAPXXXX10U,+91-XXXXX-50943,vi***si@gmail.com,Pune,Maharashtra,411072,EXPIRED,ACTIVE,2022-07-27 00:00:00
C1050,Vikram Nair,INDIVIDUAL,CORPORATE_LITE,XXXX-XXXX-5809,JSQPXXXX94N,+91-XXXXX-48765,vi***na@gmail.com,Bengaluru,Karnataka,560062,PENDING_REKYC,ACTIVE,2022-01-09 00:00:00
C1051,Kavya Verma,INDIVIDUAL,RETAIL,XXXX-XXXX-1249,BVVPXXXX12R,+91-XXXXX-47131,ka***ve@gmail.com,Hyderabad,Telangana,500081,VERIFIED,ACTIVE,2020-02-02 00:00:00
C1052,Amit Kumar,INDIVIDUAL,RETAIL,XXXX-XXXX-2252,UNBPXXXX84S,+91-XXXXX-69494,am***ku@gmail.com,Chennai,Tamil Nadu,600032,VERIFIED,BLOCKED,2021-08-22 00:00:00
C1053,Sunita Kumar,NRI,RETAIL,XXXX-XXXX-2331,YFAPXXXX97O,+91-XXXXX-80173,su***ku@gmail.com,Delhi,Delhi,110060,VERIFIED,ACTIVE,2020-03-07 00:00:00
C1054,Kavya Sharma,INDIVIDUAL,RETAIL,XXXX-XXXX-3832,TXEPXXXX43F,+91-XXXXX-24388,ka***sh@gmail.com,Kolkata,West Bengal,700083,VERIFIED,ACTIVE,2023-03-22 00:00:00
C1055,Aditya Nair,NRI,WEALTH_HNI,XXXX-XXXX-7238,KVPPXXXX17D,+91-XXXXX-51240,ad***na@gmail.com,Ahmedabad,Gujarat,380089,VERIFIED,ACTIVE,2019-11-03 00:00:00
C1056,Pooja Patel,INDIVIDUAL,RETAIL,XXXX-XXXX-8956,ERJPXXXX70V,+91-XXXXX-89252,po***pa@gmail.com,Mumbai,Maharashtra,400028,PENDING_REKYC,ACTIVE,2024-07-21 00:00:00
C1057,Aarav Banerjee,NRI,WEALTH_HNI,XXXX-XXXX-8240,ZYOPXXXX95O,+91-XXXXX-65645,aa***ba@gmail.com,Pune,Maharashtra,411054,PENDING_REKYC,ACTIVE,2020-11-15 00:00:00
C1058,Kavya Sharma,PROPRIETORSHIP,RETAIL,XXXX-XXXX-1302,XVNPXXXX37W,+91-XXXXX-77661,ka***sh@gmail.com,Bengaluru,Karnataka,560061,VERIFIED,ACTIVE,2021-08-28 00:00:00
C1059,Rohan Kumar,NRI,RETAIL,XXXX-XXXX-3797,KOMPXXXX27Z,+91-XXXXX-98869,ro***ku@gmail.com,Hyderabad,Telangana,500032,VERIFIED,ACTIVE,2022-07-13 00:00:00
C1060,Pooja Nair,PROPRIETORSHIP,RETAIL,XXXX-XXXX-2296,GVZPXXXX53Y,+91-XXXXX-13596,po***na@gmail.com,Chennai,Tamil Nadu,600066,VERIFIED,ACTIVE,2018-08-21 00:00:00
C1061,Amit Rao,INDIVIDUAL,WEALTH_HNI,XXXX-XXXX-8943,HQLPXXXX92J,+91-XXXXX-70004,am***ra@gmail.com,Delhi,Delhi,110095,VERIFIED,ACTIVE,2023-05-30 00:00:00
C1062,Sneha Joshi,PROPRIETORSHIP,WEALTH_HNI,XXXX-XXXX-2460,VUFPXXXX79W,+91-XXXXX-82303,sn***jo@gmail.com,Kolkata,West Bengal,700042,VERIFIED,ACTIVE,2024-07-25 00:00:00
C1063,Aditya Gupta,PROPRIETORSHIP,WEALTH_HNI,XXXX-XXXX-9434,HEDPXXXX33F,+91-XXXXX-51427,ad***gu@gmail.com,Ahmedabad,Gujarat,380012,VERIFIED,ACTIVE,2018-04-28 00:00:00
C1064,Kavya Deshmukh,INDIVIDUAL,RETAIL,XXXX-XXXX-6560,BOKPXXXX17Z,+91-XXXXX-56514,ka***de@gmail.com,Mumbai,Maharashtra,400060,VERIFIED,ACTIVE,2021-02-15 00:00:00
C1065,Priya Sharma,INDIVIDUAL,RETAIL,XXXX-XXXX-5208,LOAPXXXX23F,+91-XXXXX-11828,pr***sh@gmail.com,Pune,Maharashtra,411029,VERIFIED,ACTIVE,2023-07-20 00:00:00
C1066,Sneha Verma,INDIVIDUAL,RETAIL,XXXX-XXXX-1260,WJLPXXXX11M,+91-XXXXX-15287,sn***ve@gmail.com,Bengaluru,Karnataka,560019,VERIFIED,ACTIVE,2024-07-04 00:00:00
C1067,Sanjay Kumar,PROPRIETORSHIP,CORPORATE_LITE,XXXX-XXXX-4490,QELPXXXX59N,+91-XXXXX-77444,sa***ku@gmail.com,Hyderabad,Telangana,500033,PENDING_REKYC,ACTIVE,2022-04-20 00:00:00
C1068,Sneha Iyer,INDIVIDUAL,RETAIL,XXXX-XXXX-6468,HKIPXXXX23C,+91-XXXXX-96740,sn***iy@gmail.com,Chennai,Tamil Nadu,600073,VERIFIED,ACTIVE,2018-05-12 00:00:00
C1069,Pooja Gupta,INDIVIDUAL,RETAIL,XXXX-XXXX-7943,SFAPXXXX32O,+91-XXXXX-19184,po***gu@gmail.com,Delhi,Delhi,110027,VERIFIED,ACTIVE,2023-06-21 00:00:00
C1070,Kavya Patel,INDIVIDUAL,RETAIL,XXXX-XXXX-2970,FFCPXXXX16S,+91-XXXXX-34519,ka***pa@gmail.com,Kolkata,West Bengal,700048,VERIFIED,ACTIVE,2022-08-20 00:00:00
C1071,Sunita Nair,INDIVIDUAL,RETAIL,XXXX-XXXX-1419,FYAPXXXX36W,+91-XXXXX-12336,su***na@gmail.com,Ahmedabad,Gujarat,380036,PENDING_REKYC,ACTIVE,2019-06-01 00:00:00
C1072,Aarav Deshmukh,NRI,RETAIL,XXXX-XXXX-7028,ODMPXXXX97T,+91-XXXXX-50631,aa***de@gmail.com,Mumbai,Maharashtra,400047,VERIFIED,ACTIVE,2023-09-26 00:00:00
C1073,Rajesh Verma,NRI,CORPORATE_LITE,XXXX-XXXX-1094,SSDPXXXX45Z,+91-XXXXX-81315,ra***ve@gmail.com,Pune,Maharashtra,411036,VERIFIED,ACTIVE,2019-12-13 00:00:00
C1074,Pooja Banerjee,PROPRIETORSHIP,RETAIL,XXXX-XXXX-8783,RYAPXXXX69K,+91-XXXXX-95451,po***ba@gmail.com,Bengaluru,Karnataka,560021,VERIFIED,ACTIVE,2023-02-07 00:00:00
C1075,Aarav Iyer,NRI,RETAIL,XXXX-XXXX-7024,VSNPXXXX49I,+91-XXXXX-13797,aa***iy@gmail.com,Hyderabad,Telangana,500040,VERIFIED,ACTIVE,2022-07-04 00:00:00
C1076,Aditya Gupta,NRI,RETAIL,XXXX-XXXX-2854,VWSPXXXX49O,+91-XXXXX-78244,ad***gu@gmail.com,Chennai,Tamil Nadu,600010,VERIFIED,ACTIVE,2024-06-18 00:00:00
C1077,Rahul Patel,INDIVIDUAL,WEALTH_HNI,XXXX-XXXX-1536,ZKFPXXXX11G,+91-XXXXX-18666,ra***pa@gmail.com,Delhi,Delhi,110072,VERIFIED,ACTIVE,2020-08-12 00:00:00
C1078,Rohan Deshmukh,NRI,RETAIL,XXXX-XXXX-2990,TFUPXXXX97A,+91-XXXXX-47148,ro***de@gmail.com,Kolkata,West Bengal,700033,VERIFIED,ACTIVE,2022-02-01 00:00:00
C1079,Aarav Rao,PROPRIETORSHIP,RETAIL,XXXX-XXXX-5243,VVHPXXXX58G,+91-XXXXX-85520,aa***ra@gmail.com,Ahmedabad,Gujarat,380058,PENDING_REKYC,ACTIVE,2020-08-09 00:00:00
C1080,Sunita Reddy,NRI,RETAIL,XXXX-XXXX-5524,PHSPXXXX27A,+91-XXXXX-74077,su***re@gmail.com,Mumbai,Maharashtra,400058,VERIFIED,ACTIVE,2020-09-14 00:00:00
C1081,Sunita Deshmukh,NRI,RETAIL,XXXX-XXXX-5926,DAHPXXXX38W,+91-XXXXX-50806,su***de@gmail.com,Pune,Maharashtra,411060,VERIFIED,ACTIVE,2023-03-17 00:00:00
C1082,Aarav Nair,NRI,RETAIL,XXXX-XXXX-8643,RGHPXXXX74Y,+91-XXXXX-86534,aa***na@gmail.com,Bengaluru,Karnataka,560064,VERIFIED,ACTIVE,2018-11-24 00:00:00
C1083,Amit Joshi,PROPRIETORSHIP,RETAIL,XXXX-XXXX-8218,AOHPXXXX43C,+91-XXXXX-44911,am***jo@gmail.com,Hyderabad,Telangana,500076,PENDING_REKYC,ACTIVE,2019-03-28 00:00:00
C1084,Sneha Joshi,NRI,RETAIL,XXXX-XXXX-1822,PRGPXXXX83G,+91-XXXXX-26032,sn***jo@gmail.com,Chennai,Tamil Nadu,600023,VERIFIED,ACTIVE,2020-07-03 00:00:00
C1085,Neha Verma,PROPRIETORSHIP,RETAIL,XXXX-XXXX-7852,TKJPXXXX11C,+91-XXXXX-86918,ne***ve@gmail.com,Delhi,Delhi,110011,VERIFIED,ACTIVE,2021-07-03 00:00:00
C1086,Ananya Joshi,PROPRIETORSHIP,CORPORATE_LITE,XXXX-XXXX-6986,TZVPXXXX33Q,+91-XXXXX-58285,an***jo@gmail.com,Kolkata,West Bengal,700053,VERIFIED,ACTIVE,2020-01-06 00:00:00
C1087,Rohan Sharma,NRI,RETAIL,XXXX-XXXX-3599,BMYPXXXX82V,+91-XXXXX-27685,ro***sh@gmail.com,Ahmedabad,Gujarat,380023,VERIFIED,ACTIVE,2023-09-08 00:00:00
C1088,Aditya Joshi,INDIVIDUAL,RETAIL,XXXX-XXXX-7981,RUJPXXXX50F,+91-XXXXX-36657,ad***jo@gmail.com,Mumbai,Maharashtra,400084,VERIFIED,ACTIVE,2019-08-11 00:00:00
C1089,Pooja Deshmukh,NRI,RETAIL,XXXX-XXXX-3074,YFHPXXXX21M,+91-XXXXX-57924,po***de@gmail.com,Pune,Maharashtra,411094,VERIFIED,ACTIVE,2019-12-03 00:00:00
C1090,Ananya Iyer,INDIVIDUAL,RETAIL,XXXX-XXXX-2386,ASUPXXXX45S,+91-XXXXX-88617,an***iy@gmail.com,Bengaluru,Karnataka,560063,VERIFIED,ACTIVE,2021-02-10 00:00:00
C1091,Kavya Patel,INDIVIDUAL,RETAIL,XXXX-XXXX-5150,OXVPXXXX31E,+91-XXXXX-99399,ka***pa@gmail.com,Hyderabad,Telangana,500063,VERIFIED,ACTIVE,2022-10-29 00:00:00
C1092,Aarav Banerjee,INDIVIDUAL,RETAIL,XXXX-XXXX-1153,BUIPXXXX82H,+91-XXXXX-47904,aa***ba@gmail.com,Chennai,Tamil Nadu,600082,VERIFIED,ACTIVE,2023-09-21 00:00:00
C1093,Rohan Patel,INDIVIDUAL,RETAIL,XXXX-XXXX-4549,FBLPXXXX28E,+91-XXXXX-79626,ro***pa@gmail.com,Delhi,Delhi,110053,VERIFIED,DORMANT,2022-03-01 00:00:00
C1094,Sunita Kulkarni,INDIVIDUAL,WEALTH_HNI,XXXX-XXXX-6895,UQWPXXXX89F,+91-XXXXX-80855,su***ku@gmail.com,Kolkata,West Bengal,700092,PENDING_REKYC,ACTIVE,2019-05-04 00:00:00
C1095,Amit Singh,INDIVIDUAL,RETAIL,XXXX-XXXX-5806,QWZPXXXX94V,+91-XXXXX-92310,am***si@gmail.com,Ahmedabad,Gujarat,380025,VERIFIED,ACTIVE,2022-03-02 00:00:00
C1096,Rajesh Verma,PROPRIETORSHIP,RETAIL,XXXX-XXXX-4042,RJGPXXXX26N,+91-XXXXX-84910,ra***ve@gmail.com,Mumbai,Maharashtra,400048,PENDING_REKYC,ACTIVE,2021-01-26 00:00:00
C1097,Sanjay Kulkarni,INDIVIDUAL,RETAIL,XXXX-XXXX-8126,LGOPXXXX13V,+91-XXXXX-17564,sa***ku@gmail.com,Pune,Maharashtra,411064,VERIFIED,ACTIVE,2021-02-05 00:00:00
C1098,Aditya Patel,INDIVIDUAL,RETAIL,XXXX-XXXX-1545,WMMPXXXX27C,+91-XXXXX-49974,ad***pa@gmail.com,Bengaluru,Karnataka,560051,VERIFIED,ACTIVE,2019-04-22 00:00:00
C1099,Neha Gupta,NRI,RETAIL,XXXX-XXXX-4511,LOYPXXXX19Y,+91-XXXXX-34574,ne***gu@gmail.com,Hyderabad,Telangana,500025,VERIFIED,ACTIVE,2023-08-13 00:00:00
C1100,Kavya Banerjee,NRI,RETAIL,XXXX-XXXX-1145,EYPPXXXX74U,+91-XXXXX-45400,ka***ba@gmail.com,Chennai,Tamil Nadu,600077,PENDING_REKYC,ACTIVE,2024-02-13 00:00:00
C1101,Rajesh Joshi,INDIVIDUAL,CORPORATE_LITE,XXXX-XXXX-5805,GXNPXXXX97K,+91-XXXXX-39757,ra***jo@gmail.com,Delhi,Delhi,110052,VERIFIED,ACTIVE,2020-02-11 00:00:00
C1102,Priya Reddy,INDIVIDUAL,RETAIL,XXXX-XXXX-6429,USMPXXXX83K,+91-XXXXX-71665,pr***re@gmail.com,Kolkata,West Bengal,700072,VERIFIED,ACTIVE,2024-04-25 00:00:00
C1103,Vikram Joshi,INDIVIDUAL,RETAIL,XXXX-XXXX-8214,WQIPXXXX29Z,+91-XXXXX-40448,vi***jo@gmail.com,Ahmedabad,Gujarat,380063,VERIFIED,ACTIVE,2020-04-29 00:00:00
C1104,Kavya Patel,INDIVIDUAL,RETAIL,XXXX-XXXX-8906,FMXPXXXX98I,+91-XXXXX-44701,ka***pa@gmail.com,Mumbai,Maharashtra,400041,VERIFIED,ACTIVE,2020-09-14 00:00:00
C1105,Rohan Gupta,INDIVIDUAL,RETAIL,XXXX-XXXX-1954,BXOPXXXX47H,+91-XXXXX-31754,ro***gu@gmail.com,Pune,Maharashtra,411085,VERIFIED,ACTIVE,2018-02-06 00:00:00
C1106,Rajesh Iyer,NRI,RETAIL,XXXX-XXXX-6068,QRHPXXXX54S,+91-XXXXX-29129,ra***iy@gmail.com,Bengaluru,Karnataka,560078,VERIFIED,ACTIVE,2023-06-20 00:00:00
C1107,Sneha Kulkarni,INDIVIDUAL,RETAIL,XXXX-XXXX-3383,HAPPXXXX50M,+91-XXXXX-43130,sn***ku@gmail.com,Hyderabad,Telangana,500028,VERIFIED,ACTIVE,2018-07-10 00:00:00
C1108,Neha Nair,INDIVIDUAL,RETAIL,XXXX-XXXX-1556,ZYSPXXXX40W,+91-XXXXX-88249,ne***na@gmail.com,Chennai,Tamil Nadu,600014,VERIFIED,ACTIVE,2022-04-24 00:00:00
C1109,Priya Verma,INDIVIDUAL,RETAIL,XXXX-XXXX-9780,LGBPXXXX22N,+91-XXXXX-85418,pr***ve@gmail.com,Delhi,Delhi,110087,VERIFIED,ACTIVE,2019-12-01 00:00:00
C1110,Rajesh Patel,PROPRIETORSHIP,RETAIL,XXXX-XXXX-6352,BOEPXXXX31D,+91-XXXXX-82595,ra***pa@gmail.com,Kolkata,West Bengal,700079,VERIFIED,ACTIVE,2024-02-18 00:00:00
C1111,Sneha Sharma,PROPRIETORSHIP,RETAIL,XXXX-XXXX-3752,VZXPXXXX91R,+91-XXXXX-33821,sn***sh@gmail.com,Ahmedabad,Gujarat,380019,VERIFIED,ACTIVE,2020-02-02 00:00:00
C1112,Rajesh Iyer,INDIVIDUAL,RETAIL,XXXX-XXXX-9220,KAFPXXXX88S,+91-XXXXX-37082,ra***iy@gmail.com,Mumbai,Maharashtra,400016,EXPIRED,ACTIVE,2020-01-08 00:00:00
C1113,Aarav Patel,PROPRIETORSHIP,RETAIL,XXXX-XXXX-1038,OWKPXXXX41B,+91-XXXXX-88797,aa***pa@gmail.com,Pune,Maharashtra,411022,PENDING_REKYC,ACTIVE,2020-09-15 00:00:00
C1114,Vikram Mehta,INDIVIDUAL,RETAIL,XXXX-XXXX-2682,YECPXXXX10Z,+91-XXXXX-29982,vi***me@gmail.com,Bengaluru,Karnataka,560093,VERIFIED,ACTIVE,2020-03-03 00:00:00
C1115,Ananya Kumar,NRI,RETAIL,XXXX-XXXX-4610,HNYPXXXX26U,+91-XXXXX-18711,an***ku@gmail.com,Hyderabad,Telangana,500089,VERIFIED,ACTIVE,2024-02-25 00:00:00
C1116,Neha Joshi,INDIVIDUAL,RETAIL,XXXX-XXXX-5473,CTNPXXXX24Y,+91-XXXXX-57837,ne***jo@gmail.com,Chennai,Tamil Nadu,600033,VERIFIED,ACTIVE,2023-02-19 00:00:00
C1117,Sneha Gupta,INDIVIDUAL,RETAIL,XXXX-XXXX-6109,UUBPXXXX97H,+91-XXXXX-39759,sn***gu@gmail.com,Delhi,Delhi,110069,VERIFIED,ACTIVE,2023-07-07 00:00:00
C1118,Sunita Kumar,INDIVIDUAL,RETAIL,XXXX-XXXX-7154,MYAPXXXX50H,+91-XXXXX-59930,su***ku@gmail.com,Kolkata,West Bengal,700047,VERIFIED,ACTIVE,2022-08-23 00:00:00
C1119,Sneha Deshmukh,INDIVIDUAL,RETAIL,XXXX-XXXX-3720,JHRPXXXX11A,+91-XXXXX-37424,sn***de@gmail.com,Ahmedabad,Gujarat,380029,VERIFIED,ACTIVE,2023-12-04 00:00:00
C1120,Aditya Verma,NRI,RETAIL,XXXX-XXXX-8014,ZNZPXXXX24B,+91-XXXXX-75641,ad***ve@gmail.com,Mumbai,Maharashtra,400047,VERIFIED,DORMANT,2018-11-13 00:00:00
C1121,Sneha Gupta,PROPRIETORSHIP,RETAIL,XXXX-XXXX-4144,GIRPXXXX85H,+91-XXXXX-36289,sn***gu@gmail.com,Pune,Maharashtra,411015,VERIFIED,ACTIVE,2018-09-08 00:00:00
C1122,Sanjay Rao,INDIVIDUAL,RETAIL,XXXX-XXXX-1899,FZVPXXXX35C,+91-XXXXX-66446,sa***ra@gmail.com,Bengaluru,Karnataka,560089,VERIFIED,ACTIVE,2023-11-05 00:00:00
C1123,Rahul Reddy,NRI,RETAIL,XXXX-XXXX-4638,NDMPXXXX17W,+91-XXXXX-12356,ra***re@gmail.com,Hyderabad,Telangana,500028,VERIFIED,ACTIVE,2023-06-13 00:00:00
C1124,Sneha Joshi,NRI,RETAIL,XXXX-XXXX-3920,CJSPXXXX44V,+91-XXXXX-65230,sn***jo@gmail.com,Chennai,Tamil Nadu,600065,VERIFIED,ACTIVE,2022-10-15 00:00:00
C1125,Rajesh Kulkarni,INDIVIDUAL,RETAIL,XXXX-XXXX-4453,TXRPXXXX58S,+91-XXXXX-14703,ra***ku@gmail.com,Delhi,Delhi,110029,VERIFIED,ACTIVE,2022-03-16 00:00:00
C1126,Amit Verma,INDIVIDUAL,RETAIL,XXXX-XXXX-2394,ZVLPXXXX12M,+91-XXXXX-94878,am***ve@gmail.com,Kolkata,West Bengal,700045,VERIFIED,ACTIVE,2019-04-23 00:00:00
C1127,Neha Banerjee,INDIVIDUAL,RETAIL,XXXX-XXXX-1001,WEEPXXXX47M,+91-XXXXX-14648,ne***ba@gmail.com,Ahmedabad,Gujarat,380087,VERIFIED,ACTIVE,2018-01-14 00:00:00
C1128,Rahul Rao,INDIVIDUAL,RETAIL,XXXX-XXXX-4814,FQYPXXXX37B,+91-XXXXX-74674,ra***ra@gmail.com,Mumbai,Maharashtra,400011,VERIFIED,ACTIVE,2019-04-05 00:00:00
C1129,Rajesh Nair,INDIVIDUAL,RETAIL,XXXX-XXXX-7430,KJCPXXXX23P,+91-XXXXX-81260,ra***na@gmail.com,Pune,Maharashtra,411056,VERIFIED,ACTIVE,2023-12-21 00:00:00
C1130,Sanjay Iyer,PROPRIETORSHIP,RETAIL,XXXX-XXXX-1575,VTYPXXXX46O,+91-XXXXX-81652,sa***iy@gmail.com,Bengaluru,Karnataka,560010,VERIFIED,ACTIVE,2022-04-29 00:00:00
C1131,Amit Kumar,INDIVIDUAL,WEALTH_HNI,XXXX-XXXX-1619,TRNPXXXX11I,+91-XXXXX-57614,am***ku@gmail.com,Hyderabad,Telangana,500015,VERIFIED,ACTIVE,2023-12-07 00:00:00
C1132,Vikram Joshi,INDIVIDUAL,RETAIL,XXXX-XXXX-7980,AQSPXXXX87L,+91-XXXXX-51235,vi***jo@gmail.com,Chennai,Tamil Nadu,600068,EXPIRED,ACTIVE,2018-05-06 00:00:00
C1133,Ananya Reddy,PROPRIETORSHIP,RETAIL,XXXX-XXXX-6342,XOKPXXXX59W,+91-XXXXX-89141,an***re@gmail.com,Delhi,Delhi,110066,VERIFIED,ACTIVE,2018-11-04 00:00:00
C1134,Pooja Iyer,NRI,CORPORATE_LITE,XXXX-XXXX-9320,WHFPXXXX14O,+91-XXXXX-58320,po***iy@gmail.com,Kolkata,West Bengal,700017,VERIFIED,ACTIVE,2023-12-02 00:00:00
C1135,Pooja Kulkarni,NRI,RETAIL,XXXX-XXXX-1986,HYNPXXXX77A,+91-XXXXX-41890,po***ku@gmail.com,Ahmedabad,Gujarat,380056,VERIFIED,ACTIVE,2020-12-28 00:00:00
C1136,Sunita Iyer,INDIVIDUAL,RETAIL,XXXX-XXXX-6105,FIAPXXXX50Y,+91-XXXXX-82460,su***iy@gmail.com,Mumbai,Maharashtra,400075,VERIFIED,ACTIVE,2021-09-09 00:00:00
C1137,Sneha Banerjee,INDIVIDUAL,RETAIL,XXXX-XXXX-5114,FBRPXXXX22I,+91-XXXXX-35426,sn***ba@gmail.com,Pune,Maharashtra,411013,VERIFIED,ACTIVE,2020-04-01 00:00:00
C1138,Vikram Kumar,INDIVIDUAL,RETAIL,XXXX-XXXX-5806,OUSPXXXX69Y,+91-XXXXX-93360,vi***ku@gmail.com,Bengaluru,Karnataka,560074,VERIFIED,ACTIVE,2023-11-20 00:00:00
C1139,Rohan Kulkarni,INDIVIDUAL,RETAIL,XXXX-XXXX-3989,ICUPXXXX35H,+91-XXXXX-45631,ro***ku@gmail.com,Hyderabad,Telangana,500087,VERIFIED,ACTIVE,2021-03-23 00:00:00
C1140,Vikram Verma,NRI,RETAIL,XXXX-XXXX-9234,PWFPXXXX55R,+91-XXXXX-36987,vi***ve@gmail.com,Chennai,Tamil Nadu,600057,PENDING_REKYC,ACTIVE,2020-10-11 00:00:00
C1141,Vikram Iyer,INDIVIDUAL,RETAIL,XXXX-XXXX-7936,DKSPXXXX24D,+91-XXXXX-88612,vi***iy@gmail.com,Delhi,Delhi,110024,VERIFIED,ACTIVE,2023-04-01 00:00:00
C1142,Vikram Rao,INDIVIDUAL,CORPORATE_LITE,XXXX-XXXX-7894,CHPPXXXX45R,+91-XXXXX-22289,vi***ra@gmail.com,Kolkata,West Bengal,700036,VERIFIED,ACTIVE,2018-12-16 00:00:00
C1143,Amit Iyer,PROPRIETORSHIP,RETAIL,XXXX-XXXX-8052,GXQPXXXX51J,+91-XXXXX-34611,am***iy@gmail.com,Ahmedabad,Gujarat,380083,VERIFIED,ACTIVE,2021-11-09 00:00:00
C1144,Rajesh Singh,INDIVIDUAL,RETAIL,XXXX-XXXX-7284,WVVPXXXX30V,+91-XXXXX-19435,ra***si@gmail.com,Mumbai,Maharashtra,400056,VERIFIED,ACTIVE,2020-09-10 00:00:00
C1145,Rajesh Singh,PROPRIETORSHIP,RETAIL,XXXX-XXXX-7295,PQZPXXXX46D,+91-XXXXX-65826,ra***si@gmail.com,Pune,Maharashtra,411081,VERIFIED,ACTIVE,2018-05-26 00:00:00
C1146,Pooja Sharma,PROPRIETORSHIP,RETAIL,XXXX-XXXX-1482,LBAPXXXX30Q,+91-XXXXX-51621,po***sh@gmail.com,Bengaluru,Karnataka,560064,VERIFIED,ACTIVE,2022-03-27 00:00:00
C1147,Sunita Reddy,INDIVIDUAL,RETAIL,XXXX-XXXX-8421,YBCPXXXX16U,+91-XXXXX-42117,su***re@gmail.com,Hyderabad,Telangana,500066,VERIFIED,ACTIVE,2020-09-25 00:00:00
C1148,Sunita Patel,NRI,RETAIL,XXXX-XXXX-2241,FJGPXXXX45H,+91-XXXXX-83379,su***pa@gmail.com,Chennai,Tamil Nadu,600077,VERIFIED,ACTIVE,2020-12-29 00:00:00
C1149,Priya Reddy,INDIVIDUAL,RETAIL,XXXX-XXXX-4713,ELUPXXXX17F,+91-XXXXX-44503,pr***re@gmail.com,Delhi,Delhi,110058,VERIFIED,ACTIVE,2018-02-27 00:00:00
C1150,Sneha Verma,INDIVIDUAL,RETAIL,XXXX-XXXX-6291,BFQPXXXX44B,+91-XXXXX-19686,sn***ve@gmail.com,Kolkata,West Bengal,700096,EXPIRED,ACTIVE,2022-01-05 00:00:00
C1151,Rajesh Reddy,INDIVIDUAL,RETAIL,XXXX-XXXX-4374,YWPPXXXX71Y,+91-XXXXX-78619,ra***re@gmail.com,Ahmedabad,Gujarat,380040,VERIFIED,BLOCKED,2022-08-07 00:00:00
C1152,Aditya Iyer,INDIVIDUAL,RETAIL,XXXX-XXXX-7099,HXLPXXXX74Y,+91-XXXXX-92205,ad***iy@gmail.com,Mumbai,Maharashtra,400014,VERIFIED,ACTIVE,2019-04-01 00:00:00
C1153,Aarav Joshi,INDIVIDUAL,RETAIL,XXXX-XXXX-3785,NDAPXXXX32R,+91-XXXXX-94328,aa***jo@gmail.com,Pune,Maharashtra,411025,VERIFIED,ACTIVE,2024-11-01 00:00:00
C1154,Priya Banerjee,NRI,CORPORATE_LITE,XXXX-XXXX-2689,DRWPXXXX15C,+91-XXXXX-75450,pr***ba@gmail.com,Bengaluru,Karnataka,560032,VERIFIED,ACTIVE,2019-05-05 00:00:00
C1155,Aarav Singh,NRI,RETAIL,XXXX-XXXX-9785,MCXPXXXX39N,+91-XXXXX-83861,aa***si@gmail.com,Hyderabad,Telangana,500047,VERIFIED,ACTIVE,2018-03-14 00:00:00
C1156,Rohan Verma,INDIVIDUAL,RETAIL,XXXX-XXXX-3978,RNTPXXXX91J,+91-XXXXX-15656,ro***ve@gmail.com,Chennai,Tamil Nadu,600011,VERIFIED,ACTIVE,2018-06-13 00:00:00
C1157,Aarav Banerjee,INDIVIDUAL,RETAIL,XXXX-XXXX-5917,NTCPXXXX50F,+91-XXXXX-60200,aa***ba@gmail.com,Delhi,Delhi,110089,VERIFIED,ACTIVE,2020-08-21 00:00:00
C1158,Priya Reddy,NRI,RETAIL,XXXX-XXXX-8179,MNTPXXXX27F,+91-XXXXX-28268,pr***re@gmail.com,Kolkata,West Bengal,700069,VERIFIED,ACTIVE,2024-05-23 00:00:00
C1159,Rohan Verma,NRI,RETAIL,XXXX-XXXX-7488,BKRPXXXX40X,+91-XXXXX-35032,ro***ve@gmail.com,Ahmedabad,Gujarat,380019,VERIFIED,ACTIVE,2021-09-14 00:00:00
C1160,Sunita Patel,NRI,RETAIL,XXXX-XXXX-9591,ADDPXXXX49Q,+91-XXXXX-53108,su***pa@gmail.com,Mumbai,Maharashtra,400016,VERIFIED,ACTIVE,2019-02-24 00:00:00
C1161,Aditya Verma,INDIVIDUAL,RETAIL,XXXX-XXXX-8870,CGVPXXXX23G,+91-XXXXX-19956,ad***ve@gmail.com,Pune,Maharashtra,411072,VERIFIED,ACTIVE,2019-01-21 00:00:00
C1162,Vikram Deshmukh,INDIVIDUAL,RETAIL,XXXX-XXXX-7793,WZXPXXXX48E,+91-XXXXX-70428,vi***de@gmail.com,Bengaluru,Karnataka,560088,VERIFIED,ACTIVE,2024-07-13 00:00:00
C1163,Priya Sharma,PROPRIETORSHIP,RETAIL,XXXX-XXXX-5798,UTWPXXXX35D,+91-XXXXX-35121,pr***sh@gmail.com,Hyderabad,Telangana,500069,VERIFIED,ACTIVE,2022-11-04 00:00:00
C1164,Rajesh Deshmukh,INDIVIDUAL,WEALTH_HNI,XXXX-XXXX-7164,JMQPXXXX73Q,+91-XXXXX-13191,ra***de@gmail.com,Chennai,Tamil Nadu,600051,VERIFIED,ACTIVE,2023-09-08 00:00:00
C1165,Ananya Singh,INDIVIDUAL,RETAIL,XXXX-XXXX-3279,UKWPXXXX43H,+91-XXXXX-38602,an***si@gmail.com,Delhi,Delhi,110069,PENDING_REKYC,ACTIVE,2020-05-05 00:00:00
C1166,Vikram Iyer,INDIVIDUAL,RETAIL,XXXX-XXXX-7230,EHMPXXXX81Y,+91-XXXXX-73530,vi***iy@gmail.com,Kolkata,West Bengal,700074,VERIFIED,ACTIVE,2022-07-27 00:00:00
C1167,Kavya Singh,NRI,RETAIL,XXXX-XXXX-1365,DKTPXXXX24S,+91-XXXXX-74027,ka***si@gmail.com,Ahmedabad,Gujarat,380040,VERIFIED,ACTIVE,2024-07-25 00:00:00
C1168,Kavya Singh,NRI,RETAIL,XXXX-XXXX-7511,QHHPXXXX34I,+91-XXXXX-62161,ka***si@gmail.com,Mumbai,Maharashtra,400047,VERIFIED,ACTIVE,2022-06-02 00:00:00
C1169,Rahul Singh,PROPRIETORSHIP,RETAIL,XXXX-XXXX-7910,RJUPXXXX45L,+91-XXXXX-15978,ra***si@gmail.com,Pune,Maharashtra,411071,VERIFIED,ACTIVE,2024-01-17 00:00:00
C1170,Neha Verma,INDIVIDUAL,RETAIL,XXXX-XXXX-1521,OQHPXXXX27W,+91-XXXXX-55000,ne***ve@gmail.com,Bengaluru,Karnataka,560020,PENDING_REKYC,ACTIVE,2024-09-27 00:00:00
C1171,Neha Patel,PROPRIETORSHIP,WEALTH_HNI,XXXX-XXXX-3160,XUCPXXXX41W,+91-XXXXX-86272,ne***pa@gmail.com,Hyderabad,Telangana,500055,VERIFIED,ACTIVE,2023-04-12 00:00:00
C1172,Sunita Nair,INDIVIDUAL,RETAIL,XXXX-XXXX-9789,VKYPXXXX31M,+91-XXXXX-95457,su***na@gmail.com,Chennai,Tamil Nadu,600032,EXPIRED,ACTIVE,2018-10-10 00:00:00
C1173,Amit Patel,INDIVIDUAL,RETAIL,XXXX-XXXX-5183,LMVPXXXX52E,+91-XXXXX-77260,am***pa@gmail.com,Delhi,Delhi,110032,VERIFIED,ACTIVE,2023-08-29 00:00:00
C1174,Sunita Nair,INDIVIDUAL,RETAIL,XXXX-XXXX-8295,EOHPXXXX67P,+91-XXXXX-75095,su***na@gmail.com,Kolkata,West Bengal,700034,VERIFIED,ACTIVE,2023-04-08 00:00:00
C1175,Pooja Verma,PROPRIETORSHIP,RETAIL,XXXX-XXXX-4081,UNGPXXXX36B,+91-XXXXX-41656,po***ve@gmail.com,Ahmedabad,Gujarat,380098,VERIFIED,ACTIVE,2024-03-31 00:00:00
C1176,Sneha Iyer,NRI,RETAIL,XXXX-XXXX-2037,YBUPXXXX29K,+91-XXXXX-46751,sn***iy@gmail.com,Mumbai,Maharashtra,400090,VERIFIED,ACTIVE,2021-01-29 00:00:00
C1177,Amit Reddy,INDIVIDUAL,RETAIL,XXXX-XXXX-2929,XVCPXXXX35E,+91-XXXXX-83445,am***re@gmail.com,Pune,Maharashtra,411013,VERIFIED,ACTIVE,2024-02-28 00:00:00
C1178,Priya Iyer,INDIVIDUAL,RETAIL,XXXX-XXXX-6036,TQWPXXXX80D,+91-XXXXX-46060,pr***iy@gmail.com,Bengaluru,Karnataka,560066,VERIFIED,ACTIVE,2020-12-14 00:00:00
C1179,Kavya Banerjee,INDIVIDUAL,RETAIL,XXXX-XXXX-1161,RSSPXXXX58N,+91-XXXXX-65506,ka***ba@gmail.com,Hyderabad,Telangana,500033,VERIFIED,ACTIVE,2021-08-30 00:00:00
C1180,Amit Rao,NRI,RETAIL,XXXX-XXXX-9623,MDWPXXXX64A,+91-XXXXX-43937,am***ra@gmail.com,Chennai,Tamil Nadu,600073,EXPIRED,ACTIVE,2021-08-19 00:00:00
C1181,Neha Deshmukh,INDIVIDUAL,RETAIL,XXXX-XXXX-2283,TPOPXXXX24F,+91-XXXXX-40254,ne***de@gmail.com,Delhi,Delhi,110054,VERIFIED,ACTIVE,2019-08-25 00:00:00
C1182,Rahul Rao,NRI,WEALTH_HNI,XXXX-XXXX-9329,RCMPXXXX79Q,+91-XXXXX-93820,ra***ra@gmail.com,Kolkata,West Bengal,700070,PENDING_REKYC,ACTIVE,2020-07-10 00:00:00
C1183,Rajesh Joshi,INDIVIDUAL,RETAIL,XXXX-XXXX-3096,UJEPXXXX79Z,+91-XXXXX-29715,ra***jo@gmail.com,Ahmedabad,Gujarat,380093,VERIFIED,ACTIVE,2019-10-03 00:00:00
C1184,Priya Deshmukh,INDIVIDUAL,RETAIL,XXXX-XXXX-1685,LYTPXXXX33Y,+91-XXXXX-55603,pr***de@gmail.com,Mumbai,Maharashtra,400050,VERIFIED,ACTIVE,2024-09-27 00:00:00
C1185,Aditya Patel,INDIVIDUAL,RETAIL,XXXX-XXXX-4291,NXJPXXXX89P,+91-XXXXX-19833,ad***pa@gmail.com,Pune,Maharashtra,411064,PENDING_REKYC,ACTIVE,2023-01-11 00:00:00
C1186,Sanjay Rao,NRI,RETAIL,XXXX-XXXX-3297,KYUPXXXX77R,+91-XXXXX-40682,sa***ra@gmail.com,Bengaluru,Karnataka,560091,VERIFIED,ACTIVE,2019-11-03 00:00:00
C1187,Priya Kulkarni,INDIVIDUAL,CORPORATE_LITE,XXXX-XXXX-7342,UJZPXXXX23Y,+91-XXXXX-30644,pr***ku@gmail.com,Hyderabad,Telangana,500024,VERIFIED,ACTIVE,2022-10-20 00:00:00
C1188,Aarav Patel,NRI,RETAIL,XXXX-XXXX-7588,IARPXXXX77J,+91-XXXXX-25352,aa***pa@gmail.com,Chennai,Tamil Nadu,600098,VERIFIED,ACTIVE,2022-08-15 00:00:00
C1189,Ananya Iyer,INDIVIDUAL,RETAIL,XXXX-XXXX-3090,IGVPXXXX58Q,+91-XXXXX-77169,an***iy@gmail.com,Delhi,Delhi,110067,VERIFIED,ACTIVE,2020-05-02 00:00:00
C1190,Sneha Gupta,NRI,RETAIL,XXXX-XXXX-7985,BPPPXXXX60G,+91-XXXXX-84071,sn***gu@gmail.com,Kolkata,West Bengal,700075,VERIFIED,ACTIVE,2019-09-03 00:00:00
C1191,Amit Sharma,PROPRIETORSHIP,WEALTH_HNI,XXXX-XXXX-3324,TZDPXXXX95O,+91-XXXXX-82055,am***sh@gmail.com,Ahmedabad,Gujarat,380073,VERIFIED,ACTIVE,2020-02-21 00:00:00
C1192,Rahul Kulkarni,NRI,WEALTH_HNI,XXXX-XXXX-4867,ZQBPXXXX34X,+91-XXXXX-23565,ra***ku@gmail.com,Mumbai,Maharashtra,400067,VERIFIED,ACTIVE,2020-10-08 00:00:00
C1193,Aditya Rao,PROPRIETORSHIP,RETAIL,XXXX-XXXX-7744,RKSPXXXX78S,+91-XXXXX-12551,ad***ra@gmail.com,Pune,Maharashtra,411032,VERIFIED,ACTIVE,2019-04-21 00:00:00
C1194,Vikram Joshi,INDIVIDUAL,RETAIL,XXXX-XXXX-7710,IOOPXXXX57N,+91-XXXXX-47991,vi***jo@gmail.com,Bengaluru,Karnataka,560081,VERIFIED,ACTIVE,2024-08-30 00:00:00
C1195,Rohan Reddy,PROPRIETORSHIP,WEALTH_HNI,XXXX-XXXX-1282,RKHPXXXX42A,+91-XXXXX-99087,ro***re@gmail.com,Hyderabad,Telangana,500012,VERIFIED,ACTIVE,2019-09-05 00:00:00
C1196,Sneha Banerjee,NRI,RETAIL,XXXX-XXXX-3591,ILKPXXXX55W,+91-XXXXX-64400,sn***ba@gmail.com,Chennai,Tamil Nadu,600028,VERIFIED,ACTIVE,2019-11-01 00:00:00
C1197,Priya Iyer,INDIVIDUAL,RETAIL,XXXX-XXXX-9438,EYCPXXXX77Y,+91-XXXXX-34217,pr***iy@gmail.com,Delhi,Delhi,110068,VERIFIED,DORMANT,2018-09-22 00:00:00
C1198,Ananya Deshmukh,INDIVIDUAL,RETAIL,XXXX-XXXX-8544,KBOPXXXX82U,+91-XXXXX-91623,an***de@gmail.com,Kolkata,West Bengal,700092,VERIFIED,ACTIVE,2022-12-27 00:00:00
C1199,Vikram Iyer,NRI,RETAIL,XXXX-XXXX-2715,BISPXXXX56R,+91-XXXXX-80969,vi***iy@gmail.com,Ahmedabad,Gujarat,380071,VERIFIED,ACTIVE,2024-05-09 00:00:00
C1200,Sanjay Banerjee,NRI,RETAIL,XXXX-XXXX-9915,PBBPXXXX49X,+91-XXXXX-10155,sa***ba@gmail.com,Mumbai,Maharashtra,400024,EXPIRED,ACTIVE,2018-05-04 00:00:00
C1201,Aditya Nair,INDIVIDUAL,RETAIL,XXXX-XXXX-7659,ZYOPXXXX47O,+91-XXXXX-81906,ad***na@gmail.com,Pune,Maharashtra,411072,PENDING_REKYC,ACTIVE,2023-07-13 00:00:00
C1202,Aditya Gupta,NRI,RETAIL,XXXX-XXXX-8374,RSAPXXXX15W,+91-XXXXX-68810,ad***gu@gmail.com,Bengaluru,Karnataka,560086,PENDING_REKYC,ACTIVE,2018-05-22 00:00:00
C1203,Kavya Banerjee,INDIVIDUAL,WEALTH_HNI,XXXX-XXXX-6661,NTQPXXXX34H,+91-XXXXX-33383,ka***ba@gmail.com,Hyderabad,Telangana,500044,VERIFIED,ACTIVE,2023-05-22 00:00:00
C1204,Sunita Patel,INDIVIDUAL,RETAIL,XXXX-XXXX-6394,ITMPXXXX80N,+91-XXXXX-82766,su***pa@gmail.com,Chennai,Tamil Nadu,600012,VERIFIED,ACTIVE,2022-03-12 00:00:00
C1205,Priya Banerjee,INDIVIDUAL,RETAIL,XXXX-XXXX-2460,DHQPXXXX39I,+91-XXXXX-69711,pr***ba@gmail.com,Delhi,Delhi,110047,VERIFIED,ACTIVE,2021-05-11 00:00:00
C1206,Rahul Mehta,INDIVIDUAL,WEALTH_HNI,XXXX-XXXX-1040,DDHPXXXX11I,+91-XXXXX-99709,ra***me@gmail.com,Kolkata,West Bengal,700087,VERIFIED,ACTIVE,2019-11-26 00:00:00
C1207,Sunita Sharma,PROPRIETORSHIP,RETAIL,XXXX-XXXX-6154,KNRPXXXX94U,+91-XXXXX-60500,su***sh@gmail.com,Ahmedabad,Gujarat,380057,VERIFIED,ACTIVE,2023-08-07 00:00:00
C1208,Rahul Rao,PROPRIETORSHIP,RETAIL,XXXX-XXXX-5577,XAHPXXXX54W,+91-XXXXX-42174,ra***ra@gmail.com,Mumbai,Maharashtra,400044,VERIFIED,ACTIVE,2019-06-11 00:00:00
C1209,Pooja Rao,NRI,RETAIL,XXXX-XXXX-8986,FTYPXXXX38S,+91-XXXXX-38803,po***ra@gmail.com,Pune,Maharashtra,411031,VERIFIED,ACTIVE,2021-11-30 00:00:00
C1210,Rohan Deshmukh,INDIVIDUAL,RETAIL,XXXX-XXXX-3007,BWIPXXXX10H,+91-XXXXX-52070,ro***de@gmail.com,Bengaluru,Karnataka,560075,VERIFIED,ACTIVE,2023-04-21 00:00:00
C1211,Sneha Singh,NRI,RETAIL,XXXX-XXXX-8815,SJAPXXXX66M,+91-XXXXX-78336,sn***si@gmail.com,Hyderabad,Telangana,500036,VERIFIED,ACTIVE,2023-02-19 00:00:00
C1212,Rajesh Reddy,INDIVIDUAL,RETAIL,XXXX-XXXX-2325,QHKPXXXX29A,+91-XXXXX-26724,ra***re@gmail.com,Chennai,Tamil Nadu,600058,VERIFIED,ACTIVE,2021-10-18 00:00:00
C1213,Rahul Gupta,NRI,RETAIL,XXXX-XXXX-5912,IQXPXXXX30S,+91-XXXXX-54602,ra***gu@gmail.com,Delhi,Delhi,110097,VERIFIED,ACTIVE,2022-09-24 00:00:00
C1214,Rohan Mehta,INDIVIDUAL,RETAIL,XXXX-XXXX-4629,MAHPXXXX28L,+91-XXXXX-88279,ro***me@gmail.com,Kolkata,West Bengal,700086,VERIFIED,ACTIVE,2023-05-07 00:00:00
C1215,Aditya Iyer,INDIVIDUAL,RETAIL,XXXX-XXXX-5615,YNWPXXXX39M,+91-XXXXX-76262,ad***iy@gmail.com,Ahmedabad,Gujarat,380078,VERIFIED,ACTIVE,2021-09-09 00:00:00
C1216,Amit Rao,NRI,RETAIL,XXXX-XXXX-2774,HTQPXXXX85Z,+91-XXXXX-34306,am***ra@gmail.com,Mumbai,Maharashtra,400091,VERIFIED,ACTIVE,2018-04-15 00:00:00
C1217,Rohan Mehta,INDIVIDUAL,RETAIL,XXXX-XXXX-5658,VIYPXXXX48C,+91-XXXXX-29539,ro***me@gmail.com,Pune,Maharashtra,411086,VERIFIED,ACTIVE,2022-08-29 00:00:00
C1218,Sunita Kulkarni,NRI,RETAIL,XXXX-XXXX-5008,LCKPXXXX74W,+91-XXXXX-99900,su***ku@gmail.com,Bengaluru,Karnataka,560011,VERIFIED,ACTIVE,2018-02-18 00:00:00
C1219,Rahul Nair,NRI,RETAIL,XXXX-XXXX-6624,FUVPXXXX27D,+91-XXXXX-46268,ra***na@gmail.com,Hyderabad,Telangana,500033,VERIFIED,ACTIVE,2020-11-19 00:00:00
C1220,Ananya Patel,INDIVIDUAL,RETAIL,XXXX-XXXX-4243,OIWPXXXX84P,+91-XXXXX-57775,an***pa@gmail.com,Chennai,Tamil Nadu,600076,VERIFIED,ACTIVE,2021-11-04 00:00:00
C1221,Aditya Verma,INDIVIDUAL,WEALTH_HNI,XXXX-XXXX-8835,EGDPXXXX46X,+91-XXXXX-31312,ad***ve@gmail.com,Delhi,Delhi,110065,VERIFIED,ACTIVE,2020-07-02 00:00:00
C1222,Sanjay Kumar,PROPRIETORSHIP,RETAIL,XXXX-XXXX-2829,EHBPXXXX57T,+91-XXXXX-27438,sa***ku@gmail.com,Kolkata,West Bengal,700020,EXPIRED,DORMANT,2021-10-31 00:00:00
C1223,Rohan Mehta,INDIVIDUAL,RETAIL,XXXX-XXXX-8939,ZNVPXXXX73J,+91-XXXXX-87362,ro***me@gmail.com,Ahmedabad,Gujarat,380054,VERIFIED,ACTIVE,2018-09-02 00:00:00
C1224,Vikram Singh,PROPRIETORSHIP,RETAIL,XXXX-XXXX-7313,ECWPXXXX15D,+91-XXXXX-76321,vi***si@gmail.com,Mumbai,Maharashtra,400046,EXPIRED,ACTIVE,2018-02-28 00:00:00
C1225,Priya Sharma,NRI,RETAIL,XXXX-XXXX-4236,IQMPXXXX43M,+91-XXXXX-96836,pr***sh@gmail.com,Pune,Maharashtra,411031,VERIFIED,ACTIVE,2021-10-09 00:00:00
C1226,Rohan Singh,INDIVIDUAL,RETAIL,XXXX-XXXX-1382,LULPXXXX20G,+91-XXXXX-85250,ro***si@gmail.com,Bengaluru,Karnataka,560094,VERIFIED,ACTIVE,2020-06-27 00:00:00
C1227,Sanjay Rao,INDIVIDUAL,RETAIL,XXXX-XXXX-7652,QCRPXXXX95Y,+91-XXXXX-54695,sa***ra@gmail.com,Hyderabad,Telangana,500060,PENDING_REKYC,ACTIVE,2021-07-31 00:00:00
C1228,Vikram Rao,PROPRIETORSHIP,RETAIL,XXXX-XXXX-7207,UBKPXXXX63M,+91-XXXXX-13630,vi***ra@gmail.com,Chennai,Tamil Nadu,600028,VERIFIED,ACTIVE,2022-02-19 00:00:00
C1229,Aarav Kulkarni,NRI,RETAIL,XXXX-XXXX-2960,NZLPXXXX79Q,+91-XXXXX-76418,aa***ku@gmail.com,Delhi,Delhi,110029,VERIFIED,ACTIVE,2020-05-13 00:00:00
C1230,Aditya Singh,INDIVIDUAL,RETAIL,XXXX-XXXX-9125,XWOPXXXX36K,+91-XXXXX-22991,ad***si@gmail.com,Kolkata,West Bengal,700084,EXPIRED,ACTIVE,2023-05-27 00:00:00
C1231,Ananya Iyer,PROPRIETORSHIP,WEALTH_HNI,XXXX-XXXX-6806,ODGPXXXX44P,+91-XXXXX-58456,an***iy@gmail.com,Ahmedabad,Gujarat,380060,VERIFIED,ACTIVE,2020-05-30 00:00:00
C1232,Kavya Patel,INDIVIDUAL,RETAIL,XXXX-XXXX-6442,EMOPXXXX70W,+91-XXXXX-61919,ka***pa@gmail.com,Mumbai,Maharashtra,400072,PENDING_REKYC,ACTIVE,2019-11-14 00:00:00
C1233,Pooja Singh,PROPRIETORSHIP,RETAIL,XXXX-XXXX-1276,PLBPXXXX50X,+91-XXXXX-91442,po***si@gmail.com,Pune,Maharashtra,411073,VERIFIED,ACTIVE,2018-01-19 00:00:00
C1234,Pooja Sharma,INDIVIDUAL,RETAIL,XXXX-XXXX-9733,GCAPXXXX45Y,+91-XXXXX-19764,po***sh@gmail.com,Bengaluru,Karnataka,560080,VERIFIED,ACTIVE,2019-10-10 00:00:00
C1235,Rahul Kumar,INDIVIDUAL,RETAIL,XXXX-XXXX-4747,CBHPXXXX32I,+91-XXXXX-31281,ra***ku@gmail.com,Hyderabad,Telangana,500010,VERIFIED,ACTIVE,2023-07-08 00:00:00
C1236,Rohan Kulkarni,PROPRIETORSHIP,RETAIL,XXXX-XXXX-1187,MMBPXXXX54S,+91-XXXXX-84085,ro***ku@gmail.com,Chennai,Tamil Nadu,600012,VERIFIED,ACTIVE,2018-06-11 00:00:00
C1237,Sneha Iyer,NRI,WEALTH_HNI,XXXX-XXXX-2497,MXOPXXXX40B,+91-XXXXX-78487,sn***iy@gmail.com,Delhi,Delhi,110075,VERIFIED,ACTIVE,2020-11-16 00:00:00
C1238,Aditya Joshi,INDIVIDUAL,RETAIL,XXXX-XXXX-3368,QIUPXXXX22U,+91-XXXXX-71202,ad***jo@gmail.com,Kolkata,West Bengal,700048,VERIFIED,ACTIVE,2018-07-02 00:00:00
C1239,Sunita Singh,INDIVIDUAL,RETAIL,XXXX-XXXX-8651,HVTPXXXX29R,+91-XXXXX-90909,su***si@gmail.com,Ahmedabad,Gujarat,380019,VERIFIED,ACTIVE,2024-09-21 00:00:00
C1240,Sunita Kumar,INDIVIDUAL,RETAIL,XXXX-XXXX-2228,WHRPXXXX21W,+91-XXXXX-22237,su***ku@gmail.com,Mumbai,Maharashtra,400013,VERIFIED,ACTIVE,2021-01-03 00:00:00
C1241,Aarav Kumar,INDIVIDUAL,RETAIL,XXXX-XXXX-6086,QZZPXXXX27V,+91-XXXXX-36917,aa***ku@gmail.com,Pune,Maharashtra,411066,VERIFIED,ACTIVE,2023-05-15 00:00:00
C1242,Neha Gupta,PROPRIETORSHIP,RETAIL,XXXX-XXXX-6276,KYAPXXXX28I,+91-XXXXX-15793,ne***gu@gmail.com,Bengaluru,Karnataka,560073,VERIFIED,ACTIVE,2020-03-29 00:00:00
C1243,Aarav Deshmukh,INDIVIDUAL,RETAIL,XXXX-XXXX-7091,SEQPXXXX67W,+91-XXXXX-49129,aa***de@gmail.com,Hyderabad,Telangana,500065,VERIFIED,ACTIVE,2020-06-24 00:00:00
C1244,Vikram Joshi,INDIVIDUAL,RETAIL,XXXX-XXXX-4607,LKQPXXXX77O,+91-XXXXX-64040,vi***jo@gmail.com,Chennai,Tamil Nadu,600022,VERIFIED,ACTIVE,2022-10-13 00:00:00
C1245,Pooja Sharma,INDIVIDUAL,RETAIL,XXXX-XXXX-3587,ICOPXXXX27N,+91-XXXXX-15355,po***sh@gmail.com,Delhi,Delhi,110057,VERIFIED,ACTIVE,2024-03-07 00:00:00
C1246,Priya Kumar,PROPRIETORSHIP,RETAIL,XXXX-XXXX-5424,FKVPXXXX65V,+91-XXXXX-61168,pr***ku@gmail.com,Kolkata,West Bengal,700011,VERIFIED,ACTIVE,2018-06-11 00:00:00
C1247,Kavya Nair,INDIVIDUAL,RETAIL,XXXX-XXXX-8170,FLLPXXXX30H,+91-XXXXX-72261,ka***na@gmail.com,Ahmedabad,Gujarat,380045,VERIFIED,ACTIVE,2018-08-23 00:00:00
C1248,Rahul Sharma,INDIVIDUAL,RETAIL,XXXX-XXXX-2673,ULOPXXXX62J,+91-XXXXX-71997,ra***sh@gmail.com,Mumbai,Maharashtra,400063,VERIFIED,ACTIVE,2023-06-29 00:00:00
C1249,Sunita Singh,PROPRIETORSHIP,RETAIL,XXXX-XXXX-9088,COFPXXXX26L,+91-XXXXX-46021,su***si@gmail.com,Pune,Maharashtra,411044,VERIFIED,ACTIVE,2020-01-10 00:00:00
C1250,Pooja Deshmukh,INDIVIDUAL,WEALTH_HNI,XXXX-XXXX-4923,WPOPXXXX90H,+91-XXXXX-87403,po***de@gmail.com,Bengaluru,Karnataka,560074,VERIFIED,ACTIVE,2022-09-02 00:00:00
C1251,Sunita Gupta,INDIVIDUAL,RETAIL,XXXX-XXXX-5063,UYAPXXXX64Z,+91-XXXXX-61955,su***gu@gmail.com,Hyderabad,Telangana,500043,VERIFIED,ACTIVE,2024-08-17 00:00:00
C1252,Aditya Rao,PROPRIETORSHIP,RETAIL,XXXX-XXXX-5552,KHAPXXXX96Y,+91-XXXXX-38151,ad***ra@gmail.com,Chennai,Tamil Nadu,600060,VERIFIED,ACTIVE,2019-09-08 00:00:00
C1253,Rahul Reddy,INDIVIDUAL,RETAIL,XXXX-XXXX-4276,OWLPXXXX13Z,+91-XXXXX-31607,ra***re@gmail.com,Delhi,Delhi,110037,VERIFIED,ACTIVE,2020-09-06 00:00:00
C1254,Amit Iyer,INDIVIDUAL,RETAIL,XXXX-XXXX-1232,QZLPXXXX80J,+91-XXXXX-87240,am***iy@gmail.com,Kolkata,West Bengal,700031,EXPIRED,ACTIVE,2024-05-03 00:00:00
C1255,Kavya Kulkarni,INDIVIDUAL,RETAIL,XXXX-XXXX-6102,KKAPXXXX58O,+91-XXXXX-33091,ka***ku@gmail.com,Ahmedabad,Gujarat,380077,VERIFIED,ACTIVE,2018-06-08 00:00:00
C1256,Ananya Singh,INDIVIDUAL,RETAIL,XXXX-XXXX-8763,TIKPXXXX63A,+91-XXXXX-86721,an***si@gmail.com,Mumbai,Maharashtra,400014,VERIFIED,ACTIVE,2021-02-19 00:00:00
C1257,Vikram Deshmukh,INDIVIDUAL,RETAIL,XXXX-XXXX-3645,RNJPXXXX55M,+91-XXXXX-54254,vi***de@gmail.com,Pune,Maharashtra,411047,VERIFIED,ACTIVE,2019-05-08 00:00:00
C1258,Aarav Sharma,PROPRIETORSHIP,CORPORATE_LITE,XXXX-XXXX-5958,LFIPXXXX25D,+91-XXXXX-69234,aa***sh@gmail.com,Bengaluru,Karnataka,560084,VERIFIED,ACTIVE,2024-10-29 00:00:00
C1259,Sanjay Joshi,PROPRIETORSHIP,RETAIL,XXXX-XXXX-8186,WWFPXXXX91Z,+91-XXXXX-68627,sa***jo@gmail.com,Hyderabad,Telangana,500098,EXPIRED,ACTIVE,2021-07-20 00:00:00
C1260,Vikram Verma,INDIVIDUAL,RETAIL,XXXX-XXXX-6366,HMJPXXXX17D,+91-XXXXX-73069,vi***ve@gmail.com,Chennai,Tamil Nadu,600043,PENDING_REKYC,ACTIVE,2023-02-21 00:00:00
C1261,Neha Gupta,PROPRIETORSHIP,RETAIL,XXXX-XXXX-7217,DEJPXXXX52U,+91-XXXXX-28601,ne***gu@gmail.com,Delhi,Delhi,110046,VERIFIED,ACTIVE,2020-08-01 00:00:00
C1262,Vikram Mehta,NRI,WEALTH_HNI,XXXX-XXXX-4947,MMJPXXXX18V,+91-XXXXX-50695,vi***me@gmail.com,Kolkata,West Bengal,700076,VERIFIED,BLOCKED,2019-08-24 00:00:00
C1263,Aarav Patel,INDIVIDUAL,RETAIL,XXXX-XXXX-3451,UCCPXXXX87Q,+91-XXXXX-63521,aa***pa@gmail.com,Ahmedabad,Gujarat,380093,VERIFIED,ACTIVE,2021-01-10 00:00:00
C1264,Ananya Sharma,NRI,RETAIL,XXXX-XXXX-9345,MTTPXXXX96J,+91-XXXXX-22602,an***sh@gmail.com,Mumbai,Maharashtra,400067,VERIFIED,ACTIVE,2021-05-01 00:00:00
C1265,Ananya Kulkarni,NRI,RETAIL,XXXX-XXXX-3780,DEKPXXXX65S,+91-XXXXX-59812,an***ku@gmail.com,Pune,Maharashtra,411050,VERIFIED,ACTIVE,2021-02-06 00:00:00
C1266,Amit Nair,INDIVIDUAL,WEALTH_HNI,XXXX-XXXX-7297,HEUPXXXX87D,+91-XXXXX-53798,am***na@gmail.com,Bengaluru,Karnataka,560080,VERIFIED,ACTIVE,2018-08-09 00:00:00
C1267,Rohan Nair,NRI,RETAIL,XXXX-XXXX-5570,DZOPXXXX46A,+91-XXXXX-90578,ro***na@gmail.com,Hyderabad,Telangana,500055,VERIFIED,ACTIVE,2024-02-15 00:00:00
C1268,Rajesh Kulkarni,PROPRIETORSHIP,RETAIL,XXXX-XXXX-4075,CBYPXXXX58W,+91-XXXXX-17415,ra***ku@gmail.com,Chennai,Tamil Nadu,600033,VERIFIED,ACTIVE,2018-09-11 00:00:00
C1269,Rahul Gupta,INDIVIDUAL,RETAIL,XXXX-XXXX-6445,EYJPXXXX49G,+91-XXXXX-95076,ra***gu@gmail.com,Delhi,Delhi,110069,VERIFIED,ACTIVE,2018-12-08 00:00:00
C1270,Neha Iyer,INDIVIDUAL,WEALTH_HNI,XXXX-XXXX-5082,DOIPXXXX78M,+91-XXXXX-61001,ne***iy@gmail.com,Kolkata,West Bengal,700047,VERIFIED,ACTIVE,2021-02-09 00:00:00
C1271,Sunita Gupta,PROPRIETORSHIP,RETAIL,XXXX-XXXX-4811,GPXPXXXX31U,+91-XXXXX-12708,su***gu@gmail.com,Ahmedabad,Gujarat,380056,VERIFIED,ACTIVE,2022-12-28 00:00:00
C1272,Sanjay Verma,PROPRIETORSHIP,RETAIL,XXXX-XXXX-4722,JVYPXXXX26D,+91-XXXXX-97599,sa***ve@gmail.com,Mumbai,Maharashtra,400018,VERIFIED,ACTIVE,2023-01-31 00:00:00
C1273,Rohan Rao,INDIVIDUAL,RETAIL,XXXX-XXXX-8361,HOGPXXXX79A,+91-XXXXX-75942,ro***ra@gmail.com,Pune,Maharashtra,411090,VERIFIED,ACTIVE,2020-02-02 00:00:00
C1274,Rahul Reddy,PROPRIETORSHIP,RETAIL,XXXX-XXXX-5357,TTUPXXXX12Q,+91-XXXXX-51520,ra***re@gmail.com,Bengaluru,Karnataka,560079,VERIFIED,ACTIVE,2018-07-11 00:00:00
C1275,Rohan Singh,NRI,RETAIL,XXXX-XXXX-4171,DRQPXXXX92K,+91-XXXXX-44675,ro***si@gmail.com,Hyderabad,Telangana,500024,VERIFIED,ACTIVE,2021-07-17 00:00:00
C1276,Aditya Rao,INDIVIDUAL,RETAIL,XXXX-XXXX-3972,SFYPXXXX58H,+91-XXXXX-20578,ad***ra@gmail.com,Chennai,Tamil Nadu,600097,VERIFIED,ACTIVE,2019-01-25 00:00:00
C1277,Sunita Patel,PROPRIETORSHIP,RETAIL,XXXX-XXXX-3763,PKJPXXXX98T,+91-XXXXX-26835,su***pa@gmail.com,Delhi,Delhi,110028,VERIFIED,ACTIVE,2020-06-01 00:00:00
C1278,Kavya Nair,PROPRIETORSHIP,RETAIL,XXXX-XXXX-9566,CRPPXXXX92S,+91-XXXXX-56289,ka***na@gmail.com,Kolkata,West Bengal,700087,VERIFIED,ACTIVE,2018-04-23 00:00:00
C1279,Vikram Mehta,INDIVIDUAL,RETAIL,XXXX-XXXX-1139,QFAPXXXX14Y,+91-XXXXX-82525,vi***me@gmail.com,Ahmedabad,Gujarat,380014,VERIFIED,ACTIVE,2021-09-03 00:00:00
C1280,Rahul Patel,PROPRIETORSHIP,RETAIL,XXXX-XXXX-7340,BOGPXXXX77A,+91-XXXXX-56220,ra***pa@gmail.com,Mumbai,Maharashtra,400095,VERIFIED,ACTIVE,2022-03-30 00:00:00
C1281,Sneha Reddy,INDIVIDUAL,CORPORATE_LITE,XXXX-XXXX-8196,XRJPXXXX66H,+91-XXXXX-64845,sn***re@gmail.com,Pune,Maharashtra,411029,EXPIRED,ACTIVE,2021-09-10 00:00:00
C1282,Rahul Joshi,INDIVIDUAL,RETAIL,XXXX-XXXX-4802,QLGPXXXX12J,+91-XXXXX-32625,ra***jo@gmail.com,Bengaluru,Karnataka,560091,EXPIRED,ACTIVE,2024-01-23 00:00:00
C1283,Sanjay Nair,NRI,RETAIL,XXXX-XXXX-2518,FTIPXXXX63T,+91-XXXXX-74619,sa***na@gmail.com,Hyderabad,Telangana,500048,VERIFIED,ACTIVE,2021-12-08 00:00:00
C1284,Sneha Patel,NRI,RETAIL,XXXX-XXXX-2742,JIAPXXXX57F,+91-XXXXX-55800,sn***pa@gmail.com,Chennai,Tamil Nadu,600015,VERIFIED,ACTIVE,2019-02-17 00:00:00
C1285,Rohan Singh,PROPRIETORSHIP,RETAIL,XXXX-XXXX-7409,UOVPXXXX60P,+91-XXXXX-11813,ro***si@gmail.com,Delhi,Delhi,110098,VERIFIED,ACTIVE,2018-10-11 00:00:00
C1286,Rajesh Rao,INDIVIDUAL,RETAIL,XXXX-XXXX-1816,IDSPXXXX10J,+91-XXXXX-87219,ra***ra@gmail.com,Kolkata,West Bengal,700016,EXPIRED,ACTIVE,2024-04-28 00:00:00
C1287,Aarav Singh,PROPRIETORSHIP,RETAIL,XXXX-XXXX-3101,RCTPXXXX94Y,+91-XXXXX-70686,aa***si@gmail.com,Ahmedabad,Gujarat,380036,VERIFIED,ACTIVE,2021-06-25 00:00:00
C1288,Sanjay Gupta,NRI,RETAIL,XXXX-XXXX-5017,TMHPXXXX48Q,+91-XXXXX-53764,sa***gu@gmail.com,Mumbai,Maharashtra,400050,VERIFIED,ACTIVE,2020-10-20 00:00:00
C1289,Rahul Banerjee,INDIVIDUAL,RETAIL,XXXX-XXXX-3346,PBHPXXXX84R,+91-XXXXX-37586,ra***ba@gmail.com,Pune,Maharashtra,411078,VERIFIED,ACTIVE,2018-12-04 00:00:00
C1290,Aditya Singh,INDIVIDUAL,RETAIL,XXXX-XXXX-5370,DMXPXXXX55C,+91-XXXXX-10869,ad***si@gmail.com,Bengaluru,Karnataka,560091,VERIFIED,BLOCKED,2022-12-05 00:00:00
C1291,Pooja Sharma,INDIVIDUAL,RETAIL,XXXX-XXXX-8786,YGQPXXXX69A,+91-XXXXX-96664,po***sh@gmail.com,Hyderabad,Telangana,500082,PENDING_REKYC,ACTIVE,2019-03-21 00:00:00
C1292,Sanjay Iyer,NRI,RETAIL,XXXX-XXXX-6738,EORPXXXX72V,+91-XXXXX-20751,sa***iy@gmail.com,Chennai,Tamil Nadu,600049,VERIFIED,ACTIVE,2018-09-13 00:00:00
C1293,Sanjay Deshmukh,INDIVIDUAL,RETAIL,XXXX-XXXX-9003,OAWPXXXX12N,+91-XXXXX-86709,sa***de@gmail.com,Delhi,Delhi,110097,VERIFIED,ACTIVE,2021-09-26 00:00:00
C1294,Vikram Sharma,NRI,RETAIL,XXXX-XXXX-3068,RGCPXXXX56T,+91-XXXXX-25954,vi***sh@gmail.com,Kolkata,West Bengal,700083,VERIFIED,ACTIVE,2023-12-28 00:00:00
C1295,Kavya Singh,NRI,CORPORATE_LITE,XXXX-XXXX-9468,ZTXPXXXX34M,+91-XXXXX-12591,ka***si@gmail.com,Ahmedabad,Gujarat,380032,VERIFIED,ACTIVE,2023-07-19 00:00:00
C1296,Pooja Nair,INDIVIDUAL,WEALTH_HNI,XXXX-XXXX-8024,UIFPXXXX44G,+91-XXXXX-76197,po***na@gmail.com,Mumbai,Maharashtra,400089,PENDING_REKYC,ACTIVE,2023-10-25 00:00:00
C1297,Rohan Banerjee,INDIVIDUAL,RETAIL,XXXX-XXXX-3773,IOEPXXXX96M,+91-XXXXX-33199,ro***ba@gmail.com,Pune,Maharashtra,411066,VERIFIED,ACTIVE,2020-12-04 00:00:00
C1298,Kavya Joshi,INDIVIDUAL,RETAIL,XXXX-XXXX-9676,FLRPXXXX31V,+91-XXXXX-74925,ka***jo@gmail.com,Bengaluru,Karnataka,560075,VERIFIED,ACTIVE,2019-05-14 00:00:00
C1299,Pooja Kumar,INDIVIDUAL,RETAIL,XXXX-XXXX-8178,NGWPXXXX56V,+91-XXXXX-59298,po***ku@gmail.com,Hyderabad,Telangana,500045,VERIFIED,DORMANT,2024-08-07 00:00:00
C1300,Amit Sharma,INDIVIDUAL,RETAIL,XXXX-XXXX-4552,SCJPXXXX49O,+91-XXXXX-18640,am***sh@gmail.com,Chennai,Tamil Nadu,600071,VERIFIED,ACTIVE,2023-04-05 00:00:00
C1301,Amit Reddy,INDIVIDUAL,RETAIL,XXXX-XXXX-6552,UGXPXXXX35Q,+91-XXXXX-71510,am***re@gmail.com,Delhi,Delhi,110057,VERIFIED,ACTIVE,2020-10-27 00:00:00
C1302,Aditya Joshi,NRI,RETAIL,XXXX-XXXX-2776,QKYPXXXX12O,+91-XXXXX-46468,ad***jo@gmail.com,Kolkata,West Bengal,700074,VERIFIED,ACTIVE,2023-09-04 00:00:00
C1303,Rahul Kulkarni,NRI,RETAIL,XXXX-XXXX-4904,YVPPXXXX50S,+91-XXXXX-35963,ra***ku@gmail.com,Ahmedabad,Gujarat,380065,VERIFIED,ACTIVE,2018-12-05 00:00:00
C1304,Rahul Reddy,INDIVIDUAL,WEALTH_HNI,XXXX-XXXX-5994,KUNPXXXX39Y,+91-XXXXX-52215,ra***re@gmail.com,Mumbai,Maharashtra,400024,VERIFIED,ACTIVE,2024-02-11 00:00:00
C1305,Amit Iyer,PROPRIETORSHIP,CORPORATE_LITE,XXXX-XXXX-5780,RBMPXXXX54V,+91-XXXXX-12382,am***iy@gmail.com,Pune,Maharashtra,411066,VERIFIED,ACTIVE,2024-06-28 00:00:00
C1306,Sneha Banerjee,INDIVIDUAL,RETAIL,XXXX-XXXX-6626,TKZPXXXX39K,+91-XXXXX-43665,sn***ba@gmail.com,Bengaluru,Karnataka,560073,VERIFIED,ACTIVE,2019-11-02 00:00:00
C1307,Rajesh Kulkarni,PROPRIETORSHIP,RETAIL,XXXX-XXXX-6167,YDHPXXXX82Z,+91-XXXXX-44660,ra***ku@gmail.com,Hyderabad,Telangana,500088,VERIFIED,ACTIVE,2021-05-19 00:00:00
C1308,Rajesh Mehta,NRI,RETAIL,XXXX-XXXX-4163,IFZPXXXX26P,+91-XXXXX-86502,ra***me@gmail.com,Chennai,Tamil Nadu,600080,PENDING_REKYC,ACTIVE,2020-03-14 00:00:00
C1309,Vikram Deshmukh,PROPRIETORSHIP,RETAIL,XXXX-XXXX-8081,LJMPXXXX20V,+91-XXXXX-61727,vi***de@gmail.com,Delhi,Delhi,110071,PENDING_REKYC,ACTIVE,2020-08-12 00:00:00
C1310,Sunita Iyer,NRI,RETAIL,XXXX-XXXX-4278,PQZPXXXX11R,+91-XXXXX-82075,su***iy@gmail.com,Kolkata,West Bengal,700019,VERIFIED,ACTIVE,2021-10-24 00:00:00
C1311,Sneha Gupta,INDIVIDUAL,RETAIL,XXXX-XXXX-3725,CAMPXXXX37U,+91-XXXXX-75133,sn***gu@gmail.com,Ahmedabad,Gujarat,380076,VERIFIED,ACTIVE,2022-05-29 00:00:00
C1312,Amit Kumar,INDIVIDUAL,RETAIL,XXXX-XXXX-8647,WWFPXXXX97T,+91-XXXXX-59145,am***ku@gmail.com,Mumbai,Maharashtra,400013,VERIFIED,ACTIVE,2019-01-27 00:00:00
C1313,Amit Deshmukh,PROPRIETORSHIP,RETAIL,XXXX-XXXX-5500,COEPXXXX69X,+91-XXXXX-43457,am***de@gmail.com,Pune,Maharashtra,411079,VERIFIED,ACTIVE,2022-09-19 00:00:00
C1314,Amit Reddy,INDIVIDUAL,RETAIL,XXXX-XXXX-5172,FRBPXXXX17K,+91-XXXXX-60357,am***re@gmail.com,Bengaluru,Karnataka,560080,VERIFIED,ACTIVE,2022-08-03 00:00:00
C1315,Amit Mehta,NRI,RETAIL,XXXX-XXXX-2474,MCOPXXXX25M,+91-XXXXX-73344,am***me@gmail.com,Hyderabad,Telangana,500070,VERIFIED,ACTIVE,2019-05-14 00:00:00
C1316,Sunita Kumar,INDIVIDUAL,RETAIL,XXXX-XXXX-7644,CVFPXXXX40N,+91-XXXXX-43687,su***ku@gmail.com,Chennai,Tamil Nadu,600057,VERIFIED,ACTIVE,2024-03-04 00:00:00
C1317,Pooja Patel,INDIVIDUAL,RETAIL,XXXX-XXXX-5804,UJSPXXXX34D,+91-XXXXX-85324,po***pa@gmail.com,Delhi,Delhi,110012,VERIFIED,ACTIVE,2023-10-23 00:00:00
C1318,Rahul Rao,NRI,RETAIL,XXXX-XXXX-3258,WXKPXXXX64E,+91-XXXXX-78798,ra***ra@gmail.com,Kolkata,West Bengal,700057,VERIFIED,ACTIVE,2022-05-05 00:00:00
C1319,Aarav Singh,INDIVIDUAL,RETAIL,XXXX-XXXX-8845,YNKPXXXX41K,+91-XXXXX-40908,aa***si@gmail.com,Ahmedabad,Gujarat,380093,VERIFIED,ACTIVE,2021-01-03 00:00:00
C1320,Vikram Nair,INDIVIDUAL,RETAIL,XXXX-XXXX-1570,YIVPXXXX83V,+91-XXXXX-85602,vi***na@gmail.com,Mumbai,Maharashtra,400050,VERIFIED,ACTIVE,2022-08-06 00:00:00
C1321,Sneha Deshmukh,NRI,RETAIL,XXXX-XXXX-5749,RTRPXXXX42W,+91-XXXXX-82762,sn***de@gmail.com,Pune,Maharashtra,411056,EXPIRED,ACTIVE,2019-06-16 00:00:00
C1322,Rohan Iyer,INDIVIDUAL,WEALTH_HNI,XXXX-XXXX-9281,MMBPXXXX46Q,+91-XXXXX-29173,ro***iy@gmail.com,Bengaluru,Karnataka,560065,VERIFIED,ACTIVE,2023-05-14 00:00:00
C1323,Priya Kulkarni,INDIVIDUAL,RETAIL,XXXX-XXXX-8129,QTTPXXXX64P,+91-XXXXX-35517,pr***ku@gmail.com,Hyderabad,Telangana,500038,PENDING_REKYC,ACTIVE,2020-08-12 00:00:00
C1324,Sanjay Joshi,NRI,RETAIL,XXXX-XXXX-7231,ICSPXXXX93E,+91-XXXXX-92384,sa***jo@gmail.com,Chennai,Tamil Nadu,600096,VERIFIED,ACTIVE,2021-05-15 00:00:00
C1325,Sunita Banerjee,INDIVIDUAL,RETAIL,XXXX-XXXX-6750,LQQPXXXX73J,+91-XXXXX-42093,su***ba@gmail.com,Delhi,Delhi,110029,VERIFIED,ACTIVE,2023-05-24 00:00:00
C1326,Pooja Verma,INDIVIDUAL,RETAIL,XXXX-XXXX-5145,FXJPXXXX41T,+91-XXXXX-55838,po***ve@gmail.com,Kolkata,West Bengal,700029,EXPIRED,BLOCKED,2023-08-03 00:00:00
C1327,Kavya Iyer,INDIVIDUAL,RETAIL,XXXX-XXXX-2942,HKNPXXXX73H,+91-XXXXX-56172,ka***iy@gmail.com,Ahmedabad,Gujarat,380065,VERIFIED,ACTIVE,2019-09-29 00:00:00
C1328,Priya Joshi,NRI,RETAIL,XXXX-XXXX-6457,FXXPXXXX96V,+91-XXXXX-54673,pr***jo@gmail.com,Mumbai,Maharashtra,400035,VERIFIED,ACTIVE,2023-11-14 00:00:00
C1329,Sneha Singh,INDIVIDUAL,WEALTH_HNI,XXXX-XXXX-4199,NXCPXXXX53P,+91-XXXXX-89675,sn***si@gmail.com,Pune,Maharashtra,411049,VERIFIED,ACTIVE,2020-09-17 00:00:00
C1330,Aditya Singh,INDIVIDUAL,RETAIL,XXXX-XXXX-7327,BIVPXXXX22Y,+91-XXXXX-43455,ad***si@gmail.com,Bengaluru,Karnataka,560062,VERIFIED,ACTIVE,2021-11-23 00:00:00
C1331,Amit Kumar,INDIVIDUAL,RETAIL,XXXX-XXXX-8692,QIHPXXXX29Z,+91-XXXXX-38378,am***ku@gmail.com,Hyderabad,Telangana,500048,VERIFIED,ACTIVE,2019-03-23 00:00:00
C1332,Sneha Patel,NRI,RETAIL,XXXX-XXXX-1226,PRPPXXXX64G,+91-XXXXX-54739,sn***pa@gmail.com,Chennai,Tamil Nadu,600069,PENDING_REKYC,ACTIVE,2023-04-17 00:00:00
C1333,Aarav Joshi,NRI,WEALTH_HNI,XXXX-XXXX-6074,MYZPXXXX23V,+91-XXXXX-98059,aa***jo@gmail.com,Delhi,Delhi,110015,PENDING_REKYC,ACTIVE,2021-12-16 00:00:00
C1334,Vikram Banerjee,PROPRIETORSHIP,RETAIL,XXXX-XXXX-8579,CMVPXXXX89V,+91-XXXXX-73909,vi***ba@gmail.com,Kolkata,West Bengal,700076,VERIFIED,ACTIVE,2023-08-16 00:00:00
C1335,Rohan Singh,NRI,RETAIL,XXXX-XXXX-1698,LQEPXXXX71T,+91-XXXXX-29800,ro***si@gmail.com,Ahmedabad,Gujarat,380012,VERIFIED,ACTIVE,2022-06-08 00:00:00
C1336,Sneha Rao,PROPRIETORSHIP,RETAIL,XXXX-XXXX-3985,RQTPXXXX86Q,+91-XXXXX-52933,sn***ra@gmail.com,Mumbai,Maharashtra,400022,PENDING_REKYC,ACTIVE,2021-09-13 00:00:00
C1337,Rajesh Nair,INDIVIDUAL,RETAIL,XXXX-XXXX-9519,HZOPXXXX68M,+91-XXXXX-81128,ra***na@gmail.com,Pune,Maharashtra,411055,VERIFIED,ACTIVE,2019-12-23 00:00:00
C1338,Sunita Nair,INDIVIDUAL,RETAIL,XXXX-XXXX-7751,RNRPXXXX22K,+91-XXXXX-40676,su***na@gmail.com,Bengaluru,Karnataka,560022,VERIFIED,ACTIVE,2022-01-30 00:00:00
C1339,Rahul Rao,PROPRIETORSHIP,WEALTH_HNI,XXXX-XXXX-4435,UWTPXXXX39A,+91-XXXXX-77384,ra***ra@gmail.com,Hyderabad,Telangana,500083,VERIFIED,BLOCKED,2020-12-03 00:00:00
C1340,Ananya Gupta,PROPRIETORSHIP,RETAIL,XXXX-XXXX-2806,LAMPXXXX87Y,+91-XXXXX-64200,an***gu@gmail.com,Chennai,Tamil Nadu,600041,VERIFIED,ACTIVE,2021-09-06 00:00:00
C1341,Pooja Banerjee,NRI,WEALTH_HNI,XXXX-XXXX-8850,QAZPXXXX94U,+91-XXXXX-67767,po***ba@gmail.com,Delhi,Delhi,110020,VERIFIED,ACTIVE,2019-09-06 00:00:00
C1342,Rohan Deshmukh,INDIVIDUAL,RETAIL,XXXX-XXXX-5322,SKXPXXXX58U,+91-XXXXX-33666,ro***de@gmail.com,Kolkata,West Bengal,700081,VERIFIED,ACTIVE,2019-10-30 00:00:00
C1343,Sneha Patel,PROPRIETORSHIP,RETAIL,XXXX-XXXX-2051,BFWPXXXX46S,+91-XXXXX-66563,sn***pa@gmail.com,Ahmedabad,Gujarat,380065,VERIFIED,ACTIVE,2023-10-07 00:00:00
C1344,Pooja Sharma,INDIVIDUAL,CORPORATE_LITE,XXXX-XXXX-2517,SZCPXXXX65A,+91-XXXXX-11961,po***sh@gmail.com,Mumbai,Maharashtra,400069,PENDING_REKYC,ACTIVE,2020-08-25 00:00:00
C1345,Ananya Rao,INDIVIDUAL,RETAIL,XXXX-XXXX-1183,LXWPXXXX23M,+91-XXXXX-15698,an***ra@gmail.com,Pune,Maharashtra,411047,VERIFIED,ACTIVE,2021-01-01 00:00:00
C1346,Kavya Singh,NRI,RETAIL,XXXX-XXXX-9002,XECPXXXX67P,+91-XXXXX-59422,ka***si@gmail.com,Bengaluru,Karnataka,560092,VERIFIED,ACTIVE,2022-09-07 00:00:00
C1347,Amit Verma,INDIVIDUAL,WEALTH_HNI,XXXX-XXXX-8299,WPWPXXXX10V,+91-XXXXX-36177,am***ve@gmail.com,Hyderabad,Telangana,500093,VERIFIED,ACTIVE,2020-05-01 00:00:00
C1348,Sneha Joshi,INDIVIDUAL,RETAIL,XXXX-XXXX-3044,ATFPXXXX24Z,+91-XXXXX-75785,sn***jo@gmail.com,Chennai,Tamil Nadu,600071,VERIFIED,ACTIVE,2020-09-10 00:00:00
C1349,Vikram Deshmukh,PROPRIETORSHIP,WEALTH_HNI,XXXX-XXXX-9662,DRUPXXXX95H,+91-XXXXX-85414,vi***de@gmail.com,Delhi,Delhi,110056,PENDING_REKYC,ACTIVE,2018-12-11 00:00:00
C1350,Kavya Nair,INDIVIDUAL,RETAIL,XXXX-XXXX-5668,EZMPXXXX62W,+91-XXXXX-30922,ka***na@gmail.com,Kolkata,West Bengal,700084,VERIFIED,ACTIVE,2022-05-14 00:00:00
C1351,Aarav Kulkarni,NRI,RETAIL,XXXX-XXXX-3866,KLLPXXXX48Z,+91-XXXXX-20956,aa***ku@gmail.com,Ahmedabad,Gujarat,380069,VERIFIED,ACTIVE,2022-01-01 00:00:00
C1352,Sunita Gupta,INDIVIDUAL,RETAIL,XXXX-XXXX-7100,XOBPXXXX40T,+91-XXXXX-64710,su***gu@gmail.com,Mumbai,Maharashtra,400067,VERIFIED,ACTIVE,2020-01-31 00:00:00
C1353,Sneha Singh,NRI,RETAIL,XXXX-XXXX-6454,QVFPXXXX89H,+91-XXXXX-49613,sn***si@gmail.com,Pune,Maharashtra,411030,VERIFIED,ACTIVE,2022-08-04 00:00:00
C1354,Aarav Banerjee,INDIVIDUAL,RETAIL,XXXX-XXXX-3821,CNNPXXXX81O,+91-XXXXX-75333,aa***ba@gmail.com,Bengaluru,Karnataka,560054,VERIFIED,ACTIVE,2021-06-22 00:00:00
C1355,Neha Deshmukh,INDIVIDUAL,RETAIL,XXXX-XXXX-8984,WYBPXXXX35O,+91-XXXXX-54036,ne***de@gmail.com,Hyderabad,Telangana,500078,VERIFIED,ACTIVE,2022-01-11 00:00:00
C1356,Priya Sharma,NRI,RETAIL,XXXX-XXXX-8566,SKOPXXXX44Q,+91-XXXXX-61618,pr***sh@gmail.com,Chennai,Tamil Nadu,600023,VERIFIED,ACTIVE,2023-12-10 00:00:00
C1357,Kavya Kulkarni,PROPRIETORSHIP,RETAIL,XXXX-XXXX-7524,QGKPXXXX59A,+91-XXXXX-47663,ka***ku@gmail.com,Delhi,Delhi,110070,VERIFIED,ACTIVE,2024-09-11 00:00:00
C1358,Amit Kumar,NRI,RETAIL,XXXX-XXXX-1807,PPDPXXXX54Z,+91-XXXXX-15313,am***ku@gmail.com,Kolkata,West Bengal,700077,VERIFIED,ACTIVE,2018-06-20 00:00:00
C1359,Aditya Reddy,INDIVIDUAL,RETAIL,XXXX-XXXX-4847,GXLPXXXX66P,+91-XXXXX-63218,ad***re@gmail.com,Ahmedabad,Gujarat,380075,VERIFIED,ACTIVE,2021-05-05 00:00:00
C1360,Aditya Iyer,INDIVIDUAL,RETAIL,XXXX-XXXX-8549,MWEPXXXX15X,+91-XXXXX-11657,ad***iy@gmail.com,Mumbai,Maharashtra,400052,VERIFIED,ACTIVE,2023-08-16 00:00:00
C1361,Ananya Kumar,PROPRIETORSHIP,RETAIL,XXXX-XXXX-7009,IEJPXXXX93F,+91-XXXXX-78207,an***ku@gmail.com,Pune,Maharashtra,411049,EXPIRED,ACTIVE,2020-03-21 00:00:00
C1362,Priya Kumar,INDIVIDUAL,RETAIL,XXXX-XXXX-1808,SEVPXXXX79C,+91-XXXXX-50469,pr***ku@gmail.com,Bengaluru,Karnataka,560077,VERIFIED,ACTIVE,2020-02-18 00:00:00
C1363,Pooja Patel,INDIVIDUAL,RETAIL,XXXX-XXXX-8483,LWNPXXXX27Q,+91-XXXXX-90122,po***pa@gmail.com,Hyderabad,Telangana,500018,VERIFIED,ACTIVE,2018-05-05 00:00:00
C1364,Amit Rao,INDIVIDUAL,RETAIL,XXXX-XXXX-3971,BMXPXXXX34J,+91-XXXXX-76253,am***ra@gmail.com,Chennai,Tamil Nadu,600096,VERIFIED,ACTIVE,2019-01-10 00:00:00
C1365,Rahul Banerjee,INDIVIDUAL,CORPORATE_LITE,XXXX-XXXX-8905,JCKPXXXX20U,+91-XXXXX-82084,ra***ba@gmail.com,Delhi,Delhi,110057,VERIFIED,ACTIVE,2022-01-11 00:00:00
C1366,Ananya Iyer,INDIVIDUAL,WEALTH_HNI,XXXX-XXXX-7197,KPQPXXXX27C,+91-XXXXX-83914,an***iy@gmail.com,Kolkata,West Bengal,700051,VERIFIED,ACTIVE,2019-05-06 00:00:00
C1367,Pooja Iyer,NRI,RETAIL,XXXX-XXXX-6877,BZOPXXXX81G,+91-XXXXX-41422,po***iy@gmail.com,Ahmedabad,Gujarat,380069,VERIFIED,ACTIVE,2020-06-10 00:00:00
C1368,Sunita Mehta,PROPRIETORSHIP,RETAIL,XXXX-XXXX-1464,XDUPXXXX17E,+91-XXXXX-59241,su***me@gmail.com,Mumbai,Maharashtra,400026,VERIFIED,ACTIVE,2018-03-17 00:00:00
C1369,Aditya Banerjee,PROPRIETORSHIP,RETAIL,XXXX-XXXX-2094,MTEPXXXX38C,+91-XXXXX-79518,ad***ba@gmail.com,Pune,Maharashtra,411083,VERIFIED,ACTIVE,2019-04-06 00:00:00
C1370,Vikram Mehta,INDIVIDUAL,RETAIL,XXXX-XXXX-9476,TYFPXXXX72D,+91-XXXXX-13969,vi***me@gmail.com,Bengaluru,Karnataka,560064,VERIFIED,ACTIVE,2020-08-07 00:00:00
C1371,Rajesh Patel,INDIVIDUAL,RETAIL,XXXX-XXXX-2909,DVTPXXXX61O,+91-XXXXX-76467,ra***pa@gmail.com,Hyderabad,Telangana,500096,VERIFIED,ACTIVE,2024-04-05 00:00:00
C1372,Priya Gupta,NRI,RETAIL,XXXX-XXXX-9579,RREPXXXX29W,+91-XXXXX-33165,pr***gu@gmail.com,Chennai,Tamil Nadu,600041,VERIFIED,ACTIVE,2022-12-31 00:00:00
C1373,Rahul Singh,NRI,RETAIL,XXXX-XXXX-5675,SJCPXXXX66U,+91-XXXXX-64460,ra***si@gmail.com,Delhi,Delhi,110016,VERIFIED,ACTIVE,2023-02-01 00:00:00
C1374,Pooja Verma,INDIVIDUAL,RETAIL,XXXX-XXXX-3363,XQPPXXXX25N,+91-XXXXX-24758,po***ve@gmail.com,Kolkata,West Bengal,700075,VERIFIED,ACTIVE,2020-06-25 00:00:00
C1375,Priya Nair,INDIVIDUAL,RETAIL,XXXX-XXXX-9497,LQAPXXXX84A,+91-XXXXX-31684,pr***na@gmail.com,Ahmedabad,Gujarat,380035,VERIFIED,ACTIVE,2021-02-05 00:00:00
C1376,Sanjay Kulkarni,INDIVIDUAL,WEALTH_HNI,XXXX-XXXX-8498,MCLPXXXX76J,+91-XXXXX-94762,sa***ku@gmail.com,Mumbai,Maharashtra,400059,VERIFIED,ACTIVE,2023-04-06 00:00:00
C1377,Sunita Rao,INDIVIDUAL,RETAIL,XXXX-XXXX-4867,YJJPXXXX49A,+91-XXXXX-43783,su***ra@gmail.com,Pune,Maharashtra,411047,VERIFIED,ACTIVE,2021-06-23 00:00:00
C1378,Sneha Gupta,INDIVIDUAL,RETAIL,XXXX-XXXX-7897,KIPPXXXX43Z,+91-XXXXX-15543,sn***gu@gmail.com,Bengaluru,Karnataka,560093,VERIFIED,ACTIVE,2023-03-03 00:00:00
C1379,Priya Nair,INDIVIDUAL,RETAIL,XXXX-XXXX-5673,ASDPXXXX33V,+91-XXXXX-23210,pr***na@gmail.com,Hyderabad,Telangana,500069,PENDING_REKYC,DORMANT,2019-06-11 00:00:00
C1380,Neha Rao,INDIVIDUAL,WEALTH_HNI,XXXX-XXXX-4977,NNEPXXXX27X,+91-XXXXX-79517,ne***ra@gmail.com,Chennai,Tamil Nadu,600033,PENDING_REKYC,ACTIVE,2023-08-02 00:00:00
C1381,Rajesh Rao,INDIVIDUAL,RETAIL,XXXX-XXXX-5535,YAMPXXXX45T,+91-XXXXX-17697,ra***ra@gmail.com,Delhi,Delhi,110031,VERIFIED,ACTIVE,2018-05-03 00:00:00
C1382,Vikram Rao,INDIVIDUAL,RETAIL,XXXX-XXXX-6874,NGNPXXXX79L,+91-XXXXX-68255,vi***ra@gmail.com,Kolkata,West Bengal,700030,VERIFIED,ACTIVE,2022-10-01 00:00:00
C1383,Amit Iyer,PROPRIETORSHIP,RETAIL,XXXX-XXXX-9872,VOLPXXXX14M,+91-XXXXX-46634,am***iy@gmail.com,Ahmedabad,Gujarat,380026,VERIFIED,ACTIVE,2024-03-03 00:00:00
C1384,Aarav Joshi,INDIVIDUAL,CORPORATE_LITE,XXXX-XXXX-9976,SNVPXXXX71W,+91-XXXXX-76471,aa***jo@gmail.com,Mumbai,Maharashtra,400040,VERIFIED,ACTIVE,2018-11-22 00:00:00
C1385,Amit Deshmukh,NRI,RETAIL,XXXX-XXXX-5932,YHWPXXXX10T,+91-XXXXX-74427,am***de@gmail.com,Pune,Maharashtra,411075,VERIFIED,ACTIVE,2019-07-20 00:00:00
C1386,Rajesh Deshmukh,NRI,RETAIL,XXXX-XXXX-7754,TNCPXXXX74Z,+91-XXXXX-99524,ra***de@gmail.com,Bengaluru,Karnataka,560025,VERIFIED,ACTIVE,2020-05-01 00:00:00
C1387,Rajesh Patel,PROPRIETORSHIP,RETAIL,XXXX-XXXX-6594,LLTPXXXX29I,+91-XXXXX-89526,ra***pa@gmail.com,Hyderabad,Telangana,500042,VERIFIED,BLOCKED,2018-06-20 00:00:00
C1388,Neha Gupta,PROPRIETORSHIP,RETAIL,XXXX-XXXX-2499,TOUPXXXX95K,+91-XXXXX-85986,ne***gu@gmail.com,Chennai,Tamil Nadu,600095,VERIFIED,DORMANT,2020-11-15 00:00:00
C1389,Rajesh Iyer,NRI,RETAIL,XXXX-XXXX-5306,PGSPXXXX21O,+91-XXXXX-22254,ra***iy@gmail.com,Delhi,Delhi,110018,PENDING_REKYC,ACTIVE,2019-02-15 00:00:00
C1390,Ananya Mehta,PROPRIETORSHIP,RETAIL,XXXX-XXXX-3949,NTFPXXXX51A,+91-XXXXX-58994,an***me@gmail.com,Kolkata,West Bengal,700028,VERIFIED,ACTIVE,2023-05-21 00:00:00
C1391,Sanjay Nair,INDIVIDUAL,RETAIL,XXXX-XXXX-8833,FNLPXXXX52S,+91-XXXXX-97460,sa***na@gmail.com,Ahmedabad,Gujarat,380070,VERIFIED,ACTIVE,2021-07-16 00:00:00
C1392,Sneha Deshmukh,NRI,RETAIL,XXXX-XXXX-6599,QGNPXXXX20V,+91-XXXXX-37052,sn***de@gmail.com,Mumbai,Maharashtra,400066,VERIFIED,ACTIVE,2018-11-09 00:00:00
C1393,Sneha Reddy,PROPRIETORSHIP,RETAIL,XXXX-XXXX-8008,DNNPXXXX44Q,+91-XXXXX-70354,sn***re@gmail.com,Pune,Maharashtra,411092,VERIFIED,ACTIVE,2019-11-16 00:00:00
C1394,Kavya Gupta,INDIVIDUAL,RETAIL,XXXX-XXXX-1506,OUVPXXXX47W,+91-XXXXX-65512,ka***gu@gmail.com,Bengaluru,Karnataka,560060,VERIFIED,ACTIVE,2021-04-07 00:00:00
C1395,Rahul Nair,INDIVIDUAL,RETAIL,XXXX-XXXX-7106,TAAPXXXX62B,+91-XXXXX-11539,ra***na@gmail.com,Hyderabad,Telangana,500059,VERIFIED,ACTIVE,2021-07-07 00:00:00
C1396,Sunita Verma,NRI,RETAIL,XXXX-XXXX-5386,HXSPXXXX45R,+91-XXXXX-18947,su***ve@gmail.com,Chennai,Tamil Nadu,600082,VERIFIED,ACTIVE,2019-01-12 00:00:00
C1397,Neha Reddy,INDIVIDUAL,RETAIL,XXXX-XXXX-9750,DEQPXXXX48P,+91-XXXXX-15037,ne***re@gmail.com,Delhi,Delhi,110025,VERIFIED,ACTIVE,2021-07-25 00:00:00
C1398,Neha Iyer,INDIVIDUAL,RETAIL,XXXX-XXXX-1692,GAZPXXXX96Z,+91-XXXXX-16533,ne***iy@gmail.com,Kolkata,West Bengal,700045,VERIFIED,ACTIVE,2018-01-19 00:00:00
C1399,Amit Banerjee,NRI,RETAIL,XXXX-XXXX-8928,JAJPXXXX21V,+91-XXXXX-60013,am***ba@gmail.com,Ahmedabad,Gujarat,380039,VERIFIED,ACTIVE,2020-04-23 00:00:00
C1400,Aarav Mehta,NRI,WEALTH_HNI,XXXX-XXXX-9462,BTGPXXXX53V,+91-XXXXX-28690,aa***me@gmail.com,Mumbai,Maharashtra,400071,PENDING_REKYC,ACTIVE,2021-12-15 00:00:00
C1401,Neha Mehta,PROPRIETORSHIP,WEALTH_HNI,XXXX-XXXX-5675,RDQPXXXX97V,+91-XXXXX-27857,ne***me@gmail.com,Pune,Maharashtra,411020,VERIFIED,ACTIVE,2022-05-10 00:00:00
C1402,Amit Banerjee,INDIVIDUAL,RETAIL,XXXX-XXXX-9415,SWQPXXXX18Z,+91-XXXXX-82095,am***ba@gmail.com,Bengaluru,Karnataka,560048,VERIFIED,ACTIVE,2019-04-25 00:00:00
C1403,Sanjay Nair,INDIVIDUAL,RETAIL,XXXX-XXXX-9134,OCSPXXXX19O,+91-XXXXX-83762,sa***na@gmail.com,Hyderabad,Telangana,500024,VERIFIED,ACTIVE,2020-06-22 00:00:00
C1404,Pooja Rao,PROPRIETORSHIP,RETAIL,XXXX-XXXX-7019,SUCPXXXX54H,+91-XXXXX-67174,po***ra@gmail.com,Chennai,Tamil Nadu,600056,EXPIRED,ACTIVE,2024-07-09 00:00:00
C1405,Rahul Nair,NRI,RETAIL,XXXX-XXXX-5321,IVXPXXXX53A,+91-XXXXX-45081,ra***na@gmail.com,Delhi,Delhi,110024,VERIFIED,ACTIVE,2018-11-02 00:00:00
C1406,Aarav Iyer,INDIVIDUAL,WEALTH_HNI,XXXX-XXXX-4917,IDYPXXXX32K,+91-XXXXX-89854,aa***iy@gmail.com,Kolkata,West Bengal,700035,VERIFIED,ACTIVE,2021-03-10 00:00:00
C1407,Neha Verma,PROPRIETORSHIP,RETAIL,XXXX-XXXX-2342,YSXPXXXX36O,+91-XXXXX-65432,ne***ve@gmail.com,Ahmedabad,Gujarat,380068,EXPIRED,ACTIVE,2020-03-24 00:00:00
C1408,Rohan Singh,PROPRIETORSHIP,RETAIL,XXXX-XXXX-6911,PGMPXXXX22E,+91-XXXXX-58664,ro***si@gmail.com,Mumbai,Maharashtra,400017,VERIFIED,ACTIVE,2020-12-25 00:00:00
C1409,Rajesh Verma,NRI,RETAIL,XXXX-XXXX-5683,OMRPXXXX64K,+91-XXXXX-31650,ra***ve@gmail.com,Pune,Maharashtra,411056,VERIFIED,ACTIVE,2020-11-03 00:00:00
C1410,Neha Kulkarni,INDIVIDUAL,RETAIL,XXXX-XXXX-5658,KWVPXXXX32X,+91-XXXXX-54306,ne***ku@gmail.com,Bengaluru,Karnataka,560074,VERIFIED,ACTIVE,2023-06-03 00:00:00
C1411,Rohan Iyer,INDIVIDUAL,RETAIL,XXXX-XXXX-4197,QEZPXXXX49P,+91-XXXXX-55349,ro***iy@gmail.com,Hyderabad,Telangana,500061,VERIFIED,ACTIVE,2019-02-23 00:00:00
C1412,Sunita Kulkarni,INDIVIDUAL,RETAIL,XXXX-XXXX-5086,VUZPXXXX94Y,+91-XXXXX-20304,su***ku@gmail.com,Chennai,Tamil Nadu,600064,VERIFIED,ACTIVE,2020-07-07 00:00:00
C1413,Rajesh Mehta,NRI,RETAIL,XXXX-XXXX-6974,OAUPXXXX66G,+91-XXXXX-31398,ra***me@gmail.com,Delhi,Delhi,110027,VERIFIED,ACTIVE,2021-08-19 00:00:00
C1414,Pooja Nair,PROPRIETORSHIP,RETAIL,XXXX-XXXX-3387,FIUPXXXX66U,+91-XXXXX-50025,po***na@gmail.com,Kolkata,West Bengal,700059,VERIFIED,ACTIVE,2024-07-18 00:00:00
C1415,Sneha Joshi,INDIVIDUAL,WEALTH_HNI,XXXX-XXXX-9219,IBYPXXXX67R,+91-XXXXX-84024,sn***jo@gmail.com,Ahmedabad,Gujarat,380026,VERIFIED,ACTIVE,2020-06-20 00:00:00
C1416,Sunita Verma,PROPRIETORSHIP,RETAIL,XXXX-XXXX-6622,UCAPXXXX33S,+91-XXXXX-55201,su***ve@gmail.com,Mumbai,Maharashtra,400049,VERIFIED,ACTIVE,2022-11-08 00:00:00
C1417,Aarav Rao,NRI,RETAIL,XXXX-XXXX-3476,QKBPXXXX98P,+91-XXXXX-75756,aa***ra@gmail.com,Pune,Maharashtra,411034,VERIFIED,ACTIVE,2022-03-03 00:00:00
C1418,Pooja Patel,INDIVIDUAL,RETAIL,XXXX-XXXX-2871,LHWPXXXX27B,+91-XXXXX-91788,po***pa@gmail.com,Bengaluru,Karnataka,560043,VERIFIED,ACTIVE,2023-03-03 00:00:00
C1419,Sanjay Nair,INDIVIDUAL,RETAIL,XXXX-XXXX-2001,JYTPXXXX27X,+91-XXXXX-69123,sa***na@gmail.com,Hyderabad,Telangana,500040,PENDING_REKYC,ACTIVE,2018-07-10 00:00:00
C1420,Rajesh Gupta,PROPRIETORSHIP,RETAIL,XXXX-XXXX-1271,OCYPXXXX61E,+91-XXXXX-13332,ra***gu@gmail.com,Chennai,Tamil Nadu,600035,VERIFIED,ACTIVE,2020-07-26 00:00:00
C1421,Rajesh Kumar,INDIVIDUAL,WEALTH_HNI,XXXX-XXXX-1066,PNIPXXXX20C,+91-XXXXX-21772,ra***ku@gmail.com,Delhi,Delhi,110017,VERIFIED,ACTIVE,2019-07-03 00:00:00
C1422,Kavya Gupta,PROPRIETORSHIP,RETAIL,XXXX-XXXX-1198,BVXPXXXX69W,+91-XXXXX-52598,ka***gu@gmail.com,Kolkata,West Bengal,700061,PENDING_REKYC,ACTIVE,2018-06-28 00:00:00
C1423,Amit Gupta,INDIVIDUAL,RETAIL,XXXX-XXXX-8601,TLWPXXXX90M,+91-XXXXX-82833,am***gu@gmail.com,Ahmedabad,Gujarat,380040,VERIFIED,ACTIVE,2021-02-03 00:00:00
C1424,Rohan Singh,NRI,WEALTH_HNI,XXXX-XXXX-3933,TESPXXXX95S,+91-XXXXX-10893,ro***si@gmail.com,Mumbai,Maharashtra,400091,VERIFIED,ACTIVE,2024-06-29 00:00:00
C1425,Neha Nair,INDIVIDUAL,WEALTH_HNI,XXXX-XXXX-7326,NQSPXXXX16S,+91-XXXXX-36928,ne***na@gmail.com,Pune,Maharashtra,411044,VERIFIED,ACTIVE,2022-09-11 00:00:00
C1426,Neha Rao,PROPRIETORSHIP,RETAIL,XXXX-XXXX-2577,QMMPXXXX16J,+91-XXXXX-20785,ne***ra@gmail.com,Bengaluru,Karnataka,560092,PENDING_REKYC,ACTIVE,2024-03-12 00:00:00
C1427,Sunita Gupta,INDIVIDUAL,RETAIL,XXXX-XXXX-8037,BCKPXXXX47N,+91-XXXXX-33474,su***gu@gmail.com,Hyderabad,Telangana,500064,VERIFIED,ACTIVE,2023-03-10 00:00:00
C1428,Kavya Patel,INDIVIDUAL,RETAIL,XXXX-XXXX-4183,VGIPXXXX10H,+91-XXXXX-93255,ka***pa@gmail.com,Chennai,Tamil Nadu,600029,VERIFIED,ACTIVE,2024-04-03 00:00:00
C1429,Sanjay Sharma,NRI,RETAIL,XXXX-XXXX-5267,WIKPXXXX51U,+91-XXXXX-84417,sa***sh@gmail.com,Delhi,Delhi,110089,VERIFIED,ACTIVE,2019-01-18 00:00:00
C1430,Vikram Patel,INDIVIDUAL,RETAIL,XXXX-XXXX-6565,CTNPXXXX72P,+91-XXXXX-21516,vi***pa@gmail.com,Kolkata,West Bengal,700056,VERIFIED,ACTIVE,2020-11-13 00:00:00
C1431,Ananya Verma,PROPRIETORSHIP,RETAIL,XXXX-XXXX-4569,OOFPXXXX36O,+91-XXXXX-47425,an***ve@gmail.com,Ahmedabad,Gujarat,380087,PENDING_REKYC,ACTIVE,2019-12-03 00:00:00
C1432,Rahul Verma,INDIVIDUAL,RETAIL,XXXX-XXXX-6607,TQMPXXXX10B,+91-XXXXX-72699,ra***ve@gmail.com,Mumbai,Maharashtra,400097,PENDING_REKYC,ACTIVE,2023-06-14 00:00:00
C1433,Amit Reddy,INDIVIDUAL,WEALTH_HNI,XXXX-XXXX-5645,NHVPXXXX11Q,+91-XXXXX-23668,am***re@gmail.com,Pune,Maharashtra,411034,VERIFIED,ACTIVE,2018-12-06 00:00:00
C1434,Vikram Deshmukh,INDIVIDUAL,RETAIL,XXXX-XXXX-8951,RZQPXXXX52Q,+91-XXXXX-72287,vi***de@gmail.com,Bengaluru,Karnataka,560044,VERIFIED,ACTIVE,2023-05-13 00:00:00
C1435,Sneha Sharma,INDIVIDUAL,RETAIL,XXXX-XXXX-7468,ETPPXXXX60I,+91-XXXXX-89335,sn***sh@gmail.com,Hyderabad,Telangana,500098,VERIFIED,ACTIVE,2018-09-22 00:00:00
C1436,Sneha Deshmukh,NRI,RETAIL,XXXX-XXXX-3721,WFNPXXXX27G,+91-XXXXX-33488,sn***de@gmail.com,Chennai,Tamil Nadu,600031,VERIFIED,ACTIVE,2023-12-13 00:00:00
C1437,Sanjay Mehta,NRI,RETAIL,XXXX-XXXX-2128,WDFPXXXX71P,+91-XXXXX-14897,sa***me@gmail.com,Delhi,Delhi,110041,VERIFIED,ACTIVE,2023-08-23 00:00:00
C1438,Sneha Reddy,NRI,RETAIL,XXXX-XXXX-1294,JQOPXXXX27W,+91-XXXXX-86981,sn***re@gmail.com,Kolkata,West Bengal,700052,VERIFIED,ACTIVE,2023-02-02 00:00:00
C1439,Ananya Singh,NRI,RETAIL,XXXX-XXXX-5565,ZADPXXXX58T,+91-XXXXX-41601,an***si@gmail.com,Ahmedabad,Gujarat,380016,VERIFIED,ACTIVE,2022-11-22 00:00:00
C1440,Pooja Patel,INDIVIDUAL,RETAIL,XXXX-XXXX-4199,TXFPXXXX81A,+91-XXXXX-58821,po***pa@gmail.com,Mumbai,Maharashtra,400065,VERIFIED,ACTIVE,2018-03-24 00:00:00
C1441,Rahul Nair,INDIVIDUAL,RETAIL,XXXX-XXXX-9802,VKTPXXXX38S,+91-XXXXX-82104,ra***na@gmail.com,Pune,Maharashtra,411069,VERIFIED,DORMANT,2023-11-30 00:00:00
C1442,Pooja Sharma,PROPRIETORSHIP,RETAIL,XXXX-XXXX-5493,WYOPXXXX65V,+91-XXXXX-38610,po***sh@gmail.com,Bengaluru,Karnataka,560047,PENDING_REKYC,ACTIVE,2022-02-14 00:00:00
C1443,Rajesh Sharma,INDIVIDUAL,WEALTH_HNI,XXXX-XXXX-7996,FEAPXXXX60A,+91-XXXXX-65514,ra***sh@gmail.com,Hyderabad,Telangana,500061,VERIFIED,ACTIVE,2018-03-02 00:00:00
C1444,Pooja Iyer,PROPRIETORSHIP,RETAIL,XXXX-XXXX-1585,KQYPXXXX68W,+91-XXXXX-95382,po***iy@gmail.com,Chennai,Tamil Nadu,600074,VERIFIED,ACTIVE,2020-10-01 00:00:00
C1445,Sunita Nair,PROPRIETORSHIP,RETAIL,XXXX-XXXX-1001,JRQPXXXX21F,+91-XXXXX-15269,su***na@gmail.com,Delhi,Delhi,110028,VERIFIED,ACTIVE,2020-01-21 00:00:00
C1446,Sneha Patel,NRI,RETAIL,XXXX-XXXX-1901,MAWPXXXX32Z,+91-XXXXX-92987,sn***pa@gmail.com,Kolkata,West Bengal,700027,VERIFIED,ACTIVE,2019-07-21 00:00:00
C1447,Rahul Joshi,INDIVIDUAL,RETAIL,XXXX-XXXX-2590,ZAPPXXXX96F,+91-XXXXX-95711,ra***jo@gmail.com,Ahmedabad,Gujarat,380070,VERIFIED,ACTIVE,2023-02-22 00:00:00
C1448,Aarav Gupta,INDIVIDUAL,RETAIL,XXXX-XXXX-7726,CZRPXXXX52G,+91-XXXXX-59768,aa***gu@gmail.com,Mumbai,Maharashtra,400050,VERIFIED,ACTIVE,2018-08-14 00:00:00
C1449,Vikram Banerjee,NRI,RETAIL,XXXX-XXXX-8376,AJSPXXXX72O,+91-XXXXX-15801,vi***ba@gmail.com,Pune,Maharashtra,411069,VERIFIED,ACTIVE,2023-09-11 00:00:00
C1450,Sanjay Iyer,INDIVIDUAL,RETAIL,XXXX-XXXX-4565,RZBPXXXX45R,+91-XXXXX-82902,sa***iy@gmail.com,Bengaluru,Karnataka,560090,VERIFIED,ACTIVE,2024-10-30 00:00:00
C1451,Sanjay Singh,PROPRIETORSHIP,RETAIL,XXXX-XXXX-3223,KUFPXXXX50M,+91-XXXXX-92263,sa***si@gmail.com,Hyderabad,Telangana,500034,PENDING_REKYC,ACTIVE,2019-12-29 00:00:00
C1452,Ananya Gupta,PROPRIETORSHIP,RETAIL,XXXX-XXXX-8127,IDQPXXXX26U,+91-XXXXX-33345,an***gu@gmail.com,Chennai,Tamil Nadu,600071,VERIFIED,ACTIVE,2021-09-26 00:00:00
C1453,Aditya Reddy,INDIVIDUAL,RETAIL,XXXX-XXXX-9777,MQRPXXXX51P,+91-XXXXX-54755,ad***re@gmail.com,Delhi,Delhi,110033,VERIFIED,ACTIVE,2018-06-06 00:00:00
C1454,Ananya Mehta,NRI,RETAIL,XXXX-XXXX-8543,XOKPXXXX18M,+91-XXXXX-66398,an***me@gmail.com,Kolkata,West Bengal,700029,VERIFIED,ACTIVE,2019-06-15 00:00:00
C1455,Pooja Gupta,INDIVIDUAL,RETAIL,XXXX-XXXX-1153,NQRPXXXX62C,+91-XXXXX-73456,po***gu@gmail.com,Ahmedabad,Gujarat,380035,VERIFIED,ACTIVE,2018-06-26 00:00:00
C1456,Rohan Mehta,PROPRIETORSHIP,RETAIL,XXXX-XXXX-9857,CHTPXXXX16N,+91-XXXXX-94269,ro***me@gmail.com,Mumbai,Maharashtra,400058,VERIFIED,ACTIVE,2023-01-28 00:00:00
C1457,Rahul Singh,PROPRIETORSHIP,RETAIL,XXXX-XXXX-1143,ZHGPXXXX15P,+91-XXXXX-47011,ra***si@gmail.com,Pune,Maharashtra,411089,VERIFIED,ACTIVE,2018-03-31 00:00:00
C1458,Aarav Singh,PROPRIETORSHIP,RETAIL,XXXX-XXXX-1723,CTDPXXXX35K,+91-XXXXX-59549,aa***si@gmail.com,Bengaluru,Karnataka,560054,VERIFIED,ACTIVE,2019-07-10 00:00:00
C1459,Sunita Kulkarni,NRI,RETAIL,XXXX-XXXX-8067,PDHPXXXX75J,+91-XXXXX-93400,su***ku@gmail.com,Hyderabad,Telangana,500035,VERIFIED,ACTIVE,2024-06-09 00:00:00
C1460,Priya Rao,INDIVIDUAL,RETAIL,XXXX-XXXX-7701,CWLPXXXX49B,+91-XXXXX-42355,pr***ra@gmail.com,Chennai,Tamil Nadu,600068,VERIFIED,ACTIVE,2022-03-13 00:00:00
C1461,Rajesh Rao,PROPRIETORSHIP,WEALTH_HNI,XXXX-XXXX-4089,LTVPXXXX60H,+91-XXXXX-80726,ra***ra@gmail.com,Delhi,Delhi,110031,VERIFIED,ACTIVE,2024-08-01 00:00:00
C1462,Sanjay Joshi,INDIVIDUAL,RETAIL,XXXX-XXXX-1142,CZEPXXXX32U,+91-XXXXX-46132,sa***jo@gmail.com,Kolkata,West Bengal,700020,VERIFIED,ACTIVE,2021-03-23 00:00:00
C1463,Vikram Gupta,INDIVIDUAL,RETAIL,XXXX-XXXX-5517,HJXPXXXX44W,+91-XXXXX-34054,vi***gu@gmail.com,Ahmedabad,Gujarat,380020,VERIFIED,ACTIVE,2023-12-07 00:00:00
C1464,Rahul Singh,INDIVIDUAL,RETAIL,XXXX-XXXX-1882,ALGPXXXX13J,+91-XXXXX-40825,ra***si@gmail.com,Mumbai,Maharashtra,400026,VERIFIED,DORMANT,2024-02-23 00:00:00
C1465,Neha Sharma,INDIVIDUAL,RETAIL,XXXX-XXXX-1865,FHSPXXXX20Y,+91-XXXXX-49563,ne***sh@gmail.com,Pune,Maharashtra,411083,VERIFIED,ACTIVE,2020-01-10 00:00:00
C1466,Priya Kulkarni,INDIVIDUAL,RETAIL,XXXX-XXXX-7620,JLNPXXXX63R,+91-XXXXX-99044,pr***ku@gmail.com,Bengaluru,Karnataka,560045,VERIFIED,ACTIVE,2024-03-13 00:00:00
C1467,Rahul Sharma,INDIVIDUAL,RETAIL,XXXX-XXXX-6413,VLVPXXXX53J,+91-XXXXX-25734,ra***sh@gmail.com,Hyderabad,Telangana,500035,VERIFIED,ACTIVE,2018-08-30 00:00:00
C1468,Rohan Singh,INDIVIDUAL,RETAIL,XXXX-XXXX-9084,XFUPXXXX66G,+91-XXXXX-44775,ro***si@gmail.com,Chennai,Tamil Nadu,600081,VERIFIED,ACTIVE,2020-04-04 00:00:00
C1469,Neha Singh,NRI,RETAIL,XXXX-XXXX-6705,NYTPXXXX51J,+91-XXXXX-34600,ne***si@gmail.com,Delhi,Delhi,110036,VERIFIED,ACTIVE,2018-08-20 00:00:00
C1470,Rajesh Kumar,INDIVIDUAL,RETAIL,XXXX-XXXX-9646,HAUPXXXX11R,+91-XXXXX-41406,ra***ku@gmail.com,Kolkata,West Bengal,700073,VERIFIED,ACTIVE,2019-03-11 00:00:00
C1471,Sneha Verma,NRI,WEALTH_HNI,XXXX-XXXX-7727,LUJPXXXX96T,+91-XXXXX-51136,sn***ve@gmail.com,Ahmedabad,Gujarat,380097,VERIFIED,ACTIVE,2021-03-30 00:00:00
C1472,Kavya Gupta,INDIVIDUAL,RETAIL,XXXX-XXXX-7353,ESZPXXXX32V,+91-XXXXX-97759,ka***gu@gmail.com,Mumbai,Maharashtra,400077,VERIFIED,ACTIVE,2020-10-13 00:00:00
C1473,Rahul Joshi,NRI,RETAIL,XXXX-XXXX-6533,VMSPXXXX38C,+91-XXXXX-78199,ra***jo@gmail.com,Pune,Maharashtra,411035,EXPIRED,ACTIVE,2021-02-05 00:00:00
C1474,Rajesh Joshi,NRI,RETAIL,XXXX-XXXX-6092,GZZPXXXX97L,+91-XXXXX-81695,ra***jo@gmail.com,Bengaluru,Karnataka,560095,VERIFIED,ACTIVE,2021-11-21 00:00:00
C1475,Pooja Rao,NRI,RETAIL,XXXX-XXXX-6288,UNRPXXXX24J,+91-XXXXX-27143,po***ra@gmail.com,Hyderabad,Telangana,500086,VERIFIED,ACTIVE,2018-09-12 00:00:00
C1476,Priya Joshi,INDIVIDUAL,RETAIL,XXXX-XXXX-7154,LZEPXXXX32U,+91-XXXXX-98559,pr***jo@gmail.com,Chennai,Tamil Nadu,600079,VERIFIED,BLOCKED,2023-05-14 00:00:00
C1477,Sanjay Banerjee,INDIVIDUAL,RETAIL,XXXX-XXXX-9446,DHPPXXXX40U,+91-XXXXX-23161,sa***ba@gmail.com,Delhi,Delhi,110070,PENDING_REKYC,ACTIVE,2018-09-13 00:00:00
C1478,Neha Gupta,INDIVIDUAL,CORPORATE_LITE,XXXX-XXXX-4908,VTVPXXXX37X,+91-XXXXX-92018,ne***gu@gmail.com,Kolkata,West Bengal,700021,VERIFIED,ACTIVE,2021-10-20 00:00:00
C1479,Sunita Mehta,PROPRIETORSHIP,CORPORATE_LITE,XXXX-XXXX-9613,DUAPXXXX80X,+91-XXXXX-95092,su***me@gmail.com,Ahmedabad,Gujarat,380051,VERIFIED,ACTIVE,2019-10-17 00:00:00
C1480,Vikram Reddy,INDIVIDUAL,RETAIL,XXXX-XXXX-5277,SJLPXXXX13R,+91-XXXXX-39475,vi***re@gmail.com,Mumbai,Maharashtra,400092,VERIFIED,ACTIVE,2018-04-11 00:00:00
C1481,Rajesh Joshi,INDIVIDUAL,RETAIL,XXXX-XXXX-8082,CYWPXXXX87D,+91-XXXXX-66574,ra***jo@gmail.com,Pune,Maharashtra,411027,VERIFIED,ACTIVE,2020-05-15 00:00:00
C1482,Aditya Singh,INDIVIDUAL,RETAIL,XXXX-XXXX-3415,XCNPXXXX51V,+91-XXXXX-50870,ad***si@gmail.com,Bengaluru,Karnataka,560026,VERIFIED,ACTIVE,2021-03-19 00:00:00
C1483,Sanjay Gupta,NRI,RETAIL,XXXX-XXXX-3262,BQXPXXXX40O,+91-XXXXX-78143,sa***gu@gmail.com,Hyderabad,Telangana,500077,VERIFIED,ACTIVE,2019-11-20 00:00:00
C1484,Rahul Kumar,INDIVIDUAL,RETAIL,XXXX-XXXX-8054,DPLPXXXX39D,+91-XXXXX-10706,ra***ku@gmail.com,Chennai,Tamil Nadu,600086,VERIFIED,ACTIVE,2020-01-24 00:00:00
C1485,Aarav Iyer,INDIVIDUAL,RETAIL,XXXX-XXXX-6588,XDLPXXXX40Z,+91-XXXXX-87654,aa***iy@gmail.com,Delhi,Delhi,110064,VERIFIED,ACTIVE,2018-06-14 00:00:00
C1486,Aarav Verma,PROPRIETORSHIP,RETAIL,XXXX-XXXX-5428,SMRPXXXX87D,+91-XXXXX-43635,aa***ve@gmail.com,Kolkata,West Bengal,700046,VERIFIED,ACTIVE,2024-10-11 00:00:00
C1487,Sanjay Verma,INDIVIDUAL,RETAIL,XXXX-XXXX-7468,WJJPXXXX50M,+91-XXXXX-54921,sa***ve@gmail.com,Ahmedabad,Gujarat,380075,VERIFIED,ACTIVE,2021-02-25 00:00:00
C1488,Kavya Sharma,INDIVIDUAL,RETAIL,XXXX-XXXX-9276,UQIPXXXX26E,+91-XXXXX-45897,ka***sh@gmail.com,Mumbai,Maharashtra,400087,VERIFIED,ACTIVE,2022-08-29 00:00:00
C1489,Rohan Rao,INDIVIDUAL,RETAIL,XXXX-XXXX-6111,AKQPXXXX45Z,+91-XXXXX-91515,ro***ra@gmail.com,Pune,Maharashtra,411059,VERIFIED,ACTIVE,2020-12-30 00:00:00
C1490,Vikram Iyer,INDIVIDUAL,RETAIL,XXXX-XXXX-4443,TFVPXXXX34E,+91-XXXXX-93732,vi***iy@gmail.com,Bengaluru,Karnataka,560089,VERIFIED,DORMANT,2018-01-19 00:00:00
C1491,Aarav Reddy,INDIVIDUAL,RETAIL,XXXX-XXXX-4497,UCIPXXXX49C,+91-XXXXX-88462,aa***re@gmail.com,Hyderabad,Telangana,500012,VERIFIED,ACTIVE,2021-12-30 00:00:00
C1492,Ananya Joshi,INDIVIDUAL,RETAIL,XXXX-XXXX-9118,PWFPXXXX86Q,+91-XXXXX-91494,an***jo@gmail.com,Chennai,Tamil Nadu,600065,VERIFIED,ACTIVE,2024-03-08 00:00:00
C1493,Sneha Kumar,PROPRIETORSHIP,RETAIL,XXXX-XXXX-1314,TIQPXXXX36O,+91-XXXXX-72013,sn***ku@gmail.com,Delhi,Delhi,110051,VERIFIED,ACTIVE,2022-01-29 00:00:00
C1494,Sanjay Nair,INDIVIDUAL,RETAIL,XXXX-XXXX-6670,DHMPXXXX13F,+91-XXXXX-63144,sa***na@gmail.com,Kolkata,West Bengal,700090,VERIFIED,ACTIVE,2024-05-21 00:00:00
C1495,Rohan Kulkarni,INDIVIDUAL,RETAIL,XXXX-XXXX-2860,RJYPXXXX92L,+91-XXXXX-18720,ro***ku@gmail.com,Ahmedabad,Gujarat,380023,PENDING_REKYC,ACTIVE,2018-07-28 00:00:00
C1496,Neha Gupta,INDIVIDUAL,RETAIL,XXXX-XXXX-1919,CVSPXXXX85T,+91-XXXXX-46160,ne***gu@gmail.com,Mumbai,Maharashtra,400024,VERIFIED,ACTIVE,2020-12-06 00:00:00
C1497,Sunita Nair,INDIVIDUAL,WEALTH_HNI,XXXX-XXXX-8194,RGQPXXXX91L,+91-XXXXX-36183,su***na@gmail.com,Pune,Maharashtra,411095,VERIFIED,ACTIVE,2020-07-20 00:00:00
C1498,Sneha Mehta,INDIVIDUAL,RETAIL,XXXX-XXXX-7856,NHSPXXXX44R,+91-XXXXX-61588,sn***me@gmail.com,Bengaluru,Karnataka,560018,VERIFIED,ACTIVE,2020-08-17 00:00:00
C1499,Neha Verma,NRI,RETAIL,XXXX-XXXX-5911,TFWPXXXX77O,+91-XXXXX-89872,ne***ve@gmail.com,Hyderabad,Telangana,500087,VERIFIED,ACTIVE,2023-12-21 00:00:00
C1500,Pooja Deshmukh,INDIVIDUAL,RETAIL,XXXX-XXXX-9038,RBJPXXXX88L,+91-XXXXX-24457,po***de@gmail.com,Chennai,Tamil Nadu,600021,VERIFIED,ACTIVE,2022-02-11 00:00:00
