employee_id,full_name,role,department,branch_id,manager_id,email,phone,salary_annual,employment_status,hire_date
EMP2001,Amitabh Joshi,BRANCH_MANAGER,MANAGEMENT,BR139,EMP2000,amitabh.joshi@bank.com,+91-9634895727,1996542.99,ACTIVE,2015-05-10
EMP2002,Sunil Deshmukh,BRANCH_MANAGER,MANAGEMENT,BR129,EMP2000,sunil.deshmukh@bank.com,+91-9887846423,1931993.94,ACTIVE,2016-08-15
EMP2003,Kavita Rao,BRANCH_MANAGER,MANAGEMENT,BR115,EMP2000,kavita.rao@bank.com,+91-9523734981,1796850.16,ACTIVE,2014-02-01
EMP2004,Venkatesh Reddy,BRANCH_MANAGER,MANAGEMENT,BR143,EMP2000,venkatesh.reddy@bank.com,+91-9941095298,1355994.52,ACTIVE,2017-11-20
EMP2005,Rajesh Sharma,BRANCH_MANAGER,MANAGEMENT,BR108,EMP2000,rajesh.sharma@bank.com,+91-9349467219,1659248.89,ACTIVE,2012-03-12
EMP2006,Sundar Nair,BRANCH_MANAGER,MANAGEMENT,BR121,EMP2000,sundar.nair@bank.com,+91-9459525757,1801115.01,ACTIVE,2015-09-01
EMP2007,Mehul Patel,BRANCH_MANAGER,MANAGEMENT,BR139,EMP2000,mehul.patel@bank.com,+91-9993664928,1850888.47,ACTIVE,2018-01-15
EMP2008,Anirban Banerjee,BRANCH_MANAGER,MANAGEMENT,BR119,EMP2000,anirban.banerjee@bank.com,+91-9342285885,2169909.85,ACTIVE,2013-06-25
EMP2009,Pravin Patil,BRANCH_MANAGER,MANAGEMENT,BR123,EMP2000,pravin.patil@bank.com,+91-9454088436,2138552.71,ACTIVE,2019-04-10
EMP2010,Vikram Singh,BRANCH_MANAGER,MANAGEMENT,BR111,EMP2000,vikram.singh@bank.com,+91-9103344778,1381824.97,ACTIVE,2017-07-01
EMP2011,Arjun Reddy,CUSTOMER_SERVICE_OFFICER,OPERATIONS,BR111,EMP2006,arjun.reddy11@bank.com,+91-9130349573,479583.51,ACTIVE,2020-12-18
EMP2012,Pooja Shah,WEALTH_MANAGER,RETAIL_BANKING,BR124,EMP2003,pooja.shah12@bank.com,+91-9668919924,705693.78,ACTIVE,2019-10-09
EMP2013,Sanjay Pawar,CUSTOMER_SERVICE_OFFICER,OPERATIONS,BR136,EMP2004,sanjay.pawar13@bank.com,+91-9925500257,639689.61,ACTIVE,2025-09-25
EMP2014,Priya Mehta,COMPLIANCE_OFFICER,COMPLIANCE,BR140,EMP2007,priya.mehta14@bank.com,+91-9572432052,898070.76,ACTIVE,2024-03-03
EMP2015,Vijay Deshmukh,CUSTOMER_SERVICE_OFFICER,OPERATIONS,BR124,EMP2008,vijay.deshmukh15@bank.com,+91-9123027084,443513.32,ACTIVE,2021-02-03
EMP2016,Neha Bhat,CUSTOMER_SERVICE_OFFICER,OPERATIONS,BR103,EMP2002,neha.bhat16@bank.com,+91-9723415506,618448.21,ACTIVE,2020-03-26
EMP2017,Amit Gupta,WEALTH_MANAGER,RETAIL_BANKING,BR122,EMP2007,amit.gupta17@bank.com,+91-9189482500,518090.92,ACTIVE,2025-07-30
EMP2018,Rahul Bhat,SYSTEM_ADMIN,IT,BR102,EMP2008,rahul.bhat18@bank.com,+91-9558502050,1379153.18,ACTIVE,2019-05-08
EMP2019,Sanjay Mehta,SYSTEM_ADMIN,IT,BR124,EMP2001,sanjay.mehta19@bank.com,+91-9167157857,1392132.16,ACTIVE,2023-07-21
EMP2020,Ananya Nair,LOAN_OFFICER,CREDIT,BR144,EMP2001,ananya.nair20@bank.com,+91-9272552619,908508.14,ACTIVE,2024-03-28
EMP2021,Sanjay Pawar,TELLER,OPERATIONS,BR130,EMP2008,sanjay.pawar21@bank.com,+91-9956634132,449269.41,ACTIVE,2024-09-20
EMP2022,Aditya Patel,COMPLIANCE_OFFICER,COMPLIANCE,BR138,EMP2008,aditya.patel22@bank.com,+91-9206179294,1054885.1,ACTIVE,2025-04-14
EMP2023,Amit Shinde,LOAN_OFFICER,CREDIT,BR102,EMP2001,amit.shinde23@bank.com,+91-9363183586,694393.97,ACTIVE,2025-10-13
EMP2024,Sanjay Mehta,CUSTOMER_SERVICE_OFFICER,OPERATIONS,BR121,EMP2010,sanjay.mehta24@bank.com,+91-9913194116,382367.43,ACTIVE,2025-08-22
EMP2025,Vijay Deshmukh,WEALTH_MANAGER,RETAIL_BANKING,BR133,EMP2005,vijay.deshmukh25@bank.com,+91-9548469231,664153.17,ACTIVE,2020-11-25
EMP2026,Rahul Pawar,LOAN_OFFICER,CREDIT,BR112,EMP2003,rahul.pawar26@bank.com,+91-9792440158,952187.14,ACTIVE,2022-05-17
EMP2027,Sneha Reddy,COMPLIANCE_OFFICER,COMPLIANCE,BR122,EMP2004,sneha.reddy27@bank.com,+91-9712286246,1053312.1,ACTIVE,2023-08-01
EMP2028,Vikram Sharma,TELLER,OPERATIONS,BR144,EMP2009,vikram.sharma28@bank.com,+91-9734324259,478132.34,ACTIVE,2022-11-04
EMP2029,Rohan Pawar,WEALTH_MANAGER,RETAIL_BANKING,BR125,EMP2008,rohan.pawar29@bank.com,+91-9246412963,666964.4,ACTIVE,2021-06-11
EMP2030,Kavita Mehta,LOAN_OFFICER,CREDIT,BR149,EMP2006,kavita.mehta30@bank.com,+91-9180705128,823240.8,ACTIVE,2023-01-28
EMP2031,Vijay Reddy,WEALTH_MANAGER,RETAIL_BANKING,BR127,EMP2007,vijay.reddy31@bank.com,+91-9318520697,559234.77,RESIGNED,2019-11-30
EMP2032,Vijay Verma,CUSTOMER_SERVICE_OFFICER,OPERATIONS,BR142,EMP2006,vijay.verma32@bank.com,+91-9241951839,433593.94,ON_LEAVE,2022-07-20
EMP2033,Priya Reddy,CUSTOMER_SERVICE_OFFICER,OPERATIONS,BR128,EMP2006,priya.reddy33@bank.com,+91-9498129407,551640.66,ACTIVE,2018-05-03
EMP2034,Vijay Patil,SYSTEM_ADMIN,IT,BR116,EMP2004,vijay.patil34@bank.com,+91-9673505742,1039294.67,ACTIVE,2024-01-01
EMP2035,Arjun Singh,COMPLIANCE_OFFICER,COMPLIANCE,BR115,EMP2006,arjun.singh35@bank.com,+91-9941009624,716310.06,ACTIVE,2026-03-22
EMP2036,Neha Patel,LOAN_OFFICER,CREDIT,BR147,EMP2004,neha.patel36@bank.com,+91-9723512424,638470.62,ON_LEAVE,2023-05-14
EMP2037,Vikram Bhat,TELLER,OPERATIONS,BR144,EMP2009,vikram.bhat37@bank.com,+91-9587365089,412721.49,ACTIVE,2022-06-23
EMP2038,Vikram Shah,CUSTOMER_SERVICE_OFFICER,OPERATIONS,BR103,EMP2009,vikram.shah38@bank.com,+91-9171450620,508895.17,ACTIVE,2021-08-20
EMP2039,Kavita Kulkarni,SYSTEM_ADMIN,IT,BR137,EMP2007,kavita.kulkarni39@bank.com,+91-9482380049,967322.81,ACTIVE,2024-03-05
EMP2040,Rohan Sharma,COMPLIANCE_OFFICER,COMPLIANCE,BR107,EMP2001,rohan.sharma40@bank.com,+91-9794190032,1014136.26,ACTIVE,2018-09-11
EMP2041,Rohan Shah,WEALTH_MANAGER,RETAIL_BANKING,BR121,EMP2009,rohan.shah41@bank.com,+91-9802234731,889465.53,ACTIVE,2020-05-27
EMP2042,Nisha Verma,WEALTH_MANAGER,RETAIL_BANKING,BR109,EMP2003,nisha.verma42@bank.com,+91-9752668632,897782.99,ACTIVE,2022-05-23
EMP2043,Arjun Shinde,SYSTEM_ADMIN,IT,BR139,EMP2004,arjun.shinde43@bank.com,+91-9600229632,1189779.74,ACTIVE,2019-02-05
EMP2044,Arjun Shah,COMPLIANCE_OFFICER,COMPLIANCE,BR118,EMP2003,arjun.shah44@bank.com,+91-9685544158,806080.95,ACTIVE,2023-09-17
EMP2045,Sneha Chavan,LOAN_OFFICER,CREDIT,BR104,EMP2006,sneha.chavan45@bank.com,+91-9770439184,852455.45,ACTIVE,2020-03-08
EMP2046,Arjun Mehta,TELLER,OPERATIONS,BR125,EMP2005,arjun.mehta46@bank.com,+91-9232166299,521601.26,ACTIVE,2018-01-17
EMP2047,Kavita Shinde,SYSTEM_ADMIN,IT,BR114,EMP2006,kavita.shinde47@bank.com,+91-9616077675,1248631.26,RESIGNED,2024-12-19
EMP2048,Shweta Patel,COMPLIANCE_OFFICER,COMPLIANCE,BR150,EMP2001,shweta.patel48@bank.com,+91-9423609724,817779.56,ACTIVE,2023-06-30
EMP2049,Arjun Patel,CUSTOMER_SERVICE_OFFICER,OPERATIONS,BR109,EMP2009,arjun.patel49@bank.com,+91-9721445106,630846.43,ACTIVE,2023-03-11
EMP2050,Shweta Bhat,WEALTH_MANAGER,RETAIL_BANKING,BR126,EMP2007,shweta.bhat50@bank.com,+91-9701656266,601665.46,ACTIVE,2020-02-24
EMP2051,Ananya Sharma,TELLER,OPERATIONS,BR102,EMP2006,ananya.sharma51@bank.com,+91-9570260920,515845.99,ACTIVE,2019-06-22
EMP2052,Rohan Bhat,TELLER,OPERATIONS,BR120,EMP2008,rohan.bhat52@bank.com,+91-9801112853,374478.25,ACTIVE,2018-02-05
EMP2053,Rahul Sharma,WEALTH_MANAGER,RETAIL_BANKING,BR128,EMP2003,rahul.sharma53@bank.com,+91-9477936351,511046.71,ACTIVE,2022-12-29
EMP2054,Deepak Agarwal,COMPLIANCE_OFFICER,COMPLIANCE,BR147,EMP2010,deepak.agarwal54@bank.com,+91-9411817038,821306.21,ACTIVE,2025-04-14
EMP2055,Arjun Gupta,SYSTEM_ADMIN,IT,BR107,EMP2005,arjun.gupta55@bank.com,+91-9990197103,851208.48,ACTIVE,2026-01-10
EMP2056,Amit Patel,COMPLIANCE_OFFICER,COMPLIANCE,BR144,EMP2002,amit.patel56@bank.com,+91-9170009476,985838.04,ACTIVE,2018-04-30
EMP2057,Deepak Kulkarni,CUSTOMER_SERVICE_OFFICER,OPERATIONS,BR108,EMP2005,deepak.kulkarni57@bank.com,+91-9447346758,600794.04,ACTIVE,2020-10-09
EMP2058,Arjun Sharma,CUSTOMER_SERVICE_OFFICER,OPERATIONS,BR147,EMP2006,arjun.sharma58@bank.com,+91-9885403489,548059.21,ACTIVE,2021-04-27
EMP2059,Vikram Kulkarni,WEALTH_MANAGER,RETAIL_BANKING,BR135,EMP2007,vikram.kulkarni59@bank.com,+91-9304939211,599092.4,ACTIVE,2020-09-23
EMP2060,Shweta Kulkarni,TELLER,OPERATIONS,BR114,EMP2004,shweta.kulkarni60@bank.com,+91-9853037773,492252.15,ACTIVE,2024-10-15
EMP2061,Vikram Deshmukh,TELLER,OPERATIONS,BR117,EMP2005,vikram.deshmukh61@bank.com,+91-9737823007,364417.68,ON_LEAVE,2025-10-20
EMP2062,Aarti Rao,CUSTOMER_SERVICE_OFFICER,OPERATIONS,BR136,EMP2003,aarti.rao62@bank.com,+91-9113470146,500311.97,ACTIVE,2019-05-31
EMP2063,Deepika Shah,CUSTOMER_SERVICE_OFFICER,OPERATIONS,BR150,EMP2001,deepika.shah63@bank.com,+91-9603365604,525732.67,ON_LEAVE,2022-08-15
EMP2064,Kavita Bhat,LOAN_OFFICER,CREDIT,BR140,EMP2001,kavita.bhat64@bank.com,+91-9994439337,924481.67,ACTIVE,2021-07-15
EMP2065,Rohan Sharma,TELLER,OPERATIONS,BR104,EMP2008,rohan.sharma65@bank.com,+91-9767225938,412005.31,ACTIVE,2018-01-12
EMP2066,Shweta Verma,SYSTEM_ADMIN,IT,BR102,EMP2003,shweta.verma66@bank.com,+91-9607896570,1209804.06,ACTIVE,2020-02-15
EMP2067,Pooja Verma,LOAN_OFFICER,CREDIT,BR106,EMP2009,pooja.verma67@bank.com,+91-9607514060,877156.14,ACTIVE,2019-02-17
EMP2068,Neha Deshmukh,CUSTOMER_SERVICE_OFFICER,OPERATIONS,BR142,EMP2005,neha.deshmukh68@bank.com,+91-9102640337,520556.09,ACTIVE,2021-01-27
EMP2069,Deepika Deshmukh,CUSTOMER_SERVICE_OFFICER,OPERATIONS,BR104,EMP2001,deepika.deshmukh69@bank.com,+91-9213442799,524163.2,ACTIVE,2018-02-06
EMP2070,Kavita Agarwal,SYSTEM_ADMIN,IT,BR129,EMP2007,kavita.agarwal70@bank.com,+91-9119511521,942941.69,ACTIVE,2023-10-11
EMP2071,Aarti Shah,TELLER,OPERATIONS,BR118,EMP2006,aarti.shah71@bank.com,+91-9304591509,618656.97,ACTIVE,2019-01-31
EMP2072,Sanjay Reddy,TELLER,OPERATIONS,BR126,EMP2007,sanjay.reddy72@bank.com,+91-9988203044,635018.59,RESIGNED,2020-04-30
EMP2073,Amit Shah,SYSTEM_ADMIN,IT,BR144,EMP2005,amit.shah73@bank.com,+91-9285588843,1161464.56,ACTIVE,2022-02-01
EMP2074,Neha Shah,TELLER,OPERATIONS,BR134,EMP2007,neha.shah74@bank.com,+91-9491727221,629278.73,RESIGNED,2024-09-11
EMP2075,Aditya Patel,SYSTEM_ADMIN,IT,BR110,EMP2002,aditya.patel75@bank.com,+91-9714144596,1212818.01,ACTIVE,2026-02-08
EMP2076,Sneha Pawar,WEALTH_MANAGER,RETAIL_BANKING,BR136,EMP2008,sneha.pawar76@bank.com,+91-9412514738,658660.64,ACTIVE,2021-05-02
EMP2077,Aditya Kulkarni,WEALTH_MANAGER,RETAIL_BANKING,BR114,EMP2003,aditya.kulkarni77@bank.com,+91-9449204112,649708.32,ACTIVE,2019-05-15
EMP2078,Vijay Pawar,TELLER,OPERATIONS,BR131,EMP2004,vijay.pawar78@bank.com,+91-9530434092,462877.88,ACTIVE,2024-10-28
EMP2079,Kavita Pawar,LOAN_OFFICER,CREDIT,BR148,EMP2010,kavita.pawar79@bank.com,+91-9771536994,732101.01,ACTIVE,2018-06-22
EMP2080,Rahul Bhat,COMPLIANCE_OFFICER,COMPLIANCE,BR115,EMP2010,rahul.bhat80@bank.com,+91-9610319076,1006877.94,ACTIVE,2023-05-13
EMP2081,Arjun Patel,SYSTEM_ADMIN,IT,BR108,EMP2009,arjun.patel81@bank.com,+91-9636315079,1086628.93,ACTIVE,2020-07-17
EMP2082,Sneha Patil,CUSTOMER_SERVICE_OFFICER,OPERATIONS,BR114,EMP2005,sneha.patil82@bank.com,+91-9286404952,508310.33,RESIGNED,2021-06-06
EMP2083,Neha Patel,LOAN_OFFICER,CREDIT,BR123,EMP2004,neha.patel83@bank.com,+91-9423988929,809239.14,ACTIVE,2022-03-30
EMP2084,Amit Sharma,SYSTEM_ADMIN,IT,BR140,EMP2006,amit.sharma84@bank.com,+91-9462127230,1030521.1,ACTIVE,2026-04-07
EMP2085,Kavita Rao,WEALTH_MANAGER,RETAIL_BANKING,BR121,EMP2008,kavita.rao85@bank.com,+91-9615965604,634264.03,ACTIVE,2025-06-16
EMP2086,Ananya Bhat,COMPLIANCE_OFFICER,COMPLIANCE,BR116,EMP2005,ananya.bhat86@bank.com,+91-9142734316,1094484.3,ACTIVE,2021-05-09
EMP2087,Arjun Chavan,COMPLIANCE_OFFICER,COMPLIANCE,BR145,EMP2003,arjun.chavan87@bank.com,+91-9411545093,1076212.73,ACTIVE,2019-12-10
EMP2088,Amit Verma,CUSTOMER_SERVICE_OFFICER,OPERATIONS,BR118,EMP2008,amit.verma88@bank.com,+91-9644006950,609819.17,ACTIVE,2020-10-12
EMP2089,Arjun Sharma,CUSTOMER_SERVICE_OFFICER,OPERATIONS,BR147,EMP2001,arjun.sharma89@bank.com,+91-9644339731,528239.21,ACTIVE,2025-11-14
EMP2090,Vijay Chavan,TELLER,OPERATIONS,BR124,EMP2002,vijay.chavan90@bank.com,+91-9258148721,474445.85,ACTIVE,2025-11-10
EMP2091,Sneha Agarwal,SYSTEM_ADMIN,IT,BR126,EMP2005,sneha.agarwal91@bank.com,+91-9800791563,1133259.02,ACTIVE,2025-06-17
EMP2092,Pooja Rao,LOAN_OFFICER,CREDIT,BR125,EMP2001,pooja.rao92@bank.com,+91-9961330518,682018.13,ACTIVE,2019-11-16
EMP2093,Rahul Deshmukh,WEALTH_MANAGER,RETAIL_BANKING,BR145,EMP2001,rahul.deshmukh93@bank.com,+91-9837448825,802799.65,ACTIVE,2023-11-13
EMP2094,Ananya Pawar,CUSTOMER_SERVICE_OFFICER,OPERATIONS,BR141,EMP2010,ananya.pawar94@bank.com,+91-9187220906,492863.21,ACTIVE,2018-09-25
EMP2095,Arjun Reddy,SYSTEM_ADMIN,IT,BR129,EMP2009,arjun.reddy95@bank.com,+91-9486357657,880409.14,ACTIVE,2021-06-06
EMP2096,Shweta Verma,LOAN_OFFICER,CREDIT,BR115,EMP2003,shweta.verma96@bank.com,+91-9757778799,654548.59,ACTIVE,2025-10-24
EMP2097,Nisha Verma,CUSTOMER_SERVICE_OFFICER,OPERATIONS,BR145,EMP2003,nisha.verma97@bank.com,+91-9762106567,567919.11,ACTIVE,2026-04-20
EMP2098,Amit Rao,LOAN_OFFICER,CREDIT,BR101,EMP2001,amit.rao98@bank.com,+91-9956934541,918588.71,ACTIVE,2021-09-15
EMP2099,Vijay Kulkarni,CUSTOMER_SERVICE_OFFICER,OPERATIONS,BR125,EMP2006,vijay.kulkarni99@bank.com,+91-9518387402,448625.48,ACTIVE,2023-03-22
EMP2100,Amit Shah,LOAN_OFFICER,CREDIT,BR107,EMP2006,amit.shah100@bank.com,+91-9948975768,856349.9,ACTIVE,2022-09-16
