alert_id,transaction_id,customer_id,card_id,alert_type,risk_score,risk_level,resolution_status,action_taken,investigator_employee_id,alert_timestamp
ALT50000,TXN115795,C1237,CC20351,ACCOUNT_TAKEOVER_SUSPICION,91,HIGH,FALSE_POSITIVE,ALERT_DISMISSED_CUSTOMER_VERIFIED,EMP2006,2025-08-04 21:54:43
ALT50001,TXN100860,C1445,CC20198,UNUSUAL_GEOGRAPHIC_LOCATION,59,LOW,UNDER_INVESTIGATION,PENDING_COMPLIANCE_REVIEW,EMP2079,2026-02-08 01:31:49
ALT50002,TXN138158,C1499,CC20307,HIGH_VELOCITY_TRANSACTIONS,53,LOW,CONFIRMED_FRAUD,TRANSACTION_REVERSED_CUSTOMER_NOTIFIED,EMP2032,2024-05-09 11:19:21
ALT50003,TXN144732,C1452,CC20127,POS_CARD_NOT_PRESENT_SPIKE,65,MEDIUM,CLOSED_NO_ACTION,AUTO_RESOLVED_SYSTEM,EMP2051,2024-10-30 21:30:29
ALT50004,TXN111284,C1203,CC20038,HIGH_VELOCITY_TRANSACTIONS,48,LOW,FALSE_POSITIVE,ALERT_DISMISSED_CUSTOMER_VERIFIED,EMP2075,2026-02-04 14:09:00
ALT50005,TXN106265,C1399,CC20337,ACCOUNT_TAKEOVER_SUSPICION,76,MEDIUM,CONFIRMED_FRAUD,TRANSACTION_REVERSED_CUSTOMER_NOTIFIED,EMP2058,2025-03-15 19:03:30
ALT50006,TXN116850,C1217,CC20359,HIGH_VELOCITY_TRANSACTIONS,51,LOW,FALSE_POSITIVE,ALERT_DISMISSED_CUSTOMER_VERIFIED,EMP2087,2024-11-22 02:38:31
ALT50007,TXN137194,C1473,CC20128,ACCOUNT_TAKEOVER_SUSPICION,77,MEDIUM,CLOSED_NO_ACTION,AUTO_RESOLVED_SYSTEM,EMP2026,2025-12-14 23:45:18
ALT50008,TXN121962,C1431,CC20266,HIGH_VELOCITY_TRANSACTIONS,74,MEDIUM,FALSE_POSITIVE,ALERT_DISMISSED_CUSTOMER_VERIFIED,EMP2098,2026-04-27 04:00:32
ALT50009,TXN147191,C1340,CC20150,MULTIPLE_FAILED_PIN_ATTEMPTS,40,LOW,CONFIRMED_FRAUD,TRANSACTION_REVERSED_CUSTOMER_NOTIFIED,EMP2046,2024-11-22 11:32:50
ALT50010,TXN144131,C1038,CC20297,UNUSUAL_GEOGRAPHIC_LOCATION,76,MEDIUM,FALSE_POSITIVE,ALERT_DISMISSED_CUSTOMER_VERIFIED,EMP2098,2024-05-18 07:40:31
ALT50011,TXN116023,C1099,CC20098,ACCOUNT_TAKEOVER_SUSPICION,82,HIGH,FALSE_POSITIVE,ALERT_DISMISSED_CUSTOMER_VERIFIED,EMP2029,2025-02-06 22:06:21
ALT50012,TXN141090,C1288,CC20262,HIGH_VELOCITY_TRANSACTIONS,50,LOW,FALSE_POSITIVE,ALERT_DISMISSED_CUSTOMER_VERIFIED,EMP2004,2025-01-09 20:12:25
ALT50013,TXN101685,C1253,CC20251,LARGE_STRUCTURING_AMOUNT,83,HIGH,FALSE_POSITIVE,ALERT_DISMISSED_CUSTOMER_VERIFIED,EMP2081,2024-05-11 11:43:09
ALT50014,TXN100769,C1221,CC20143,ACCOUNT_TAKEOVER_SUSPICION,79,MEDIUM,FALSE_POSITIVE,ALERT_DISMISSED_CUSTOMER_VERIFIED,EMP2099,2025-09-19 02:31:29
ALT50015,TXN102433,C1356,CC20345,UNUSUAL_GEOGRAPHIC_LOCATION,68,MEDIUM,CONFIRMED_FRAUD,TRANSACTION_REVERSED_CUSTOMER_NOTIFIED,EMP2013,2024-12-03 02:15:00
ALT50016,TXN105311,C1022,CC20111,LARGE_STRUCTURING_AMOUNT,77,MEDIUM,FALSE_POSITIVE,ALERT_DISMISSED_CUSTOMER_VERIFIED,EMP2039,2025-06-12 16:09:40
ALT50017,TXN137819,C1249,CC20059,LARGE_STRUCTURING_AMOUNT,95,HIGH,FALSE_POSITIVE,ALERT_DISMISSED_CUSTOMER_VERIFIED,EMP2015,2024-11-25 17:13:09
ALT50018,TXN139188,C1009,CC20368,UNUSUAL_GEOGRAPHIC_LOCATION,59,LOW,CONFIRMED_FRAUD,CARD_BLOCKED_ACCOUNT_FROZEN,EMP2029,2024-06-30 02:44:05
ALT50019,TXN117568,C1245,CC20001,LARGE_STRUCTURING_AMOUNT,93,HIGH,UNDER_INVESTIGATION,PENDING_COMPLIANCE_REVIEW,EMP2029,2025-01-23 00:01:50
ALT50020,TXN119769,C1324,CC20384,LARGE_STRUCTURING_AMOUNT,88,HIGH,FALSE_POSITIVE,ALERT_DISMISSED_CUSTOMER_VERIFIED,EMP2075,2026-01-06 13:47:35
ALT50021,TXN128693,C1099,CC20303,MULTIPLE_FAILED_PIN_ATTEMPTS,65,MEDIUM,FALSE_POSITIVE,ALERT_DISMISSED_CUSTOMER_VERIFIED,EMP2032,2026-04-20 20:15:34
ALT50022,TXN106396,C1289,CC20253,HIGH_VELOCITY_TRANSACTIONS,43,LOW,UNDER_INVESTIGATION,PENDING_COMPLIANCE_REVIEW,EMP2002,2026-02-08 16:22:48
ALT50023,TXN127480,C1179,CC20139,HIGH_VELOCITY_TRANSACTIONS,64,MEDIUM,FALSE_POSITIVE,ALERT_DISMISSED_CUSTOMER_VERIFIED,EMP2047,2024-11-12 17:13:55
ALT50024,TXN141434,C1222,CC20036,ACCOUNT_TAKEOVER_SUSPICION,87,HIGH,UNDER_INVESTIGATION,PENDING_COMPLIANCE_REVIEW,EMP2078,2024-03-16 03:17:58
ALT50025,TXN125658,C1393,CC20159,MULTIPLE_FAILED_PIN_ATTEMPTS,64,MEDIUM,FALSE_POSITIVE,ALERT_DISMISSED_CUSTOMER_VERIFIED,EMP2084,2024-12-27 14:03:49
ALT50026,TXN118942,C1249,CC20008,UNUSUAL_GEOGRAPHIC_LOCATION,72,MEDIUM,CONFIRMED_FRAUD,CARD_BLOCKED_ACCOUNT_FROZEN,EMP2022,2026-03-10 10:01:30
ALT50027,TXN118431,C1146,CC20232,LARGE_STRUCTURING_AMOUNT,82,HIGH,FALSE_POSITIVE,ALERT_DISMISSED_CUSTOMER_VERIFIED,EMP2075,2024-02-02 22:11:04
ALT50028,TXN102747,C1441,CC20098,HIGH_VELOCITY_TRANSACTIONS,47,LOW,FALSE_POSITIVE,ALERT_DISMISSED_CUSTOMER_VERIFIED,EMP2027,2025-02-08 07:33:21
ALT50029,TXN100189,C1095,CC20146,HIGH_VELOCITY_TRANSACTIONS,78,MEDIUM,FALSE_POSITIVE,ALERT_DISMISSED_CUSTOMER_VERIFIED,EMP2067,2025-12-08 16:30:26
ALT50030,TXN119118,C1256,CC20303,UNUSUAL_GEOGRAPHIC_LOCATION,68,MEDIUM,CONFIRMED_FRAUD,TRANSACTION_REVERSED_CUSTOMER_NOTIFIED,EMP2081,2024-01-25 04:36:52
ALT50031,TXN135773,C1324,CC20207,UNUSUAL_GEOGRAPHIC_LOCATION,86,HIGH,CONFIRMED_FRAUD,CARD_BLOCKED_ACCOUNT_FROZEN,EMP2056,2025-03-24 21:41:24
ALT50032,TXN101899,C1492,CC20130,LARGE_STRUCTURING_AMOUNT,93,HIGH,CONFIRMED_FRAUD,TRANSACTION_REVERSED_CUSTOMER_NOTIFIED,EMP2092,2025-09-22 19:50:22
ALT50033,TXN101267,C1003,CC20151,HIGH_VELOCITY_TRANSACTIONS,77,MEDIUM,CONFIRMED_FRAUD,TRANSACTION_REVERSED_CUSTOMER_NOTIFIED,EMP2093,2024-09-03 18:15:39
ALT50034,TXN131551,C1015,CC20053,ACCOUNT_TAKEOVER_SUSPICION,75,MEDIUM,FALSE_POSITIVE,ALERT_DISMISSED_CUSTOMER_VERIFIED,EMP2021,2024-10-18 23:33:11
ALT50035,TXN111394,C1279,CC20119,ACCOUNT_TAKEOVER_SUSPICION,97,HIGH,CONFIRMED_FRAUD,CARD_BLOCKED_ACCOUNT_FROZEN,EMP2047,2024-02-23 05:48:28
ALT50036,TXN103556,C1335,CC20160,LARGE_STRUCTURING_AMOUNT,89,HIGH,FALSE_POSITIVE,ALERT_DISMISSED_CUSTOMER_VERIFIED,EMP2080,2026-03-20 18:10:54
ALT50037,TXN103890,C1246,CC20115,UNUSUAL_GEOGRAPHIC_LOCATION,87,HIGH,FALSE_POSITIVE,ALERT_DISMISSED_CUSTOMER_VERIFIED,EMP2059,2026-03-02 14:07:26
ALT50038,TXN141606,C1257,CC20074,UNUSUAL_GEOGRAPHIC_LOCATION,79,MEDIUM,FALSE_POSITIVE,ALERT_DISMISSED_CUSTOMER_VERIFIED,EMP2084,2026-05-10 00:15:06
ALT50039,TXN130740,C1496,CC20112,POS_CARD_NOT_PRESENT_SPIKE,71,MEDIUM,UNDER_INVESTIGATION,PENDING_COMPLIANCE_REVIEW,EMP2006,2025-03-08 23:02:33
ALT50040,TXN114502,C1475,CC20103,LARGE_STRUCTURING_AMOUNT,75,MEDIUM,FALSE_POSITIVE,ALERT_DISMISSED_CUSTOMER_VERIFIED,EMP2019,2025-06-30 15:37:38
ALT50041,TXN121777,C1383,CC20339,HIGH_VELOCITY_TRANSACTIONS,41,LOW,FALSE_POSITIVE,ALERT_DISMISSED_CUSTOMER_VERIFIED,EMP2057,2024-08-12 21:47:33
ALT50042,TXN110627,C1159,CC20253,MULTIPLE_FAILED_PIN_ATTEMPTS,53,LOW,FALSE_POSITIVE,ALERT_DISMISSED_CUSTOMER_VERIFIED,EMP2069,2025-11-02 11:33:33
ALT50043,TXN108792,C1474,CC20226,POS_CARD_NOT_PRESENT_SPIKE,60,MEDIUM,FALSE_POSITIVE,ALERT_DISMISSED_CUSTOMER_VERIFIED,EMP2003,2025-07-14 14:40:28
ALT50044,TXN143323,C1339,CC20111,MULTIPLE_FAILED_PIN_ATTEMPTS,45,LOW,CLOSED_NO_ACTION,AUTO_RESOLVED_SYSTEM,EMP2001,2025-10-15 05:06:19
ALT50045,TXN143021,C1151,CC20098,LARGE_STRUCTURING_AMOUNT,77,MEDIUM,CONFIRMED_FRAUD,TRANSACTION_REVERSED_CUSTOMER_NOTIFIED,EMP2058,2026-03-25 10:07:25
ALT50046,TXN108433,C1395,CC20152,LARGE_STRUCTURING_AMOUNT,81,HIGH,CONFIRMED_FRAUD,CARD_BLOCKED_ACCOUNT_FROZEN,EMP2038,2025-08-16 05:37:08
ALT50047,TXN143001,C1177,CC20348,UNUSUAL_GEOGRAPHIC_LOCATION,62,MEDIUM,FALSE_POSITIVE,ALERT_DISMISSED_CUSTOMER_VERIFIED,EMP2015,2025-07-04 22:57:15
ALT50048,TXN111016,C1162,CC20383,MULTIPLE_FAILED_PIN_ATTEMPTS,54,LOW,CONFIRMED_FRAUD,CARD_BLOCKED_ACCOUNT_FROZEN,EMP2034,2024-05-05 15:46:00
ALT50049,TXN123897,C1379,CC20365,POS_CARD_NOT_PRESENT_SPIKE,83,HIGH,UNDER_INVESTIGATION,PENDING_COMPLIANCE_REVIEW,EMP2061,2025-06-20 11:15:11
ALT50050,TXN102612,C1032,CC20337,HIGH_VELOCITY_TRANSACTIONS,72,MEDIUM,FALSE_POSITIVE,ALERT_DISMISSED_CUSTOMER_VERIFIED,EMP2035,2026-02-09 13:07:01
ALT50051,TXN123483,C1416,CC20193,HIGH_VELOCITY_TRANSACTIONS,69,MEDIUM,UNDER_INVESTIGATION,PENDING_COMPLIANCE_REVIEW,EMP2064,2025-07-19 04:00:19
ALT50052,TXN148555,C1444,CC20309,UNUSUAL_GEOGRAPHIC_LOCATION,81,HIGH,FALSE_POSITIVE,ALERT_DISMISSED_CUSTOMER_VERIFIED,EMP2025,2024-08-04 16:00:27
ALT50053,TXN117159,C1178,CC20162,POS_CARD_NOT_PRESENT_SPIKE,83,HIGH,FALSE_POSITIVE,ALERT_DISMISSED_CUSTOMER_VERIFIED,EMP2024,2024-09-26 12:00:56
ALT50054,TXN144974,C1426,CC20207,ACCOUNT_TAKEOVER_SUSPICION,80,HIGH,CLOSED_NO_ACTION,AUTO_RESOLVED_SYSTEM,EMP2012,2025-08-08 23:48:58
ALT50055,TXN140994,C1100,CC20168,HIGH_VELOCITY_TRANSACTIONS,72,MEDIUM,FALSE_POSITIVE,ALERT_DISMISSED_CUSTOMER_VERIFIED,EMP2018,2026-05-27 11:40:20
ALT50056,TXN114541,C1267,CC20160,LARGE_STRUCTURING_AMOUNT,79,MEDIUM,CLOSED_NO_ACTION,AUTO_RESOLVED_SYSTEM,EMP2015,2025-10-07 08:11:26
ALT50057,TXN135920,C1322,CC20067,UNUSUAL_GEOGRAPHIC_LOCATION,81,HIGH,CONFIRMED_FRAUD,CARD_BLOCKED_ACCOUNT_FROZEN,EMP2080,2025-01-10 12:53:56
ALT50058,TXN126531,C1064,CC20288,ACCOUNT_TAKEOVER_SUSPICION,97,HIGH,FALSE_POSITIVE,ALERT_DISMISSED_CUSTOMER_VERIFIED,EMP2027,2024-04-22 10:34:51
ALT50059,TXN101585,C1416,CC20397,POS_CARD_NOT_PRESENT_SPIKE,87,HIGH,CONFIRMED_FRAUD,CARD_BLOCKED_ACCOUNT_FROZEN,EMP2072,2024-10-19 08:09:08
ALT50060,TXN103943,C1167,CC20276,POS_CARD_NOT_PRESENT_SPIKE,58,LOW,FALSE_POSITIVE,ALERT_DISMISSED_CUSTOMER_VERIFIED,EMP2060,2024-01-27 20:38:08
ALT50061,TXN123939,C1329,CC20303,UNUSUAL_GEOGRAPHIC_LOCATION,76,MEDIUM,CONFIRMED_FRAUD,TRANSACTION_REVERSED_CUSTOMER_NOTIFIED,EMP2046,2024-01-21 21:36:48
ALT50062,TXN119457,C1042,CC20383,UNUSUAL_GEOGRAPHIC_LOCATION,56,LOW,UNDER_INVESTIGATION,PENDING_COMPLIANCE_REVIEW,EMP2089,2025-03-16 20:42:31
ALT50063,TXN101021,C1043,CC20391,HIGH_VELOCITY_TRANSACTIONS,49,LOW,UNDER_INVESTIGATION,PENDING_COMPLIANCE_REVIEW,EMP2017,2025-03-06 06:49:30
ALT50064,TXN111653,C1284,CC20134,HIGH_VELOCITY_TRANSACTIONS,44,LOW,CLOSED_NO_ACTION,AUTO_RESOLVED_SYSTEM,EMP2093,2024-05-26 00:53:39
ALT50065,TXN143573,C1396,CC20194,POS_CARD_NOT_PRESENT_SPIKE,64,MEDIUM,CONFIRMED_FRAUD,CARD_BLOCKED_ACCOUNT_FROZEN,EMP2053,2025-09-07 10:59:48
ALT50066,TXN113417,C1011,CC20127,POS_CARD_NOT_PRESENT_SPIKE,87,HIGH,FALSE_POSITIVE,ALERT_DISMISSED_CUSTOMER_VERIFIED,EMP2008,2025-02-06 07:58:20
ALT50067,TXN140757,C1094,CC20032,ACCOUNT_TAKEOVER_SUSPICION,96,HIGH,FALSE_POSITIVE,ALERT_DISMISSED_CUSTOMER_VERIFIED,EMP2079,2026-01-15 19:14:08
ALT50068,TXN109692,C1301,CC20175,ACCOUNT_TAKEOVER_SUSPICION,80,HIGH,CONFIRMED_FRAUD,TRANSACTION_REVERSED_CUSTOMER_NOTIFIED,EMP2027,2024-10-22 20:01:38
ALT50069,TXN145758,C1385,CC20370,LARGE_STRUCTURING_AMOUNT,87,HIGH,FALSE_POSITIVE,ALERT_DISMISSED_CUSTOMER_VERIFIED,EMP2046,2025-12-31 16:37:25
ALT50070,TXN106873,C1252,CC20374,POS_CARD_NOT_PRESENT_SPIKE,85,HIGH,FALSE_POSITIVE,ALERT_DISMISSED_CUSTOMER_VERIFIED,EMP2050,2024-06-30 17:54:12
ALT50071,TXN105675,C1498,CC20021,MULTIPLE_FAILED_PIN_ATTEMPTS,75,MEDIUM,FALSE_POSITIVE,ALERT_DISMISSED_CUSTOMER_VERIFIED,EMP2071,2025-04-20 04:16:32
ALT50072,TXN100161,C1241,CC20237,POS_CARD_NOT_PRESENT_SPIKE,78,MEDIUM,FALSE_POSITIVE,ALERT_DISMISSED_CUSTOMER_VERIFIED,EMP2003,2024-12-25 15:27:44
ALT50073,TXN137065,C1034,CC20157,HIGH_VELOCITY_TRANSACTIONS,54,LOW,FALSE_POSITIVE,ALERT_DISMISSED_CUSTOMER_VERIFIED,EMP2093,2025-05-28 03:38:53
ALT50074,TXN126557,C1214,CC20037,UNUSUAL_GEOGRAPHIC_LOCATION,83,HIGH,CONFIRMED_FRAUD,TRANSACTION_REVERSED_CUSTOMER_NOTIFIED,EMP2064,2024-02-05 04:31:07
ALT50075,TXN133763,C1336,CC20229,HIGH_VELOCITY_TRANSACTIONS,47,LOW,CONFIRMED_FRAUD,TRANSACTION_REVERSED_CUSTOMER_NOTIFIED,EMP2044,2025-07-08 02:58:57
ALT50076,TXN132606,C1089,CC20364,ACCOUNT_TAKEOVER_SUSPICION,79,MEDIUM,CONFIRMED_FRAUD,TRANSACTION_REVERSED_CUSTOMER_NOTIFIED,EMP2053,2024-09-02 13:37:46
ALT50077,TXN111534,C1263,CC20050,LARGE_STRUCTURING_AMOUNT,89,HIGH,CLOSED_NO_ACTION,AUTO_RESOLVED_SYSTEM,EMP2024,2026-05-13 22:53:49
ALT50078,TXN129127,C1092,CC20263,HIGH_VELOCITY_TRANSACTIONS,43,LOW,CONFIRMED_FRAUD,CARD_BLOCKED_ACCOUNT_FROZEN,EMP2060,2025-12-12 10:37:21
ALT50079,TXN140397,C1409,CC20282,LARGE_STRUCTURING_AMOUNT,86,HIGH,CONFIRMED_FRAUD,CARD_BLOCKED_ACCOUNT_FROZEN,EMP2003,2025-06-12 10:52:08
ALT50080,TXN125851,C1457,CC20026,LARGE_STRUCTURING_AMOUNT,87,HIGH,CONFIRMED_FRAUD,TRANSACTION_REVERSED_CUSTOMER_NOTIFIED,EMP2020,2025-12-02 21:44:17
ALT50081,TXN101016,C1089,CC20225,UNUSUAL_GEOGRAPHIC_LOCATION,56,LOW,UNDER_INVESTIGATION,PENDING_COMPLIANCE_REVIEW,EMP2046,2024-08-04 03:03:56
ALT50082,TXN124253,C1417,CC20276,HIGH_VELOCITY_TRANSACTIONS,66,MEDIUM,CLOSED_NO_ACTION,AUTO_RESOLVED_SYSTEM,EMP2015,2026-05-25 12:12:22
ALT50083,TXN124276,C1114,CC20285,LARGE_STRUCTURING_AMOUNT,93,HIGH,FALSE_POSITIVE,ALERT_DISMISSED_CUSTOMER_VERIFIED,EMP2025,2026-05-06 23:57:18
ALT50084,TXN123247,C1104,CC20096,UNUSUAL_GEOGRAPHIC_LOCATION,80,HIGH,FALSE_POSITIVE,ALERT_DISMISSED_CUSTOMER_VERIFIED,EMP2094,2024-07-29 00:07:19
ALT50085,TXN124300,C1390,CC20283,POS_CARD_NOT_PRESENT_SPIKE,81,HIGH,FALSE_POSITIVE,ALERT_DISMISSED_CUSTOMER_VERIFIED,EMP2078,2026-02-14 06:47:10
ALT50086,TXN108529,C1195,CC20366,UNUSUAL_GEOGRAPHIC_LOCATION,59,LOW,CONFIRMED_FRAUD,TRANSACTION_REVERSED_CUSTOMER_NOTIFIED,EMP2071,2025-06-11 15:18:03
ALT50087,TXN117262,C1313,CC20316,POS_CARD_NOT_PRESENT_SPIKE,74,MEDIUM,CLOSED_NO_ACTION,AUTO_RESOLVED_SYSTEM,EMP2017,2024-02-19 11:04:05
ALT50088,TXN109268,C1113,CC20303,LARGE_STRUCTURING_AMOUNT,85,HIGH,FALSE_POSITIVE,ALERT_DISMISSED_CUSTOMER_VERIFIED,EMP2084,2025-12-29 07:37:55
ALT50089,TXN121271,C1492,CC20146,LARGE_STRUCTURING_AMOUNT,84,HIGH,FALSE_POSITIVE,ALERT_DISMISSED_CUSTOMER_VERIFIED,EMP2100,2024-02-06 20:39:50
ALT50090,TXN112185,C1074,CC20003,MULTIPLE_FAILED_PIN_ATTEMPTS,79,MEDIUM,FALSE_POSITIVE,ALERT_DISMISSED_CUSTOMER_VERIFIED,EMP2009,2025-01-18 11:56:45
ALT50091,TXN121243,C1412,CC20034,UNUSUAL_GEOGRAPHIC_LOCATION,60,MEDIUM,FALSE_POSITIVE,ALERT_DISMISSED_CUSTOMER_VERIFIED,EMP2038,2026-05-04 01:26:39
ALT50092,TXN139099,C1375,CC20191,HIGH_VELOCITY_TRANSACTIONS,47,LOW,FALSE_POSITIVE,ALERT_DISMISSED_CUSTOMER_VERIFIED,EMP2048,2024-04-25 07:37:21
ALT50093,TXN108571,C1419,CC20048,HIGH_VELOCITY_TRANSACTIONS,62,MEDIUM,CLOSED_NO_ACTION,AUTO_RESOLVED_SYSTEM,EMP2060,2025-12-14 12:19:53
ALT50094,TXN139976,C1216,CC20016,POS_CARD_NOT_PRESENT_SPIKE,80,HIGH,UNDER_INVESTIGATION,PENDING_COMPLIANCE_REVIEW,EMP2063,2025-12-04 08:19:07
ALT50095,TXN138044,C1276,CC20171,LARGE_STRUCTURING_AMOUNT,88,HIGH,FALSE_POSITIVE,ALERT_DISMISSED_CUSTOMER_VERIFIED,EMP2086,2026-05-04 03:26:46
ALT50096,TXN149216,C1248,CC20219,LARGE_STRUCTURING_AMOUNT,85,HIGH,FALSE_POSITIVE,ALERT_DISMISSED_CUSTOMER_VERIFIED,EMP2002,2024-10-31 19:37:43
ALT50097,TXN148984,C1163,CC20157,HIGH_VELOCITY_TRANSACTIONS,51,LOW,CONFIRMED_FRAUD,CARD_BLOCKED_ACCOUNT_FROZEN,EMP2088,2024-02-27 18:22:41
ALT50098,TXN140774,C1393,CC20045,HIGH_VELOCITY_TRANSACTIONS,65,MEDIUM,FALSE_POSITIVE,ALERT_DISMISSED_CUSTOMER_VERIFIED,EMP2072,2024-02-12 05:00:04
ALT50099,TXN102568,C1356,CC20372,HIGH_VELOCITY_TRANSACTIONS,52,LOW,CONFIRMED_FRAUD,TRANSACTION_REVERSED_CUSTOMER_NOTIFIED,EMP2011,2024-01-08 11:48:16
ALT50100,TXN102027,C1456,CC20005,UNUSUAL_GEOGRAPHIC_LOCATION,72,MEDIUM,FALSE_POSITIVE,ALERT_DISMISSED_CUSTOMER_VERIFIED,EMP2064,2025-08-23 11:22:30
ALT50101,TXN102695,C1407,CC20098,LARGE_STRUCTURING_AMOUNT,99,HIGH,CLOSED_NO_ACTION,AUTO_RESOLVED_SYSTEM,EMP2077,2026-03-23 20:50:15
ALT50102,TXN148190,C1191,CC20379,UNUSUAL_GEOGRAPHIC_LOCATION,87,HIGH,FALSE_POSITIVE,ALERT_DISMISSED_CUSTOMER_VERIFIED,EMP2081,2024-11-06 16:48:31
ALT50103,TXN105258,C1226,CC20232,UNUSUAL_GEOGRAPHIC_LOCATION,66,MEDIUM,FALSE_POSITIVE,ALERT_DISMISSED_CUSTOMER_VERIFIED,EMP2072,2026-02-24 23:36:05
ALT50104,TXN122002,C1176,CC20036,MULTIPLE_FAILED_PIN_ATTEMPTS,75,MEDIUM,CONFIRMED_FRAUD,CARD_BLOCKED_ACCOUNT_FROZEN,EMP2021,2024-09-20 18:55:42
ALT50105,TXN139504,C1098,CC20279,UNUSUAL_GEOGRAPHIC_LOCATION,58,LOW,CONFIRMED_FRAUD,TRANSACTION_REVERSED_CUSTOMER_NOTIFIED,EMP2018,2024-09-11 19:29:37
ALT50106,TXN133159,C1495,CC20348,UNUSUAL_GEOGRAPHIC_LOCATION,59,LOW,FALSE_POSITIVE,ALERT_DISMISSED_CUSTOMER_VERIFIED,EMP2094,2024-09-24 13:23:12
ALT50107,TXN113986,C1035,CC20301,POS_CARD_NOT_PRESENT_SPIKE,62,MEDIUM,CONFIRMED_FRAUD,CARD_BLOCKED_ACCOUNT_FROZEN,EMP2064,2025-05-06 04:49:58
ALT50108,TXN112666,C1465,CC20180,UNUSUAL_GEOGRAPHIC_LOCATION,82,HIGH,CONFIRMED_FRAUD,TRANSACTION_REVERSED_CUSTOMER_NOTIFIED,EMP2082,2024-12-19 15:35:53
ALT50109,TXN138660,C1496,CC20094,LARGE_STRUCTURING_AMOUNT,83,HIGH,FALSE_POSITIVE,ALERT_DISMISSED_CUSTOMER_VERIFIED,EMP2095,2026-05-20 17:23:41
ALT50110,TXN103561,C1486,CC20098,POS_CARD_NOT_PRESENT_SPIKE,83,HIGH,FALSE_POSITIVE,ALERT_DISMISSED_CUSTOMER_VERIFIED,EMP2038,2025-02-07 03:17:59
ALT50111,TXN126854,C1095,CC20187,MULTIPLE_FAILED_PIN_ATTEMPTS,53,LOW,FALSE_POSITIVE,ALERT_DISMISSED_CUSTOMER_VERIFIED,EMP2032,2025-12-09 21:17:12
ALT50112,TXN138952,C1151,CC20115,HIGH_VELOCITY_TRANSACTIONS,79,MEDIUM,CONFIRMED_FRAUD,TRANSACTION_REVERSED_CUSTOMER_NOTIFIED,EMP2011,2024-04-10 18:00:13
ALT50113,TXN122662,C1150,CC20190,MULTIPLE_FAILED_PIN_ATTEMPTS,61,MEDIUM,FALSE_POSITIVE,ALERT_DISMISSED_CUSTOMER_VERIFIED,EMP2045,2025-09-09 18:56:03
ALT50114,TXN108392,C1189,CC20252,UNUSUAL_GEOGRAPHIC_LOCATION,65,MEDIUM,FALSE_POSITIVE,ALERT_DISMISSED_CUSTOMER_VERIFIED,EMP2089,2024-12-06 23:45:04
ALT50115,TXN130535,C1223,CC20160,HIGH_VELOCITY_TRANSACTIONS,62,MEDIUM,FALSE_POSITIVE,ALERT_DISMISSED_CUSTOMER_VERIFIED,EMP2033,2024-06-16 18:57:34
ALT50116,TXN113067,C1036,CC20255,UNUSUAL_GEOGRAPHIC_LOCATION,55,LOW,FALSE_POSITIVE,ALERT_DISMISSED_CUSTOMER_VERIFIED,EMP2041,2024-05-11 00:14:07
ALT50117,TXN148033,C1267,CC20322,ACCOUNT_TAKEOVER_SUSPICION,88,HIGH,FALSE_POSITIVE,ALERT_DISMISSED_CUSTOMER_VERIFIED,EMP2008,2025-12-13 18:57:17
ALT50118,TXN123599,C1368,CC20127,UNUSUAL_GEOGRAPHIC_LOCATION,75,MEDIUM,FALSE_POSITIVE,ALERT_DISMISSED_CUSTOMER_VERIFIED,EMP2011,2025-06-16 23:15:59
ALT50119,TXN135222,C1182,CC20017,UNUSUAL_GEOGRAPHIC_LOCATION,80,HIGH,FALSE_POSITIVE,ALERT_DISMISSED_CUSTOMER_VERIFIED,EMP2086,2025-12-31 00:10:16
ALT50120,TXN111837,C1012,CC20280,LARGE_STRUCTURING_AMOUNT,88,HIGH,UNDER_INVESTIGATION,PENDING_COMPLIANCE_REVIEW,EMP2051,2025-09-30 10:20:09
ALT50121,TXN114039,C1278,CC20222,HIGH_VELOCITY_TRANSACTIONS,75,MEDIUM,FALSE_POSITIVE,ALERT_DISMISSED_CUSTOMER_VERIFIED,EMP2088,2024-08-27 18:51:41
ALT50122,TXN130818,C1216,CC20053,HIGH_VELOCITY_TRANSACTIONS,62,MEDIUM,FALSE_POSITIVE,ALERT_DISMISSED_CUSTOMER_VERIFIED,EMP2041,2024-03-20 07:16:43
ALT50123,TXN119115,C1354,CC20057,HIGH_VELOCITY_TRANSACTIONS,40,LOW,FALSE_POSITIVE,ALERT_DISMISSED_CUSTOMER_VERIFIED,EMP2017,2024-05-30 23:48:17
ALT50124,TXN110965,C1360,CC20322,HIGH_VELOCITY_TRANSACTIONS,79,MEDIUM,FALSE_POSITIVE,ALERT_DISMISSED_CUSTOMER_VERIFIED,EMP2076,2025-07-10 22:48:31
ALT50125,TXN124538,C1285,CC20359,HIGH_VELOCITY_TRANSACTIONS,54,LOW,UNDER_INVESTIGATION,PENDING_COMPLIANCE_REVIEW,EMP2046,2026-04-23 04:29:57
ALT50126,TXN142530,C1272,CC20173,HIGH_VELOCITY_TRANSACTIONS,60,MEDIUM,FALSE_POSITIVE,ALERT_DISMISSED_CUSTOMER_VERIFIED,EMP2032,2024-10-05 22:50:38
ALT50127,TXN105056,C1368,CC20279,LARGE_STRUCTURING_AMOUNT,89,HIGH,FALSE_POSITIVE,ALERT_DISMISSED_CUSTOMER_VERIFIED,EMP2079,2025-02-22 18:26:16
ALT50128,TXN132482,C1061,CC20113,HIGH_VELOCITY_TRANSACTIONS,48,LOW,FALSE_POSITIVE,ALERT_DISMISSED_CUSTOMER_VERIFIED,EMP2080,2024-02-02 16:58:16
ALT50129,TXN147716,C1083,CC20287,UNUSUAL_GEOGRAPHIC_LOCATION,63,MEDIUM,FALSE_POSITIVE,ALERT_DISMISSED_CUSTOMER_VERIFIED,EMP2054,2024-04-30 16:25:48
ALT50130,TXN108110,C1367,CC20341,MULTIPLE_FAILED_PIN_ATTEMPTS,49,LOW,FALSE_POSITIVE,ALERT_DISMISSED_CUSTOMER_VERIFIED,EMP2086,2024-02-26 10:41:12
ALT50131,TXN113773,C1216,CC20150,UNUSUAL_GEOGRAPHIC_LOCATION,80,HIGH,UNDER_INVESTIGATION,PENDING_COMPLIANCE_REVIEW,EMP2092,2024-08-12 12:06:36
ALT50132,TXN127266,C1341,CC20126,LARGE_STRUCTURING_AMOUNT,83,HIGH,FALSE_POSITIVE,ALERT_DISMISSED_CUSTOMER_VERIFIED,EMP2020,2025-01-04 15:00:46
ALT50133,TXN117412,C1396,CC20154,HIGH_VELOCITY_TRANSACTIONS,74,MEDIUM,FALSE_POSITIVE,ALERT_DISMISSED_CUSTOMER_VERIFIED,EMP2033,2026-02-02 12:44:58
ALT50134,TXN133270,C1186,CC20385,HIGH_VELOCITY_TRANSACTIONS,64,MEDIUM,CLOSED_NO_ACTION,AUTO_RESOLVED_SYSTEM,EMP2074,2024-06-23 18:13:23
ALT50135,TXN106910,C1018,CC20272,HIGH_VELOCITY_TRANSACTIONS,65,MEDIUM,CONFIRMED_FRAUD,CARD_BLOCKED_ACCOUNT_FROZEN,EMP2040,2026-01-25 03:24:21
ALT50136,TXN145453,C1176,CC20103,HIGH_VELOCITY_TRANSACTIONS,50,LOW,CONFIRMED_FRAUD,TRANSACTION_REVERSED_CUSTOMER_NOTIFIED,EMP2032,2025-12-23 10:43:57
ALT50137,TXN125446,C1099,CC20392,HIGH_VELOCITY_TRANSACTIONS,77,MEDIUM,FALSE_POSITIVE,ALERT_DISMISSED_CUSTOMER_VERIFIED,EMP2097,2025-07-17 21:11:01
ALT50138,TXN100206,C1395,CC20298,HIGH_VELOCITY_TRANSACTIONS,41,LOW,CLOSED_NO_ACTION,AUTO_RESOLVED_SYSTEM,EMP2002,2024-02-03 10:08:18
ALT50139,TXN121518,C1444,CC20245,HIGH_VELOCITY_TRANSACTIONS,46,LOW,CONFIRMED_FRAUD,TRANSACTION_REVERSED_CUSTOMER_NOTIFIED,EMP2097,2025-09-02 16:44:01
ALT50140,TXN122361,C1232,CC20175,HIGH_VELOCITY_TRANSACTIONS,57,LOW,CONFIRMED_FRAUD,CARD_BLOCKED_ACCOUNT_FROZEN,EMP2033,2024-05-23 17:17:00
ALT50141,TXN123419,C1402,CC20038,UNUSUAL_GEOGRAPHIC_LOCATION,81,HIGH,CONFIRMED_FRAUD,TRANSACTION_REVERSED_CUSTOMER_NOTIFIED,EMP2077,2026-04-03 09:12:08
ALT50142,TXN148702,C1075,CC20169,HIGH_VELOCITY_TRANSACTIONS,73,MEDIUM,CONFIRMED_FRAUD,CARD_BLOCKED_ACCOUNT_FROZEN,EMP2030,2024-08-21 10:12:38
ALT50143,TXN141523,C1264,CC20246,UNUSUAL_GEOGRAPHIC_LOCATION,81,HIGH,CONFIRMED_FRAUD,CARD_BLOCKED_ACCOUNT_FROZEN,EMP2033,2024-09-22 03:58:02
ALT50144,TXN145151,C1454,CC20025,UNUSUAL_GEOGRAPHIC_LOCATION,71,MEDIUM,FALSE_POSITIVE,ALERT_DISMISSED_CUSTOMER_VERIFIED,EMP2077,2024-02-03 10:01:36
ALT50145,TXN122403,C1283,CC20354,LARGE_STRUCTURING_AMOUNT,85,HIGH,FALSE_POSITIVE,ALERT_DISMISSED_CUSTOMER_VERIFIED,EMP2026,2026-02-15 10:31:25
ALT50146,TXN118141,C1205,CC20305,HIGH_VELOCITY_TRANSACTIONS,63,MEDIUM,CONFIRMED_FRAUD,TRANSACTION_REVERSED_CUSTOMER_NOTIFIED,EMP2022,2025-10-20 02:51:33
ALT50147,TXN114820,C1222,CC20012,POS_CARD_NOT_PRESENT_SPIKE,79,MEDIUM,FALSE_POSITIVE,ALERT_DISMISSED_CUSTOMER_VERIFIED,EMP2066,2024-10-13 06:21:12
ALT50148,TXN140342,C1383,CC20315,LARGE_STRUCTURING_AMOUNT,81,HIGH,CONFIRMED_FRAUD,TRANSACTION_REVERSED_CUSTOMER_NOTIFIED,EMP2038,2026-02-28 11:02:44
ALT50149,TXN106374,C1051,CC20390,HIGH_VELOCITY_TRANSACTIONS,45,LOW,CONFIRMED_FRAUD,TRANSACTION_REVERSED_CUSTOMER_NOTIFIED,EMP2090,2025-08-23 18:57:18
ALT50150,TXN101678,C1338,CC20312,MULTIPLE_FAILED_PIN_ATTEMPTS,63,MEDIUM,FALSE_POSITIVE,ALERT_DISMISSED_CUSTOMER_VERIFIED,EMP2046,2024-09-15 22:16:32
ALT50151,TXN133827,C1366,CC20035,MULTIPLE_FAILED_PIN_ATTEMPTS,72,MEDIUM,FALSE_POSITIVE,ALERT_DISMISSED_CUSTOMER_VERIFIED,EMP2015,2026-03-10 10:20:41
ALT50152,TXN116198,C1143,CC20172,HIGH_VELOCITY_TRANSACTIONS,68,MEDIUM,CONFIRMED_FRAUD,TRANSACTION_REVERSED_CUSTOMER_NOTIFIED,EMP2098,2024-02-16 16:10:54
ALT50153,TXN109914,C1372,CC20019,HIGH_VELOCITY_TRANSACTIONS,61,MEDIUM,FALSE_POSITIVE,ALERT_DISMISSED_CUSTOMER_VERIFIED,EMP2044,2025-01-31 01:15:00
ALT50154,TXN127890,C1068,CC20320,POS_CARD_NOT_PRESENT_SPIKE,80,HIGH,CONFIRMED_FRAUD,TRANSACTION_REVERSED_CUSTOMER_NOTIFIED,EMP2049,2024-09-26 09:57:38
ALT50155,TXN122299,C1098,CC20263,LARGE_STRUCTURING_AMOUNT,92,HIGH,UNDER_INVESTIGATION,PENDING_COMPLIANCE_REVIEW,EMP2075,2025-11-04 23:26:51
ALT50156,TXN143585,C1395,CC20399,HIGH_VELOCITY_TRANSACTIONS,60,MEDIUM,FALSE_POSITIVE,ALERT_DISMISSED_CUSTOMER_VERIFIED,EMP2061,2026-05-07 11:43:24
ALT50157,TXN143689,C1024,CC20141,HIGH_VELOCITY_TRANSACTIONS,46,LOW,FALSE_POSITIVE,ALERT_DISMISSED_CUSTOMER_VERIFIED,EMP2067,2025-07-10 10:30:48
ALT50158,TXN142557,C1435,CC20370,UNUSUAL_GEOGRAPHIC_LOCATION,71,MEDIUM,CONFIRMED_FRAUD,TRANSACTION_REVERSED_CUSTOMER_NOTIFIED,EMP2006,2024-05-15 23:32:48
ALT50159,TXN149080,C1378,CC20142,UNUSUAL_GEOGRAPHIC_LOCATION,74,MEDIUM,UNDER_INVESTIGATION,PENDING_COMPLIANCE_REVIEW,EMP2009,2025-12-18 15:53:03
ALT50160,TXN144020,C1468,CC20091,LARGE_STRUCTURING_AMOUNT,83,HIGH,CONFIRMED_FRAUD,TRANSACTION_REVERSED_CUSTOMER_NOTIFIED,EMP2006,2024-12-09 23:13:38
ALT50161,TXN102693,C1483,CC20353,UNUSUAL_GEOGRAPHIC_LOCATION,74,MEDIUM,CONFIRMED_FRAUD,CARD_BLOCKED_ACCOUNT_FROZEN,EMP2073,2025-02-27 12:18:51
ALT50162,TXN129467,C1052,CC20321,UNUSUAL_GEOGRAPHIC_LOCATION,76,MEDIUM,FALSE_POSITIVE,ALERT_DISMISSED_CUSTOMER_VERIFIED,EMP2095,2025-12-30 02:28:53
ALT50163,TXN129723,C1150,CC20287,LARGE_STRUCTURING_AMOUNT,82,HIGH,CONFIRMED_FRAUD,TRANSACTION_REVERSED_CUSTOMER_NOTIFIED,EMP2032,2025-06-15 16:44:09
ALT50164,TXN146699,C1143,CC20214,HIGH_VELOCITY_TRANSACTIONS,46,LOW,CLOSED_NO_ACTION,AUTO_RESOLVED_SYSTEM,EMP2041,2025-04-27 02:52:18
ALT50165,TXN103627,C1056,CC20341,HIGH_VELOCITY_TRANSACTIONS,40,LOW,FALSE_POSITIVE,ALERT_DISMISSED_CUSTOMER_VERIFIED,EMP2076,2025-08-29 04:27:51
ALT50166,TXN125939,C1038,CC20050,LARGE_STRUCTURING_AMOUNT,87,HIGH,CONFIRMED_FRAUD,CARD_BLOCKED_ACCOUNT_FROZEN,EMP2008,2025-08-17 16:10:21
ALT50167,TXN148925,C1108,CC20152,MULTIPLE_FAILED_PIN_ATTEMPTS,69,MEDIUM,FALSE_POSITIVE,ALERT_DISMISSED_CUSTOMER_VERIFIED,EMP2072,2026-05-23 16:56:45
ALT50168,TXN142941,C1180,CC20185,UNUSUAL_GEOGRAPHIC_LOCATION,77,MEDIUM,CLOSED_NO_ACTION,AUTO_RESOLVED_SYSTEM,EMP2050,2025-04-09 12:12:49
ALT50169,TXN121834,C1041,CC20062,UNUSUAL_GEOGRAPHIC_LOCATION,73,MEDIUM,UNDER_INVESTIGATION,PENDING_COMPLIANCE_REVIEW,EMP2092,2024-01-23 03:16:24
ALT50170,TXN118047,C1185,CC20189,HIGH_VELOCITY_TRANSACTIONS,71,MEDIUM,FALSE_POSITIVE,ALERT_DISMISSED_CUSTOMER_VERIFIED,EMP2062,2024-08-25 21:39:14
ALT50171,TXN126105,C1422,CC20124,UNUSUAL_GEOGRAPHIC_LOCATION,84,HIGH,UNDER_INVESTIGATION,PENDING_COMPLIANCE_REVIEW,EMP2084,2025-07-06 11:07:00
ALT50172,TXN110230,C1397,CC20149,UNUSUAL_GEOGRAPHIC_LOCATION,83,HIGH,CLOSED_NO_ACTION,AUTO_RESOLVED_SYSTEM,EMP2062,2025-11-25 21:04:07
ALT50173,TXN115707,C1222,CC20313,HIGH_VELOCITY_TRANSACTIONS,68,MEDIUM,FALSE_POSITIVE,ALERT_DISMISSED_CUSTOMER_VERIFIED,EMP2007,2024-06-18 21:04:01
ALT50174,TXN121976,C1121,CC20057,HIGH_VELOCITY_TRANSACTIONS,69,MEDIUM,CONFIRMED_FRAUD,TRANSACTION_REVERSED_CUSTOMER_NOTIFIED,EMP2075,2025-06-02 13:42:29
ALT50175,TXN144262,C1132,CC20341,UNUSUAL_GEOGRAPHIC_LOCATION,70,MEDIUM,FALSE_POSITIVE,ALERT_DISMISSED_CUSTOMER_VERIFIED,EMP2084,2025-02-01 00:17:31
ALT50176,TXN123776,C1162,CC20304,HIGH_VELOCITY_TRANSACTIONS,79,MEDIUM,UNDER_INVESTIGATION,PENDING_COMPLIANCE_REVIEW,EMP2080,2024-03-03 22:44:44
ALT50177,TXN130080,C1214,CC20179,UNUSUAL_GEOGRAPHIC_LOCATION,73,MEDIUM,CONFIRMED_FRAUD,TRANSACTION_REVERSED_CUSTOMER_NOTIFIED,EMP2004,2026-01-24 00:32:24
ALT50178,TXN101306,C1220,CC20169,HIGH_VELOCITY_TRANSACTIONS,57,LOW,UNDER_INVESTIGATION,PENDING_COMPLIANCE_REVIEW,EMP2006,2024-09-15 06:36:59
ALT50179,TXN106776,C1234,CC20325,UNUSUAL_GEOGRAPHIC_LOCATION,55,LOW,CONFIRMED_FRAUD,CARD_BLOCKED_ACCOUNT_FROZEN,EMP2058,2026-05-28 11:57:24
ALT50180,TXN127251,C1330,CC20270,HIGH_VELOCITY_TRANSACTIONS,53,LOW,CONFIRMED_FRAUD,TRANSACTION_REVERSED_CUSTOMER_NOTIFIED,EMP2022,2024-04-26 22:41:47
ALT50181,TXN109474,C1145,CC20053,MULTIPLE_FAILED_PIN_ATTEMPTS,41,LOW,FALSE_POSITIVE,ALERT_DISMISSED_CUSTOMER_VERIFIED,EMP2026,2025-01-29 23:18:59
ALT50182,TXN140294,C1238,CC20100,LARGE_STRUCTURING_AMOUNT,96,HIGH,CONFIRMED_FRAUD,TRANSACTION_REVERSED_CUSTOMER_NOTIFIED,EMP2003,2025-12-04 15:41:02
ALT50183,TXN121959,C1075,CC20263,LARGE_STRUCTURING_AMOUNT,91,HIGH,CLOSED_NO_ACTION,AUTO_RESOLVED_SYSTEM,EMP2041,2026-01-09 20:25:19
ALT50184,TXN105530,C1008,CC20052,POS_CARD_NOT_PRESENT_SPIKE,84,HIGH,UNDER_INVESTIGATION,PENDING_COMPLIANCE_REVIEW,EMP2060,2024-01-25 03:30:13
ALT50185,TXN129320,C1073,CC20059,UNUSUAL_GEOGRAPHIC_LOCATION,58,LOW,UNDER_INVESTIGATION,PENDING_COMPLIANCE_REVIEW,EMP2014,2025-05-06 19:18:44
ALT50186,TXN103748,C1441,CC20107,HIGH_VELOCITY_TRANSACTIONS,40,LOW,FALSE_POSITIVE,ALERT_DISMISSED_CUSTOMER_VERIFIED,EMP2075,2025-02-15 12:01:26
ALT50187,TXN131968,C1491,CC20004,UNUSUAL_GEOGRAPHIC_LOCATION,62,MEDIUM,CONFIRMED_FRAUD,CARD_BLOCKED_ACCOUNT_FROZEN,EMP2082,2025-01-10 22:51:34
ALT50188,TXN132562,C1400,CC20102,LARGE_STRUCTURING_AMOUNT,97,HIGH,FALSE_POSITIVE,ALERT_DISMISSED_CUSTOMER_VERIFIED,EMP2012,2025-03-12 11:16:04
ALT50189,TXN113545,C1252,CC20195,LARGE_STRUCTURING_AMOUNT,81,HIGH,FALSE_POSITIVE,ALERT_DISMISSED_CUSTOMER_VERIFIED,EMP2087,2026-05-03 00:42:54
ALT50190,TXN100663,C1229,CC20261,UNUSUAL_GEOGRAPHIC_LOCATION,57,LOW,FALSE_POSITIVE,ALERT_DISMISSED_CUSTOMER_VERIFIED,EMP2012,2024-09-09 06:07:46
ALT50191,TXN134766,C1006,CC20364,HIGH_VELOCITY_TRANSACTIONS,71,MEDIUM,CONFIRMED_FRAUD,TRANSACTION_REVERSED_CUSTOMER_NOTIFIED,EMP2013,2025-04-24 21:48:51
ALT50192,TXN107994,C1173,CC20371,HIGH_VELOCITY_TRANSACTIONS,49,LOW,FALSE_POSITIVE,ALERT_DISMISSED_CUSTOMER_VERIFIED,EMP2025,2025-06-02 15:19:40
ALT50193,TXN128021,C1140,CC20349,UNUSUAL_GEOGRAPHIC_LOCATION,64,MEDIUM,FALSE_POSITIVE,ALERT_DISMISSED_CUSTOMER_VERIFIED,EMP2045,2025-01-26 08:29:09
ALT50194,TXN130303,C1167,CC20046,LARGE_STRUCTURING_AMOUNT,93,HIGH,CLOSED_NO_ACTION,AUTO_RESOLVED_SYSTEM,EMP2019,2024-12-16 20:54:42
ALT50195,TXN103304,C1169,CC20354,LARGE_STRUCTURING_AMOUNT,88,HIGH,UNDER_INVESTIGATION,PENDING_COMPLIANCE_REVIEW,EMP2055,2025-01-16 07:39:13
ALT50196,TXN146576,C1392,CC20310,UNUSUAL_GEOGRAPHIC_LOCATION,88,HIGH,FALSE_POSITIVE,ALERT_DISMISSED_CUSTOMER_VERIFIED,EMP2100,2025-05-16 03:49:33
ALT50197,TXN139353,C1433,CC20307,ACCOUNT_TAKEOVER_SUSPICION,75,MEDIUM,FALSE_POSITIVE,ALERT_DISMISSED_CUSTOMER_VERIFIED,EMP2045,2026-05-01 03:03:24
ALT50198,TXN117675,C1282,CC20143,LARGE_STRUCTURING_AMOUNT,97,HIGH,FALSE_POSITIVE,ALERT_DISMISSED_CUSTOMER_VERIFIED,EMP2008,2024-12-02 20:45:35
ALT50199,TXN144417,C1121,CC20268,HIGH_VELOCITY_TRANSACTIONS,67,MEDIUM,CONFIRMED_FRAUD,TRANSACTION_REVERSED_CUSTOMER_NOTIFIED,EMP2093,2024-06-29 02:17:23
ALT50200,TXN123938,C1193,CC20369,HIGH_VELOCITY_TRANSACTIONS,71,MEDIUM,UNDER_INVESTIGATION,PENDING_COMPLIANCE_REVIEW,EMP2053,2025-11-19 06:57:49
ALT50201,TXN123664,C1004,CC20123,HIGH_VELOCITY_TRANSACTIONS,46,LOW,UNDER_INVESTIGATION,PENDING_COMPLIANCE_REVIEW,EMP2055,2024-02-20 05:14:03
ALT50202,TXN101636,C1028,CC20105,HIGH_VELOCITY_TRANSACTIONS,68,MEDIUM,FALSE_POSITIVE,ALERT_DISMISSED_CUSTOMER_VERIFIED,EMP2032,2025-01-28 06:30:58
ALT50203,TXN120080,C1164,CC20157,HIGH_VELOCITY_TRANSACTIONS,47,LOW,FALSE_POSITIVE,ALERT_DISMISSED_CUSTOMER_VERIFIED,EMP2051,2026-04-04 09:13:07
ALT50204,TXN127728,C1421,CC20146,HIGH_VELOCITY_TRANSACTIONS,40,LOW,CONFIRMED_FRAUD,TRANSACTION_REVERSED_CUSTOMER_NOTIFIED,EMP2044,2025-01-31 10:49:48
ALT50205,TXN149850,C1338,CC20144,HIGH_VELOCITY_TRANSACTIONS,42,LOW,FALSE_POSITIVE,ALERT_DISMISSED_CUSTOMER_VERIFIED,EMP2082,2024-12-28 20:09:39
ALT50206,TXN126736,C1135,CC20119,HIGH_VELOCITY_TRANSACTIONS,63,MEDIUM,CONFIRMED_FRAUD,CARD_BLOCKED_ACCOUNT_FROZEN,EMP2070,2025-06-14 14:36:09
ALT50207,TXN128673,C1495,CC20318,MULTIPLE_FAILED_PIN_ATTEMPTS,62,MEDIUM,UNDER_INVESTIGATION,PENDING_COMPLIANCE_REVIEW,EMP2018,2026-02-17 18:01:15
ALT50208,TXN137505,C1364,CC20274,HIGH_VELOCITY_TRANSACTIONS,47,LOW,CONFIRMED_FRAUD,TRANSACTION_REVERSED_CUSTOMER_NOTIFIED,EMP2083,2025-11-28 08:24:30
ALT50209,TXN147323,C1320,CC20091,UNUSUAL_GEOGRAPHIC_LOCATION,57,LOW,CONFIRMED_FRAUD,TRANSACTION_REVERSED_CUSTOMER_NOTIFIED,EMP2022,2025-10-14 13:01:43
ALT50210,TXN146645,C1341,CC20057,UNUSUAL_GEOGRAPHIC_LOCATION,87,HIGH,CLOSED_NO_ACTION,AUTO_RESOLVED_SYSTEM,EMP2037,2025-08-27 08:10:24
ALT50211,TXN100854,C1499,CC20345,ACCOUNT_TAKEOVER_SUSPICION,89,HIGH,FALSE_POSITIVE,ALERT_DISMISSED_CUSTOMER_VERIFIED,EMP2096,2024-08-27 05:12:09
ALT50212,TXN124548,C1144,CC20228,HIGH_VELOCITY_TRANSACTIONS,47,LOW,CONFIRMED_FRAUD,TRANSACTION_REVERSED_CUSTOMER_NOTIFIED,EMP2056,2024-11-22 05:42:01
ALT50213,TXN138623,C1326,CC20116,UNUSUAL_GEOGRAPHIC_LOCATION,88,HIGH,CONFIRMED_FRAUD,TRANSACTION_REVERSED_CUSTOMER_NOTIFIED,EMP2059,2025-07-25 19:00:07
ALT50214,TXN107392,C1216,CC20317,ACCOUNT_TAKEOVER_SUSPICION,77,MEDIUM,CONFIRMED_FRAUD,CARD_BLOCKED_ACCOUNT_FROZEN,EMP2003,2026-01-05 11:53:39
ALT50215,TXN146717,C1300,CC20278,POS_CARD_NOT_PRESENT_SPIKE,86,HIGH,FALSE_POSITIVE,ALERT_DISMISSED_CUSTOMER_VERIFIED,EMP2028,2024-06-10 11:47:01
ALT50216,TXN121556,C1131,CC20126,POS_CARD_NOT_PRESENT_SPIKE,78,MEDIUM,CONFIRMED_FRAUD,CARD_BLOCKED_ACCOUNT_FROZEN,EMP2074,2025-08-27 14:28:07
ALT50217,TXN138559,C1291,CC20392,HIGH_VELOCITY_TRANSACTIONS,53,LOW,FALSE_POSITIVE,ALERT_DISMISSED_CUSTOMER_VERIFIED,EMP2035,2025-02-09 04:58:17
ALT50218,TXN126309,C1069,CC20395,HIGH_VELOCITY_TRANSACTIONS,71,MEDIUM,CLOSED_NO_ACTION,AUTO_RESOLVED_SYSTEM,EMP2061,2025-11-22 03:20:26
ALT50219,TXN121919,C1251,CC20128,LARGE_STRUCTURING_AMOUNT,98,HIGH,CONFIRMED_FRAUD,TRANSACTION_REVERSED_CUSTOMER_NOTIFIED,EMP2093,2024-05-08 10:50:52
ALT50220,TXN104931,C1414,CC20057,MULTIPLE_FAILED_PIN_ATTEMPTS,55,LOW,UNDER_INVESTIGATION,PENDING_COMPLIANCE_REVIEW,EMP2054,2025-01-25 19:31:02
ALT50221,TXN132970,C1274,CC20121,LARGE_STRUCTURING_AMOUNT,78,MEDIUM,CLOSED_NO_ACTION,AUTO_RESOLVED_SYSTEM,EMP2063,2025-10-07 11:57:09
ALT50222,TXN144215,C1444,CC20000,LARGE_STRUCTURING_AMOUNT,94,HIGH,CONFIRMED_FRAUD,TRANSACTION_REVERSED_CUSTOMER_NOTIFIED,EMP2079,2024-11-28 12:07:17
ALT50223,TXN112688,C1363,CC20238,HIGH_VELOCITY_TRANSACTIONS,76,MEDIUM,UNDER_INVESTIGATION,PENDING_COMPLIANCE_REVIEW,EMP2097,2026-01-24 08:40:52
ALT50224,TXN125342,C1181,CC20289,POS_CARD_NOT_PRESENT_SPIKE,75,MEDIUM,FALSE_POSITIVE,ALERT_DISMISSED_CUSTOMER_VERIFIED,EMP2007,2025-04-02 15:44:21
ALT50225,TXN137157,C1166,CC20095,HIGH_VELOCITY_TRANSACTIONS,53,LOW,UNDER_INVESTIGATION,PENDING_COMPLIANCE_REVIEW,EMP2076,2025-04-08 18:50:48
ALT50226,TXN102327,C1090,CC20125,UNUSUAL_GEOGRAPHIC_LOCATION,85,HIGH,FALSE_POSITIVE,ALERT_DISMISSED_CUSTOMER_VERIFIED,EMP2049,2025-09-13 01:44:57
ALT50227,TXN140772,C1201,CC20117,UNUSUAL_GEOGRAPHIC_LOCATION,72,MEDIUM,FALSE_POSITIVE,ALERT_DISMISSED_CUSTOMER_VERIFIED,EMP2094,2026-05-06 13:22:17
ALT50228,TXN140545,C1345,CC20047,UNUSUAL_GEOGRAPHIC_LOCATION,61,MEDIUM,FALSE_POSITIVE,ALERT_DISMISSED_CUSTOMER_VERIFIED,EMP2085,2024-08-25 12:56:25
ALT50229,TXN100197,C1018,CC20088,HIGH_VELOCITY_TRANSACTIONS,49,LOW,UNDER_INVESTIGATION,PENDING_COMPLIANCE_REVIEW,EMP2031,2026-04-26 04:39:20
ALT50230,TXN123509,C1038,CC20236,HIGH_VELOCITY_TRANSACTIONS,46,LOW,FALSE_POSITIVE,ALERT_DISMISSED_CUSTOMER_VERIFIED,EMP2058,2025-04-25 18:24:15
ALT50231,TXN134698,C1125,CC20372,LARGE_STRUCTURING_AMOUNT,75,MEDIUM,FALSE_POSITIVE,ALERT_DISMISSED_CUSTOMER_VERIFIED,EMP2061,2024-10-07 14:44:42
ALT50232,TXN144542,C1450,CC20384,HIGH_VELOCITY_TRANSACTIONS,62,MEDIUM,UNDER_INVESTIGATION,PENDING_COMPLIANCE_REVIEW,EMP2024,2025-10-18 13:50:15
ALT50233,TXN115087,C1172,CC20271,LARGE_STRUCTURING_AMOUNT,95,HIGH,CONFIRMED_FRAUD,CARD_BLOCKED_ACCOUNT_FROZEN,EMP2020,2025-05-17 18:50:58
ALT50234,TXN122671,C1140,CC20188,HIGH_VELOCITY_TRANSACTIONS,58,LOW,CONFIRMED_FRAUD,CARD_BLOCKED_ACCOUNT_FROZEN,EMP2037,2025-01-04 01:29:07
ALT50235,TXN125184,C1241,CC20191,UNUSUAL_GEOGRAPHIC_LOCATION,73,MEDIUM,CONFIRMED_FRAUD,TRANSACTION_REVERSED_CUSTOMER_NOTIFIED,EMP2004,2026-05-19 08:18:03
ALT50236,TXN127848,C1219,CC20068,UNUSUAL_GEOGRAPHIC_LOCATION,83,HIGH,CONFIRMED_FRAUD,CARD_BLOCKED_ACCOUNT_FROZEN,EMP2092,2026-01-24 08:04:54
ALT50237,TXN142107,C1125,CC20277,HIGH_VELOCITY_TRANSACTIONS,57,LOW,CONFIRMED_FRAUD,TRANSACTION_REVERSED_CUSTOMER_NOTIFIED,EMP2020,2025-07-15 17:18:01
ALT50238,TXN120666,C1057,CC20348,UNUSUAL_GEOGRAPHIC_LOCATION,56,LOW,CLOSED_NO_ACTION,AUTO_RESOLVED_SYSTEM,EMP2060,2024-03-29 17:57:37
ALT50239,TXN144357,C1147,CC20246,HIGH_VELOCITY_TRANSACTIONS,40,LOW,CONFIRMED_FRAUD,CARD_BLOCKED_ACCOUNT_FROZEN,EMP2024,2026-04-07 23:32:34
ALT50240,TXN115708,C1475,CC20075,HIGH_VELOCITY_TRANSACTIONS,44,LOW,FALSE_POSITIVE,ALERT_DISMISSED_CUSTOMER_VERIFIED,EMP2050,2025-12-10 06:00:00
ALT50241,TXN126370,C1455,CC20153,ACCOUNT_TAKEOVER_SUSPICION,94,HIGH,CONFIRMED_FRAUD,CARD_BLOCKED_ACCOUNT_FROZEN,EMP2049,2026-05-29 14:44:06
ALT50242,TXN149811,C1316,CC20143,UNUSUAL_GEOGRAPHIC_LOCATION,65,MEDIUM,UNDER_INVESTIGATION,PENDING_COMPLIANCE_REVIEW,EMP2051,2025-08-07 19:14:54
ALT50243,TXN102811,C1382,CC20085,POS_CARD_NOT_PRESENT_SPIKE,56,LOW,CLOSED_NO_ACTION,AUTO_RESOLVED_SYSTEM,EMP2096,2026-03-30 12:04:00
ALT50244,TXN147011,C1360,CC20184,HIGH_VELOCITY_TRANSACTIONS,42,LOW,FALSE_POSITIVE,ALERT_DISMISSED_CUSTOMER_VERIFIED,EMP2036,2024-07-24 21:33:20
ALT50245,TXN106546,C1422,CC20284,LARGE_STRUCTURING_AMOUNT,97,HIGH,UNDER_INVESTIGATION,PENDING_COMPLIANCE_REVIEW,EMP2098,2024-07-23 05:09:40
ALT50246,TXN134754,C1000,CC20219,POS_CARD_NOT_PRESENT_SPIKE,66,MEDIUM,CONFIRMED_FRAUD,CARD_BLOCKED_ACCOUNT_FROZEN,EMP2100,2024-04-07 15:48:32
ALT50247,TXN130206,C1386,CC20068,LARGE_STRUCTURING_AMOUNT,94,HIGH,UNDER_INVESTIGATION,PENDING_COMPLIANCE_REVIEW,EMP2066,2026-04-23 15:47:26
ALT50248,TXN141106,C1460,CC20046,UNUSUAL_GEOGRAPHIC_LOCATION,59,LOW,CONFIRMED_FRAUD,CARD_BLOCKED_ACCOUNT_FROZEN,EMP2079,2025-07-25 11:27:30
ALT50249,TXN111411,C1347,CC20093,UNUSUAL_GEOGRAPHIC_LOCATION,84,HIGH,UNDER_INVESTIGATION,PENDING_COMPLIANCE_REVIEW,EMP2034,2025-10-25 08:03:39
