kyc_id,customer_id,document_type,document_number_masked,verification_status,verification_source,rejection_reason,verified_by_employee_id,submission_date
KYC60000,C1102,AADHAAR_CARD,XXXX-XXXX-7316,PENDING_VERIFICATION,CKYC_REGISTRY,N/A,EMP2065,2024-11-28
KYC60001,C1435,PASSPORT,LXXXX744,VERIFIED,CKYC_REGISTRY,N/A,EMP2074,2022-08-16
KYC60002,C1348,PAN_CARD,ABCXX79XXZ,VERIFIED,DIGILOCKER,N/A,EMP2085,2020-04-14
KYC60003,C1270,DRIVING_LICENSE,MH14XXXX9915,VERIFIED,CKYC_REGISTRY,N/A,EMP2005,2020-07-20
KYC60004,C1106,AADHAAR_CARD,XXXX-XXXX-1224,VERIFIED,DIGILOCKER,N/A,EMP2002,2025-01-16
KYC60005,C1071,PAN_CARD,ABCXX29XXQ,VERIFIED,CKYC_REGISTRY,N/A,EMP2022,2025-02-09
KYC60006,C1188,VOTER_ID,XYZXXXX239,PENDING_VERIFICATION,VIDEO_KYC,N/A,EMP2057,2025-06-19
KYC60007,C1020,PASSPORT,OXXXX100,PENDING_VERIFICATION,CKYC_REGISTRY,N/A,EMP2066,2023-07-13
KYC60008,C1102,DRIVING_LICENSE,MH14XXXX7233,VERIFIED,DIGILOCKER,N/A,EMP2074,2022-06-28
KYC60009,C1121,PAN_CARD,ABCXX23XXF,PENDING_VERIFICATION,VIDEO_KYC,N/A,EMP2098,2020-07-28
KYC60010,C1466,AADHAAR_CARD,XXXX-XXXX-2828,VERIFIED,BRANCH_PHYSICAL,N/A,EMP2016,2021-07-16
KYC60011,C1214,AADHAAR_CARD,XXXX-XXXX-2917,VERIFIED,DIGILOCKER,N/A,EMP2051,2024-04-12
KYC60012,C1330,DRIVING_LICENSE,MH14XXXX5234,VERIFIED,CKYC_REGISTRY,N/A,EMP2039,2022-02-09
KYC60013,C1458,PAN_CARD,ABCXX86XXK,VERIFIED,CKYC_REGISTRY,N/A,EMP2086,2021-09-20
KYC60014,C1087,PAN_CARD,ABCXX12XXA,VERIFIED,BRANCH_PHYSICAL,N/A,EMP2076,2024-06-16
KYC60015,C1372,PAN_CARD,ABCXX15XXR,PENDING_VERIFICATION,ONLINE_PORTAL,N/A,EMP2088,2024-08-28
KYC60016,C1099,PAN_CARD,ABCXX19XXE,VERIFIED,BRANCH_PHYSICAL,N/A,EMP2040,2021-01-21
KYC60017,C1359,AADHAAR_CARD,XXXX-XXXX-7038,VERIFIED,DIGILOCKER,N/A,EMP2038,2025-04-19
KYC60018,C1151,AADHAAR_CARD,XXXX-XXXX-3219,VERIFIED,BRANCH_PHYSICAL,N/A,EMP2060,2026-04-24
KYC60019,C1130,AADHAAR_CARD,XXXX-XXXX-8041,VERIFIED,DIGILOCKER,N/A,EMP2059,2023-01-09
KYC60020,C1149,VOTER_ID,XYZXXXX112,EXPIRED,CKYC_REGISTRY,DOCUMENT_EXPIRED_REKYC_REQUIRED,EMP2010,2020-09-24
KYC60021,C1308,DRIVING_LICENSE,MH14XXXX6287,VERIFIED,DIGILOCKER,N/A,EMP2099,2026-04-01
KYC60022,C1257,PAN_CARD,ABCXX11XXT,VERIFIED,ONLINE_PORTAL,N/A,EMP2064,2025-01-30
KYC60023,C1343,PAN_CARD,ABCXX74XXE,VERIFIED,CKYC_REGISTRY,N/A,EMP2063,2025-06-21
KYC60024,C1491,AADHAAR_CARD,XXXX-XXXX-3832,VERIFIED,BRANCH_PHYSICAL,N/A,EMP2049,2023-10-12
KYC60025,C1413,AADHAAR_CARD,XXXX-XXXX-3824,VERIFIED,CKYC_REGISTRY,N/A,EMP2064,2023-05-21
KYC60026,C1293,PAN_CARD,ABCXX84XXO,VERIFIED,DIGILOCKER,N/A,EMP2032,2021-07-27
KYC60027,C1385,PAN_CARD,ABCXX33XXF,VERIFIED,CKYC_REGISTRY,N/A,EMP2007,2020-02-18
KYC60028,C1191,PAN_CARD,ABCXX44XXQ,VERIFIED,DIGILOCKER,N/A,EMP2021,2023-02-24
KYC60029,C1443,VOTER_ID,XYZXXXX680,EXPIRED,BRANCH_PHYSICAL,DOCUMENT_EXPIRED_REKYC_REQUIRED,EMP2020,2020-08-10
KYC60030,C1276,PAN_CARD,ABCXX71XXL,VERIFIED,CKYC_REGISTRY,N/A,EMP2026,2023-12-02
KYC60031,C1160,PASSPORT,RXXXX433,VERIFIED,BRANCH_PHYSICAL,N/A,EMP2068,2024-03-08
KYC60032,C1459,AADHAAR_CARD,XXXX-XXXX-2908,REJECTED,BRANCH_PHYSICAL,NAME_MISMATCH_WITH_PAN,EMP2086,2024-12-24
KYC60033,C1313,PAN_CARD,ABCXX84XXI,VERIFIED,ONLINE_PORTAL,N/A,EMP2015,2026-05-13
KYC60034,C1021,AADHAAR_CARD,XXXX-XXXX-3635,REJECTED,CKYC_REGISTRY,IMAGE_BLURRY_UNREADABLE,EMP2085,2024-01-01
KYC60035,C1252,PAN_CARD,ABCXX44XXA,VERIFIED,DIGILOCKER,N/A,EMP2079,2023-02-04
KYC60036,C1235,AADHAAR_CARD,XXXX-XXXX-6415,VERIFIED,CKYC_REGISTRY,N/A,EMP2086,2024-08-08
KYC60037,C1344,PAN_CARD,ABCXX73XXV,VERIFIED,ONLINE_PORTAL,N/A,EMP2092,2021-01-09
KYC60038,C1048,PAN_CARD,ABCXX69XXH,VERIFIED,ONLINE_PORTAL,N/A,EMP2014,2025-10-21
KYC60039,C1474,AADHAAR_CARD,XXXX-XXXX-7413,VERIFIED,DIGILOCKER,N/A,EMP2027,2025-07-14
KYC60040,C1058,PAN_CARD,ABCXX69XXC,VERIFIED,VIDEO_KYC,N/A,EMP2040,2022-11-19
KYC60041,C1169,PAN_CARD,ABCXX94XXE,VERIFIED,DIGILOCKER,N/A,EMP2058,2025-03-04
KYC60042,C1475,AADHAAR_CARD,XXXX-XXXX-3898,VERIFIED,BRANCH_PHYSICAL,N/A,EMP2028,2024-12-28
KYC60043,C1187,PAN_CARD,ABCXX87XXZ,VERIFIED,CKYC_REGISTRY,N/A,EMP2026,2024-01-14
KYC60044,C1463,VOTER_ID,XYZXXXX673,PENDING_VERIFICATION,BRANCH_PHYSICAL,N/A,EMP2063,2026-02-20
KYC60045,C1270,PAN_CARD,ABCXX13XXY,EXPIRED,CKYC_REGISTRY,DOCUMENT_EXPIRED_REKYC_REQUIRED,EMP2066,2023-03-25
KYC60046,C1189,AADHAAR_CARD,XXXX-XXXX-2065,EXPIRED,VIDEO_KYC,DOCUMENT_EXPIRED_REKYC_REQUIRED,EMP2025,2022-11-30
KYC60047,C1445,AADHAAR_CARD,XXXX-XXXX-3136,VERIFIED,BRANCH_PHYSICAL,N/A,EMP2003,2025-09-01
KYC60048,C1174,AADHAAR_CARD,XXXX-XXXX-7943,VERIFIED,BRANCH_PHYSICAL,N/A,EMP2072,2020-12-25
KYC60049,C1445,PAN_CARD,ABCXX60XXF,VERIFIED,CKYC_REGISTRY,N/A,EMP2044,2025-08-03
KYC60050,C1050,PAN_CARD,ABCXX32XXO,VERIFIED,CKYC_REGISTRY,N/A,EMP2097,2023-02-15
KYC60051,C1363,DRIVING_LICENSE,MH14XXXX3712,VERIFIED,CKYC_REGISTRY,N/A,EMP2042,2024-06-23
KYC60052,C1054,VOTER_ID,XYZXXXX244,VERIFIED,DIGILOCKER,N/A,EMP2099,2023-11-04
KYC60053,C1243,VOTER_ID,XYZXXXX324,VERIFIED,CKYC_REGISTRY,N/A,EMP2006,2025-04-27
KYC60054,C1319,PAN_CARD,ABCXX75XXN,VERIFIED,ONLINE_PORTAL,N/A,EMP2039,2021-11-09
KYC60055,C1130,PAN_CARD,ABCXX62XXH,VERIFIED,DIGILOCKER,N/A,EMP2052,2020-01-07
KYC60056,C1484,PAN_CARD,ABCXX60XXG,VERIFIED,CKYC_REGISTRY,N/A,EMP2023,2024-05-10
KYC60057,C1306,AADHAAR_CARD,XXXX-XXXX-2970,VERIFIED,DIGILOCKER,N/A,EMP2089,2022-04-12
KYC60058,C1134,PAN_CARD,ABCXX79XXF,EXPIRED,DIGILOCKER,DOCUMENT_EXPIRED_REKYC_REQUIRED,EMP2050,2024-12-15
KYC60059,C1020,VOTER_ID,XYZXXXX678,VERIFIED,BRANCH_PHYSICAL,N/A,EMP2043,2022-07-02
KYC60060,C1328,PAN_CARD,ABCXX16XXS,VERIFIED,DIGILOCKER,N/A,EMP2019,2025-07-04
KYC60061,C1166,DRIVING_LICENSE,MH14XXXX9135,VERIFIED,VIDEO_KYC,N/A,EMP2069,2023-12-13
KYC60062,C1273,AADHAAR_CARD,XXXX-XXXX-6567,VERIFIED,DIGILOCKER,N/A,EMP2051,2023-12-21
KYC60063,C1387,VOTER_ID,XYZXXXX599,VERIFIED,ONLINE_PORTAL,N/A,EMP2011,2024-02-11
KYC60064,C1088,PAN_CARD,ABCXX24XXO,VERIFIED,VIDEO_KYC,N/A,EMP2012,2020-05-05
KYC60065,C1315,AADHAAR_CARD,XXXX-XXXX-6788,VERIFIED,CKYC_REGISTRY,N/A,EMP2074,2022-03-27
KYC60066,C1013,AADHAAR_CARD,XXXX-XXXX-6408,VERIFIED,ONLINE_PORTAL,N/A,EMP2008,2025-01-03
KYC60067,C1241,PAN_CARD,ABCXX36XXD,VERIFIED,CKYC_REGISTRY,N/A,EMP2024,2021-07-29
KYC60068,C1264,PAN_CARD,ABCXX38XXF,VERIFIED,VIDEO_KYC,N/A,EMP2092,2023-11-16
KYC60069,C1345,DRIVING_LICENSE,MH14XXXX2120,EXPIRED,DIGILOCKER,DOCUMENT_EXPIRED_REKYC_REQUIRED,EMP2041,2022-07-18
KYC60070,C1052,PASSPORT,EXXXX510,VERIFIED,VIDEO_KYC,N/A,EMP2036,2024-01-03
KYC60071,C1385,PAN_CARD,ABCXX64XXA,VERIFIED,VIDEO_KYC,N/A,EMP2085,2022-04-12
KYC60072,C1339,AADHAAR_CARD,XXXX-XXXX-6373,REJECTED,VIDEO_KYC,EXPIRED_DOCUMENT,EMP2072,2022-11-20
KYC60073,C1091,AADHAAR_CARD,XXXX-XXXX-3243,VERIFIED,BRANCH_PHYSICAL,N/A,EMP2055,2024-07-06
KYC60074,C1366,PASSPORT,VXXXX933,VERIFIED,CKYC_REGISTRY,N/A,EMP2009,2025-03-15
KYC60075,C1443,PAN_CARD,ABCXX19XXE,VERIFIED,CKYC_REGISTRY,N/A,EMP2047,2023-12-28
KYC60076,C1454,PAN_CARD,ABCXX83XXA,VERIFIED,DIGILOCKER,N/A,EMP2015,2023-10-31
KYC60077,C1427,PAN_CARD,ABCXX47XXM,EXPIRED,CKYC_REGISTRY,DOCUMENT_EXPIRED_REKYC_REQUIRED,EMP2048,2021-03-18
KYC60078,C1263,AADHAAR_CARD,XXXX-XXXX-8326,VERIFIED,BRANCH_PHYSICAL,N/A,EMP2082,2025-10-23
KYC60079,C1430,AADHAAR_CARD,XXXX-XXXX-7371,PENDING_VERIFICATION,CKYC_REGISTRY,N/A,EMP2042,2021-07-10
KYC60080,C1034,PAN_CARD,ABCXX97XXT,VERIFIED,ONLINE_PORTAL,N/A,EMP2060,2023-03-24
KYC60081,C1205,VOTER_ID,XYZXXXX795,VERIFIED,BRANCH_PHYSICAL,N/A,EMP2084,2025-07-30
KYC60082,C1080,AADHAAR_CARD,XXXX-XXXX-4228,VERIFIED,VIDEO_KYC,N/A,EMP2070,2020-12-28
KYC60083,C1419,PAN_CARD,ABCXX17XXE,VERIFIED,CKYC_REGISTRY,N/A,EMP2012,2023-06-11
KYC60084,C1049,PAN_CARD,ABCXX38XXO,VERIFIED,VIDEO_KYC,N/A,EMP2002,2025-01-15
KYC60085,C1359,PAN_CARD,ABCXX77XXL,PENDING_VERIFICATION,ONLINE_PORTAL,N/A,EMP2007,2026-04-28
KYC60086,C1387,DRIVING_LICENSE,MH14XXXX4756,VERIFIED,DIGILOCKER,N/A,EMP2080,2025-01-24
KYC60087,C1001,AADHAAR_CARD,XXXX-XXXX-5225,EXPIRED,BRANCH_PHYSICAL,DOCUMENT_EXPIRED_REKYC_REQUIRED,EMP2003,2025-12-12
KYC60088,C1389,AADHAAR_CARD,XXXX-XXXX-1094,VERIFIED,BRANCH_PHYSICAL,N/A,EMP2003,2022-06-29
KYC60089,C1053,AADHAAR_CARD,XXXX-XXXX-3674,PENDING_VERIFICATION,CKYC_REGISTRY,N/A,EMP2027,2020-09-01
KYC60090,C1105,AADHAAR_CARD,XXXX-XXXX-7898,VERIFIED,DIGILOCKER,N/A,EMP2040,2021-06-25
KYC60091,C1259,PASSPORT,DXXXX391,VERIFIED,DIGILOCKER,N/A,EMP2033,2025-12-09
KYC60092,C1309,PAN_CARD,ABCXX35XXK,PENDING_VERIFICATION,CKYC_REGISTRY,N/A,EMP2092,2025-12-12
KYC60093,C1476,AADHAAR_CARD,XXXX-XXXX-3116,VERIFIED,DIGILOCKER,N/A,EMP2001,2024-04-21
KYC60094,C1190,PAN_CARD,ABCXX29XXK,VERIFIED,CKYC_REGISTRY,N/A,EMP2008,2026-01-26
KYC60095,C1401,PAN_CARD,ABCXX83XXH,VERIFIED,CKYC_REGISTRY,N/A,EMP2032,2020-05-03
KYC60096,C1217,PAN_CARD,ABCXX47XXF,VERIFIED,CKYC_REGISTRY,N/A,EMP2048,2024-09-27
KYC60097,C1043,PAN_CARD,ABCXX81XXW,REJECTED,ONLINE_PORTAL,EXPIRED_DOCUMENT,EMP2004,2022-02-24
KYC60098,C1161,PAN_CARD,ABCXX56XXZ,VERIFIED,DIGILOCKER,N/A,EMP2094,2025-08-05
KYC60099,C1201,PAN_CARD,ABCXX55XXK,VERIFIED,ONLINE_PORTAL,N/A,EMP2070,2026-02-26
KYC60100,C1445,DRIVING_LICENSE,MH14XXXX3443,VERIFIED,DIGILOCKER,N/A,EMP2019,2022-03-07
KYC60101,C1483,PAN_CARD,ABCXX22XXH,VERIFIED,CKYC_REGISTRY,N/A,EMP2032,2020-03-17
KYC60102,C1269,PAN_CARD,ABCXX71XXR,VERIFIED,DIGILOCKER,N/A,EMP2009,2020-02-28
KYC60103,C1350,PASSPORT,YXXXX722,VERIFIED,DIGILOCKER,N/A,EMP2012,2024-03-03
KYC60104,C1303,PASSPORT,HXXXX927,VERIFIED,CKYC_REGISTRY,N/A,EMP2011,2025-04-20
KYC60105,C1270,PAN_CARD,ABCXX52XXL,VERIFIED,BRANCH_PHYSICAL,N/A,EMP2046,2025-11-26
KYC60106,C1455,AADHAAR_CARD,XXXX-XXXX-8147,VERIFIED,CKYC_REGISTRY,N/A,EMP2016,2023-07-25
KYC60107,C1461,AADHAAR_CARD,XXXX-XXXX-5451,VERIFIED,BRANCH_PHYSICAL,N/A,EMP2001,2020-03-08
KYC60108,C1214,PAN_CARD,ABCXX77XXE,VERIFIED,BRANCH_PHYSICAL,N/A,EMP2063,2025-04-16
KYC60109,C1251,DRIVING_LICENSE,MH14XXXX4876,VERIFIED,CKYC_REGISTRY,N/A,EMP2021,2020-12-30
KYC60110,C1189,VOTER_ID,XYZXXXX939,VERIFIED,CKYC_REGISTRY,N/A,EMP2030,2022-03-31
KYC60111,C1295,PAN_CARD,ABCXX40XXZ,VERIFIED,BRANCH_PHYSICAL,N/A,EMP2013,2023-11-03
KYC60112,C1212,PAN_CARD,ABCXX18XXV,VERIFIED,DIGILOCKER,N/A,EMP2034,2022-08-04
KYC60113,C1207,DRIVING_LICENSE,MH14XXXX5146,VERIFIED,CKYC_REGISTRY,N/A,EMP2004,2024-04-26
KYC60114,C1236,AADHAAR_CARD,XXXX-XXXX-8196,VERIFIED,ONLINE_PORTAL,N/A,EMP2028,2023-10-09
KYC60115,C1337,AADHAAR_CARD,XXXX-XXXX-4368,VERIFIED,CKYC_REGISTRY,N/A,EMP2095,2023-12-10
KYC60116,C1366,AADHAAR_CARD,XXXX-XXXX-4797,VERIFIED,BRANCH_PHYSICAL,N/A,EMP2059,2022-01-31
KYC60117,C1052,AADHAAR_CARD,XXXX-XXXX-2792,VERIFIED,ONLINE_PORTAL,N/A,EMP2027,2020-12-06
KYC60118,C1279,DRIVING_LICENSE,MH14XXXX6732,VERIFIED,CKYC_REGISTRY,N/A,EMP2069,2021-01-17
KYC60119,C1409,DRIVING_LICENSE,MH14XXXX4476,VERIFIED,CKYC_REGISTRY,N/A,EMP2025,2022-09-30
KYC60120,C1216,VOTER_ID,XYZXXXX445,PENDING_VERIFICATION,CKYC_REGISTRY,N/A,EMP2003,2024-04-05
KYC60121,C1251,AADHAAR_CARD,XXXX-XXXX-2645,VERIFIED,CKYC_REGISTRY,N/A,EMP2097,2020-10-26
KYC60122,C1187,PASSPORT,DXXXX281,VERIFIED,CKYC_REGISTRY,N/A,EMP2068,2020-05-18
KYC60123,C1379,AADHAAR_CARD,XXXX-XXXX-4030,VERIFIED,BRANCH_PHYSICAL,N/A,EMP2025,2020-12-24
KYC60124,C1492,AADHAAR_CARD,XXXX-XXXX-3872,VERIFIED,CKYC_REGISTRY,N/A,EMP2020,2022-04-15
KYC60125,C1040,PAN_CARD,ABCXX10XXV,VERIFIED,DIGILOCKER,N/A,EMP2034,2024-03-02
KYC60126,C1156,PASSPORT,WXXXX470,EXPIRED,ONLINE_PORTAL,DOCUMENT_EXPIRED_REKYC_REQUIRED,EMP2026,2024-06-15
KYC60127,C1014,VOTER_ID,XYZXXXX760,VERIFIED,VIDEO_KYC,N/A,EMP2005,2025-06-05
KYC60128,C1300,AADHAAR_CARD,XXXX-XXXX-8112,VERIFIED,BRANCH_PHYSICAL,N/A,EMP2099,2023-07-27
KYC60129,C1064,VOTER_ID,XYZXXXX408,VERIFIED,CKYC_REGISTRY,N/A,EMP2061,2022-06-27
KYC60130,C1344,AADHAAR_CARD,XXXX-XXXX-9393,VERIFIED,BRANCH_PHYSICAL,N/A,EMP2092,2023-02-08
KYC60131,C1326,PAN_CARD,ABCXX61XXY,VERIFIED,DIGILOCKER,N/A,EMP2093,2025-12-26
KYC60132,C1008,PAN_CARD,ABCXX35XXI,VERIFIED,DIGILOCKER,N/A,EMP2009,2022-09-22
KYC60133,C1343,PAN_CARD,ABCXX44XXT,VERIFIED,CKYC_REGISTRY,N/A,EMP2050,2026-05-09
KYC60134,C1128,AADHAAR_CARD,XXXX-XXXX-1536,VERIFIED,VIDEO_KYC,N/A,EMP2006,2025-11-21
KYC60135,C1491,PAN_CARD,ABCXX84XXF,VERIFIED,DIGILOCKER,N/A,EMP2083,2023-05-22
KYC60136,C1135,AADHAAR_CARD,XXXX-XXXX-9577,VERIFIED,CKYC_REGISTRY,N/A,EMP2060,2024-11-19
KYC60137,C1471,PAN_CARD,ABCXX16XXR,VERIFIED,DIGILOCKER,N/A,EMP2044,2020-06-13
KYC60138,C1062,AADHAAR_CARD,XXXX-XXXX-9666,VERIFIED,DIGILOCKER,N/A,EMP2011,2022-09-25
KYC60139,C1138,AADHAAR_CARD,XXXX-XXXX-9609,VERIFIED,VIDEO_KYC,N/A,EMP2066,2023-07-31
KYC60140,C1498,AADHAAR_CARD,XXXX-XXXX-7490,VERIFIED,BRANCH_PHYSICAL,N/A,EMP2047,2021-10-18
KYC60141,C1080,PAN_CARD,ABCXX26XXK,VERIFIED,BRANCH_PHYSICAL,N/A,EMP2073,2026-01-20
KYC60142,C1391,PAN_CARD,ABCXX68XXL,VERIFIED,CKYC_REGISTRY,N/A,EMP2085,2025-03-24
KYC60143,C1162,AADHAAR_CARD,XXXX-XXXX-2205,VERIFIED,DIGILOCKER,N/A,EMP2088,2025-08-08
KYC60144,C1418,AADHAAR_CARD,XXXX-XXXX-2990,VERIFIED,DIGILOCKER,N/A,EMP2098,2025-10-12
KYC60145,C1288,PAN_CARD,ABCXX61XXF,VERIFIED,CKYC_REGISTRY,N/A,EMP2086,2023-02-14
KYC60146,C1378,DRIVING_LICENSE,MH14XXXX4572,VERIFIED,CKYC_REGISTRY,N/A,EMP2003,2025-03-04
KYC60147,C1260,PAN_CARD,ABCXX97XXA,VERIFIED,BRANCH_PHYSICAL,N/A,EMP2076,2020-09-23
KYC60148,C1489,AADHAAR_CARD,XXXX-XXXX-7320,VERIFIED,CKYC_REGISTRY,N/A,EMP2092,2025-01-19
KYC60149,C1230,DRIVING_LICENSE,MH14XXXX5380,VERIFIED,DIGILOCKER,N/A,EMP2030,2024-09-04
KYC60150,C1040,AADHAAR_CARD,XXXX-XXXX-5757,REJECTED,CKYC_REGISTRY,ADDRESS_PROOF_INVALID,EMP2090,2026-04-12
KYC60151,C1027,AADHAAR_CARD,XXXX-XXXX-3713,VERIFIED,CKYC_REGISTRY,N/A,EMP2021,2024-02-19
KYC60152,C1134,AADHAAR_CARD,XXXX-XXXX-6588,VERIFIED,CKYC_REGISTRY,N/A,EMP2028,2021-04-20
KYC60153,C1200,AADHAAR_CARD,XXXX-XXXX-1966,VERIFIED,ONLINE_PORTAL,N/A,EMP2090,2022-09-03
KYC60154,C1327,PASSPORT,QXXXX183,PENDING_VERIFICATION,VIDEO_KYC,N/A,EMP2062,2023-04-22
KYC60155,C1267,PAN_CARD,ABCXX58XXT,VERIFIED,ONLINE_PORTAL,N/A,EMP2033,2022-11-09
KYC60156,C1417,PAN_CARD,ABCXX95XXH,VERIFIED,DIGILOCKER,N/A,EMP2085,2025-05-14
KYC60157,C1032,AADHAAR_CARD,XXXX-XXXX-7704,VERIFIED,CKYC_REGISTRY,N/A,EMP2035,2021-07-11
KYC60158,C1047,VOTER_ID,XYZXXXX426,VERIFIED,DIGILOCKER,N/A,EMP2052,2022-10-14
KYC60159,C1406,AADHAAR_CARD,XXXX-XXXX-2759,VERIFIED,DIGILOCKER,N/A,EMP2034,2024-05-24
KYC60160,C1061,PAN_CARD,ABCXX22XXW,PENDING_VERIFICATION,VIDEO_KYC,N/A,EMP2041,2022-06-01
KYC60161,C1215,AADHAAR_CARD,XXXX-XXXX-3482,VERIFIED,CKYC_REGISTRY,N/A,EMP2051,2026-01-03
KYC60162,C1292,PASSPORT,XXXXX822,VERIFIED,DIGILOCKER,N/A,EMP2047,2021-10-27
KYC60163,C1098,PAN_CARD,ABCXX71XXQ,VERIFIED,CKYC_REGISTRY,N/A,EMP2082,2024-11-06
KYC60164,C1171,AADHAAR_CARD,XXXX-XXXX-5524,VERIFIED,CKYC_REGISTRY,N/A,EMP2058,2022-05-13
KYC60165,C1359,AADHAAR_CARD,XXXX-XXXX-9477,VERIFIED,BRANCH_PHYSICAL,N/A,EMP2075,2021-08-04
KYC60166,C1213,AADHAAR_CARD,XXXX-XXXX-8311,VERIFIED,DIGILOCKER,N/A,EMP2057,2021-11-25
KYC60167,C1474,AADHAAR_CARD,XXXX-XXXX-8186,VERIFIED,DIGILOCKER,N/A,EMP2023,2023-06-05
KYC60168,C1034,PAN_CARD,ABCXX27XXA,VERIFIED,DIGILOCKER,N/A,EMP2048,2024-05-29
KYC60169,C1448,PAN_CARD,ABCXX87XXS,VERIFIED,DIGILOCKER,N/A,EMP2022,2023-05-24
KYC60170,C1226,PAN_CARD,ABCXX56XXR,VERIFIED,BRANCH_PHYSICAL,N/A,EMP2017,2021-02-02
KYC60171,C1100,DRIVING_LICENSE,MH14XXXX7645,PENDING_VERIFICATION,VIDEO_KYC,N/A,EMP2069,2025-04-30
KYC60172,C1430,VOTER_ID,XYZXXXX212,VERIFIED,ONLINE_PORTAL,N/A,EMP2011,2021-12-15
KYC60173,C1461,AADHAAR_CARD,XXXX-XXXX-6797,EXPIRED,BRANCH_PHYSICAL,DOCUMENT_EXPIRED_REKYC_REQUIRED,EMP2094,2021-12-04
KYC60174,C1130,DRIVING_LICENSE,MH14XXXX5926,VERIFIED,CKYC_REGISTRY,N/A,EMP2015,2024-09-10
KYC60175,C1256,AADHAAR_CARD,XXXX-XXXX-7016,VERIFIED,BRANCH_PHYSICAL,N/A,EMP2091,2025-05-26
KYC60176,C1004,AADHAAR_CARD,XXXX-XXXX-4335,VERIFIED,DIGILOCKER,N/A,EMP2035,2020-03-22
KYC60177,C1217,AADHAAR_CARD,XXXX-XXXX-9038,VERIFIED,CKYC_REGISTRY,N/A,EMP2033,2021-08-26
KYC60178,C1254,PAN_CARD,ABCXX12XXJ,VERIFIED,VIDEO_KYC,N/A,EMP2084,2025-05-24
KYC60179,C1397,PAN_CARD,ABCXX83XXS,VERIFIED,CKYC_REGISTRY,N/A,EMP2016,2024-09-06
KYC60180,C1358,AADHAAR_CARD,XXXX-XXXX-7305,VERIFIED,VIDEO_KYC,N/A,EMP2034,2025-08-08
KYC60181,C1282,AADHAAR_CARD,XXXX-XXXX-4451,VERIFIED,DIGILOCKER,N/A,EMP2066,2022-06-21
KYC60182,C1392,PAN_CARD,ABCXX96XXW,EXPIRED,BRANCH_PHYSICAL,DOCUMENT_EXPIRED_REKYC_REQUIRED,EMP2099,2020-12-30
KYC60183,C1206,DRIVING_LICENSE,MH14XXXX8643,EXPIRED,BRANCH_PHYSICAL,DOCUMENT_EXPIRED_REKYC_REQUIRED,EMP2040,2020-06-11
KYC60184,C1014,PASSPORT,RXXXX490,VERIFIED,VIDEO_KYC,N/A,EMP2028,2025-02-06
KYC60185,C1345,PAN_CARD,ABCXX17XXA,VERIFIED,BRANCH_PHYSICAL,N/A,EMP2047,2020-04-25
KYC60186,C1041,DRIVING_LICENSE,MH14XXXX6954,VERIFIED,BRANCH_PHYSICAL,N/A,EMP2039,2022-05-30
KYC60187,C1379,DRIVING_LICENSE,MH14XXXX9519,VERIFIED,CKYC_REGISTRY,N/A,EMP2070,2022-04-19
KYC60188,C1460,DRIVING_LICENSE,MH14XXXX8221,VERIFIED,DIGILOCKER,N/A,EMP2073,2026-01-03
KYC60189,C1178,PAN_CARD,ABCXX76XXS,VERIFIED,CKYC_REGISTRY,N/A,EMP2020,2023-09-08
KYC60190,C1062,PASSPORT,AXXXX703,VERIFIED,BRANCH_PHYSICAL,N/A,EMP2001,2022-11-02
KYC60191,C1351,AADHAAR_CARD,XXXX-XXXX-4054,PENDING_VERIFICATION,DIGILOCKER,N/A,EMP2072,2022-07-31
KYC60192,C1230,PASSPORT,HXXXX517,VERIFIED,BRANCH_PHYSICAL,N/A,EMP2087,2024-09-20
KYC60193,C1240,DRIVING_LICENSE,MH14XXXX8970,VERIFIED,CKYC_REGISTRY,N/A,EMP2063,2026-05-23
KYC60194,C1051,AADHAAR_CARD,XXXX-XXXX-3143,VERIFIED,CKYC_REGISTRY,N/A,EMP2067,2023-02-11
KYC60195,C1095,VOTER_ID,XYZXXXX187,VERIFIED,BRANCH_PHYSICAL,N/A,EMP2004,2020-01-22
KYC60196,C1387,VOTER_ID,XYZXXXX177,VERIFIED,CKYC_REGISTRY,N/A,EMP2058,2024-10-15
KYC60197,C1221,VOTER_ID,XYZXXXX387,EXPIRED,CKYC_REGISTRY,DOCUMENT_EXPIRED_REKYC_REQUIRED,EMP2025,2021-11-13
KYC60198,C1484,AADHAAR_CARD,XXXX-XXXX-3538,VERIFIED,CKYC_REGISTRY,N/A,EMP2047,2025-01-07
KYC60199,C1406,PAN_CARD,ABCXX25XXD,PENDING_VERIFICATION,ONLINE_PORTAL,N/A,EMP2038,2020-05-05
KYC60200,C1230,AADHAAR_CARD,XXXX-XXXX-6619,VERIFIED,BRANCH_PHYSICAL,N/A,EMP2015,2020-10-03
KYC60201,C1236,VOTER_ID,XYZXXXX264,VERIFIED,DIGILOCKER,N/A,EMP2063,2025-06-22
KYC60202,C1142,PAN_CARD,ABCXX63XXU,VERIFIED,CKYC_REGISTRY,N/A,EMP2021,2023-05-12
KYC60203,C1170,AADHAAR_CARD,XXXX-XXXX-6005,VERIFIED,CKYC_REGISTRY,N/A,EMP2099,2026-02-19
KYC60204,C1028,PAN_CARD,ABCXX64XXP,PENDING_VERIFICATION,BRANCH_PHYSICAL,N/A,EMP2057,2021-11-26
KYC60205,C1035,AADHAAR_CARD,XXXX-XXXX-7150,REJECTED,BRANCH_PHYSICAL,ADDRESS_PROOF_INVALID,EMP2053,2023-08-02
KYC60206,C1012,VOTER_ID,XYZXXXX429,VERIFIED,CKYC_REGISTRY,N/A,EMP2046,2020-02-26
KYC60207,C1159,VOTER_ID,XYZXXXX874,VERIFIED,CKYC_REGISTRY,N/A,EMP2014,2020-01-19
KYC60208,C1326,PAN_CARD,ABCXX42XXW,VERIFIED,CKYC_REGISTRY,N/A,EMP2100,2026-04-30
KYC60209,C1186,VOTER_ID,XYZXXXX184,REJECTED,BRANCH_PHYSICAL,ADDRESS_PROOF_INVALID,EMP2076,2020-04-22
KYC60210,C1242,AADHAAR_CARD,XXXX-XXXX-5242,VERIFIED,BRANCH_PHYSICAL,N/A,EMP2017,2021-06-25
KYC60211,C1085,AADHAAR_CARD,XXXX-XXXX-4695,VERIFIED,CKYC_REGISTRY,N/A,EMP2039,2021-08-01
KYC60212,C1283,PASSPORT,SXXXX647,VERIFIED,CKYC_REGISTRY,N/A,EMP2009,2022-12-24
KYC60213,C1065,AADHAAR_CARD,XXXX-XXXX-2308,VERIFIED,CKYC_REGISTRY,N/A,EMP2099,2020-01-25
KYC60214,C1169,AADHAAR_CARD,XXXX-XXXX-5177,VERIFIED,ONLINE_PORTAL,N/A,EMP2077,2024-04-21
KYC60215,C1044,PASSPORT,BXXXX996,VERIFIED,CKYC_REGISTRY,N/A,EMP2079,2025-08-10
KYC60216,C1061,PAN_CARD,ABCXX56XXE,REJECTED,BRANCH_PHYSICAL,IMAGE_BLURRY_UNREADABLE,EMP2082,2024-04-21
KYC60217,C1440,PAN_CARD,ABCXX29XXK,VERIFIED,BRANCH_PHYSICAL,N/A,EMP2097,2020-05-20
KYC60218,C1133,AADHAAR_CARD,XXXX-XXXX-5841,VERIFIED,DIGILOCKER,N/A,EMP2006,2024-11-02
KYC60219,C1283,PAN_CARD,ABCXX11XXC,EXPIRED,CKYC_REGISTRY,DOCUMENT_EXPIRED_REKYC_REQUIRED,EMP2091,2021-10-09
KYC60220,C1027,AADHAAR_CARD,XXXX-XXXX-5566,VERIFIED,CKYC_REGISTRY,N/A,EMP2023,2026-02-13
KYC60221,C1107,AADHAAR_CARD,XXXX-XXXX-5491,PENDING_VERIFICATION,BRANCH_PHYSICAL,N/A,EMP2059,2020-07-19
KYC60222,C1043,PASSPORT,TXXXX360,VERIFIED,BRANCH_PHYSICAL,N/A,EMP2091,2020-09-13
KYC60223,C1339,PASSPORT,EXXXX355,VERIFIED,BRANCH_PHYSICAL,N/A,EMP2098,2021-06-30
KYC60224,C1285,VOTER_ID,XYZXXXX833,PENDING_VERIFICATION,DIGILOCKER,N/A,EMP2046,2026-02-19
KYC60225,C1445,PASSPORT,IXXXX325,VERIFIED,CKYC_REGISTRY,N/A,EMP2038,2022-03-12
KYC60226,C1330,AADHAAR_CARD,XXXX-XXXX-8083,VERIFIED,ONLINE_PORTAL,N/A,EMP2014,2022-07-30
KYC60227,C1127,PAN_CARD,ABCXX95XXL,VERIFIED,BRANCH_PHYSICAL,N/A,EMP2100,2021-02-17
KYC60228,C1347,AADHAAR_CARD,XXXX-XXXX-3679,VERIFIED,CKYC_REGISTRY,N/A,EMP2072,2025-07-07
KYC60229,C1472,AADHAAR_CARD,XXXX-XXXX-3106,VERIFIED,ONLINE_PORTAL,N/A,EMP2062,2023-10-13
KYC60230,C1230,PAN_CARD,ABCXX96XXQ,VERIFIED,BRANCH_PHYSICAL,N/A,EMP2035,2023-01-03
KYC60231,C1189,AADHAAR_CARD,XXXX-XXXX-4186,EXPIRED,DIGILOCKER,DOCUMENT_EXPIRED_REKYC_REQUIRED,EMP2019,2022-06-28
KYC60232,C1224,AADHAAR_CARD,XXXX-XXXX-3573,VERIFIED,BRANCH_PHYSICAL,N/A,EMP2030,2020-07-06
KYC60233,C1384,PASSPORT,IXXXX651,VERIFIED,VIDEO_KYC,N/A,EMP2078,2025-07-08
KYC60234,C1376,DRIVING_LICENSE,MH14XXXX5033,VERIFIED,BRANCH_PHYSICAL,N/A,EMP2084,2023-08-06
KYC60235,C1282,AADHAAR_CARD,XXXX-XXXX-9428,VERIFIED,CKYC_REGISTRY,N/A,EMP2025,2025-09-23
KYC60236,C1445,PAN_CARD,ABCXX34XXG,VERIFIED,CKYC_REGISTRY,N/A,EMP2040,2025-10-31
KYC60237,C1120,PAN_CARD,ABCXX82XXV,EXPIRED,ONLINE_PORTAL,DOCUMENT_EXPIRED_REKYC_REQUIRED,EMP2088,2023-02-20
KYC60238,C1115,DRIVING_LICENSE,MH14XXXX2301,VERIFIED,CKYC_REGISTRY,N/A,EMP2014,2020-12-23
KYC60239,C1460,VOTER_ID,XYZXXXX334,VERIFIED,DIGILOCKER,N/A,EMP2026,2024-03-31
KYC60240,C1232,PAN_CARD,ABCXX13XXZ,VERIFIED,DIGILOCKER,N/A,EMP2087,2022-12-25
KYC60241,C1258,AADHAAR_CARD,XXXX-XXXX-9633,VERIFIED,DIGILOCKER,N/A,EMP2022,2024-08-07
KYC60242,C1358,PAN_CARD,ABCXX38XXM,VERIFIED,BRANCH_PHYSICAL,N/A,EMP2048,2020-06-10
KYC60243,C1197,PAN_CARD,ABCXX96XXE,VERIFIED,ONLINE_PORTAL,N/A,EMP2083,2021-03-25
KYC60244,C1455,PAN_CARD,ABCXX84XXF,PENDING_VERIFICATION,CKYC_REGISTRY,N/A,EMP2051,2024-02-06
KYC60245,C1410,PAN_CARD,ABCXX27XXU,VERIFIED,CKYC_REGISTRY,N/A,EMP2003,2022-11-02
KYC60246,C1136,DRIVING_LICENSE,MH14XXXX6475,VERIFIED,CKYC_REGISTRY,N/A,EMP2042,2026-02-09
KYC60247,C1317,AADHAAR_CARD,XXXX-XXXX-9232,VERIFIED,VIDEO_KYC,N/A,EMP2019,2025-11-28
KYC60248,C1164,AADHAAR_CARD,XXXX-XXXX-8184,VERIFIED,BRANCH_PHYSICAL,N/A,EMP2073,2025-05-04
KYC60249,C1224,PASSPORT,EXXXX252,VERIFIED,CKYC_REGISTRY,N/A,EMP2028,2023-08-06
KYC60250,C1306,VOTER_ID,XYZXXXX477,VERIFIED,VIDEO_KYC,N/A,EMP2084,2026-05-31
KYC60251,C1233,DRIVING_LICENSE,MH14XXXX2622,VERIFIED,VIDEO_KYC,N/A,EMP2045,2023-05-23
KYC60252,C1171,PAN_CARD,ABCXX95XXU,VERIFIED,VIDEO_KYC,N/A,EMP2071,2022-08-31
KYC60253,C1151,AADHAAR_CARD,XXXX-XXXX-3074,VERIFIED,VIDEO_KYC,N/A,EMP2078,2021-09-23
KYC60254,C1462,PAN_CARD,ABCXX66XXF,VERIFIED,CKYC_REGISTRY,N/A,EMP2063,2024-05-09
KYC60255,C1314,PAN_CARD,ABCXX49XXB,PENDING_VERIFICATION,BRANCH_PHYSICAL,N/A,EMP2073,2022-11-16
KYC60256,C1373,PAN_CARD,ABCXX21XXM,VERIFIED,DIGILOCKER,N/A,EMP2019,2024-05-07
KYC60257,C1159,AADHAAR_CARD,XXXX-XXXX-7136,VERIFIED,VIDEO_KYC,N/A,EMP2047,2024-08-20
KYC60258,C1095,AADHAAR_CARD,XXXX-XXXX-9646,PENDING_VERIFICATION,BRANCH_PHYSICAL,N/A,EMP2014,2021-03-12
KYC60259,C1471,PAN_CARD,ABCXX19XXM,VERIFIED,BRANCH_PHYSICAL,N/A,EMP2038,2024-04-05
KYC60260,C1232,PAN_CARD,ABCXX26XXZ,VERIFIED,BRANCH_PHYSICAL,N/A,EMP2053,2022-12-12
KYC60261,C1179,AADHAAR_CARD,XXXX-XXXX-4028,VERIFIED,CKYC_REGISTRY,N/A,EMP2061,2023-07-28
KYC60262,C1112,PAN_CARD,ABCXX71XXZ,VERIFIED,DIGILOCKER,N/A,EMP2036,2025-09-09
KYC60263,C1317,AADHAAR_CARD,XXXX-XXXX-4629,VERIFIED,ONLINE_PORTAL,N/A,EMP2040,2020-07-01
KYC60264,C1496,PAN_CARD,ABCXX73XXB,REJECTED,ONLINE_PORTAL,IMAGE_BLURRY_UNREADABLE,EMP2081,2024-01-09
KYC60265,C1441,PAN_CARD,ABCXX63XXK,VERIFIED,CKYC_REGISTRY,N/A,EMP2030,2024-01-19
KYC60266,C1051,AADHAAR_CARD,XXXX-XXXX-3866,VERIFIED,CKYC_REGISTRY,N/A,EMP2009,2024-05-08
KYC60267,C1267,AADHAAR_CARD,XXXX-XXXX-5788,VERIFIED,CKYC_REGISTRY,N/A,EMP2064,2024-05-06
KYC60268,C1294,PAN_CARD,ABCXX45XXS,REJECTED,BRANCH_PHYSICAL,ADDRESS_PROOF_INVALID,EMP2033,2021-10-21
KYC60269,C1385,PAN_CARD,ABCXX35XXU,VERIFIED,VIDEO_KYC,N/A,EMP2052,2020-06-08
KYC60270,C1386,PAN_CARD,ABCXX20XXH,VERIFIED,CKYC_REGISTRY,N/A,EMP2089,2022-10-08
KYC60271,C1112,DRIVING_LICENSE,MH14XXXX8679,VERIFIED,DIGILOCKER,N/A,EMP2014,2020-02-22
KYC60272,C1100,AADHAAR_CARD,XXXX-XXXX-7819,VERIFIED,VIDEO_KYC,N/A,EMP2075,2022-11-11
KYC60273,C1112,AADHAAR_CARD,XXXX-XXXX-9378,EXPIRED,BRANCH_PHYSICAL,DOCUMENT_EXPIRED_REKYC_REQUIRED,EMP2053,2022-11-19
KYC60274,C1439,VOTER_ID,XYZXXXX906,EXPIRED,DIGILOCKER,DOCUMENT_EXPIRED_REKYC_REQUIRED,EMP2099,2026-04-26
KYC60275,C1080,PAN_CARD,ABCXX63XXB,VERIFIED,DIGILOCKER,N/A,EMP2059,2023-05-13
KYC60276,C1186,VOTER_ID,XYZXXXX154,EXPIRED,DIGILOCKER,DOCUMENT_EXPIRED_REKYC_REQUIRED,EMP2078,2024-02-03
KYC60277,C1112,AADHAAR_CARD,XXXX-XXXX-7766,VERIFIED,CKYC_REGISTRY,N/A,EMP2094,2024-01-29
KYC60278,C1001,PAN_CARD,ABCXX33XXV,PENDING_VERIFICATION,DIGILOCKER,N/A,EMP2041,2022-11-01
KYC60279,C1129,AADHAAR_CARD,XXXX-XXXX-7212,VERIFIED,BRANCH_PHYSICAL,N/A,EMP2068,2025-05-04
KYC60280,C1219,PASSPORT,XXXXX388,VERIFIED,VIDEO_KYC,N/A,EMP2068,2022-04-29
KYC60281,C1053,AADHAAR_CARD,XXXX-XXXX-8715,VERIFIED,BRANCH_PHYSICAL,N/A,EMP2092,2020-12-19
KYC60282,C1342,DRIVING_LICENSE,MH14XXXX9942,VERIFIED,BRANCH_PHYSICAL,N/A,EMP2008,2023-01-03
KYC60283,C1484,AADHAAR_CARD,XXXX-XXXX-2762,VERIFIED,CKYC_REGISTRY,N/A,EMP2002,2024-10-05
KYC60284,C1223,PASSPORT,TXXXX590,VERIFIED,DIGILOCKER,N/A,EMP2086,2024-01-04
KYC60285,C1224,AADHAAR_CARD,XXXX-XXXX-8101,VERIFIED,CKYC_REGISTRY,N/A,EMP2041,2022-09-17
KYC60286,C1384,VOTER_ID,XYZXXXX606,VERIFIED,CKYC_REGISTRY,N/A,EMP2055,2023-06-18
KYC60287,C1402,AADHAAR_CARD,XXXX-XXXX-7122,VERIFIED,BRANCH_PHYSICAL,N/A,EMP2016,2025-02-27
KYC60288,C1125,PAN_CARD,ABCXX82XXZ,VERIFIED,ONLINE_PORTAL,N/A,EMP2093,2024-12-14
KYC60289,C1129,PAN_CARD,ABCXX75XXU,EXPIRED,CKYC_REGISTRY,DOCUMENT_EXPIRED_REKYC_REQUIRED,EMP2062,2026-05-30
KYC60290,C1052,PAN_CARD,ABCXX82XXI,VERIFIED,DIGILOCKER,N/A,EMP2048,2026-03-06
KYC60291,C1171,PAN_CARD,ABCXX49XXQ,VERIFIED,VIDEO_KYC,N/A,EMP2030,2023-01-16
KYC60292,C1217,PAN_CARD,ABCXX10XXY,VERIFIED,CKYC_REGISTRY,N/A,EMP2012,2022-03-28
KYC60293,C1159,AADHAAR_CARD,XXXX-XXXX-1060,PENDING_VERIFICATION,DIGILOCKER,N/A,EMP2035,2024-12-04
KYC60294,C1197,AADHAAR_CARD,XXXX-XXXX-2639,VERIFIED,BRANCH_PHYSICAL,N/A,EMP2011,2025-05-14
KYC60295,C1415,PASSPORT,JXXXX124,VERIFIED,BRANCH_PHYSICAL,N/A,EMP2064,2022-06-07
KYC60296,C1246,VOTER_ID,XYZXXXX138,PENDING_VERIFICATION,CKYC_REGISTRY,N/A,EMP2050,2025-01-29
KYC60297,C1323,AADHAAR_CARD,XXXX-XXXX-8970,REJECTED,DIGILOCKER,NAME_MISMATCH_WITH_PAN,EMP2085,2023-03-26
KYC60298,C1438,PASSPORT,CXXXX597,VERIFIED,BRANCH_PHYSICAL,N/A,EMP2021,2021-10-29
KYC60299,C1202,PASSPORT,EXXXX207,VERIFIED,DIGILOCKER,N/A,EMP2069,2021-09-24
KYC60300,C1183,AADHAAR_CARD,XXXX-XXXX-9363,VERIFIED,CKYC_REGISTRY,N/A,EMP2048,2024-06-30
KYC60301,C1122,PAN_CARD,ABCXX60XXF,PENDING_VERIFICATION,BRANCH_PHYSICAL,N/A,EMP2020,2020-05-16
KYC60302,C1400,PAN_CARD,ABCXX21XXS,VERIFIED,CKYC_REGISTRY,N/A,EMP2067,2025-04-30
KYC60303,C1254,PAN_CARD,ABCXX53XXQ,VERIFIED,BRANCH_PHYSICAL,N/A,EMP2044,2024-08-24
KYC60304,C1293,PAN_CARD,ABCXX70XXQ,REJECTED,CKYC_REGISTRY,EXPIRED_DOCUMENT,EMP2033,2021-03-03
KYC60305,C1279,PAN_CARD,ABCXX83XXY,VERIFIED,ONLINE_PORTAL,N/A,EMP2073,2024-01-15
KYC60306,C1324,VOTER_ID,XYZXXXX922,VERIFIED,DIGILOCKER,N/A,EMP2061,2022-03-29
KYC60307,C1371,PASSPORT,QXXXX914,VERIFIED,CKYC_REGISTRY,N/A,EMP2009,2025-12-28
KYC60308,C1097,PAN_CARD,ABCXX21XXP,VERIFIED,CKYC_REGISTRY,N/A,EMP2068,2023-01-11
KYC60309,C1197,PAN_CARD,ABCXX97XXS,VERIFIED,CKYC_REGISTRY,N/A,EMP2035,2026-02-02
KYC60310,C1469,PAN_CARD,ABCXX17XXU,VERIFIED,VIDEO_KYC,N/A,EMP2081,2020-07-16
KYC60311,C1394,AADHAAR_CARD,XXXX-XXXX-2750,VERIFIED,ONLINE_PORTAL,N/A,EMP2098,2025-06-18
KYC60312,C1239,AADHAAR_CARD,XXXX-XXXX-6604,VERIFIED,DIGILOCKER,N/A,EMP2088,2021-04-15
KYC60313,C1143,VOTER_ID,XYZXXXX473,EXPIRED,DIGILOCKER,DOCUMENT_EXPIRED_REKYC_REQUIRED,EMP2096,2026-03-15
KYC60314,C1096,PAN_CARD,ABCXX89XXF,VERIFIED,BRANCH_PHYSICAL,N/A,EMP2065,2025-05-02
KYC60315,C1200,PASSPORT,HXXXX636,EXPIRED,VIDEO_KYC,DOCUMENT_EXPIRED_REKYC_REQUIRED,EMP2008,2022-07-17
KYC60316,C1123,DRIVING_LICENSE,MH14XXXX7609,VERIFIED,DIGILOCKER,N/A,EMP2045,2025-07-03
KYC60317,C1186,PAN_CARD,ABCXX98XXL,PENDING_VERIFICATION,DIGILOCKER,N/A,EMP2087,2022-06-24
KYC60318,C1325,PASSPORT,OXXXX670,VERIFIED,DIGILOCKER,N/A,EMP2047,2026-01-31
KYC60319,C1463,AADHAAR_CARD,XXXX-XXXX-4993,VERIFIED,BRANCH_PHYSICAL,N/A,EMP2040,2020-01-23
KYC60320,C1348,AADHAAR_CARD,XXXX-XXXX-9680,VERIFIED,CKYC_REGISTRY,N/A,EMP2076,2020-08-22
KYC60321,C1258,AADHAAR_CARD,XXXX-XXXX-9044,PENDING_VERIFICATION,BRANCH_PHYSICAL,N/A,EMP2054,2023-01-29
KYC60322,C1147,PASSPORT,ZXXXX146,VERIFIED,DIGILOCKER,N/A,EMP2076,2022-07-17
KYC60323,C1251,AADHAAR_CARD,XXXX-XXXX-5873,VERIFIED,BRANCH_PHYSICAL,N/A,EMP2046,2021-06-06
KYC60324,C1442,PASSPORT,PXXXX810,VERIFIED,CKYC_REGISTRY,N/A,EMP2047,2024-12-13
KYC60325,C1419,VOTER_ID,XYZXXXX500,VERIFIED,DIGILOCKER,N/A,EMP2015,2021-03-06
KYC60326,C1402,AADHAAR_CARD,XXXX-XXXX-6913,VERIFIED,DIGILOCKER,N/A,EMP2019,2022-03-03
KYC60327,C1345,DRIVING_LICENSE,MH14XXXX8124,VERIFIED,BRANCH_PHYSICAL,N/A,EMP2026,2024-06-17
KYC60328,C1450,AADHAAR_CARD,XXXX-XXXX-4157,VERIFIED,CKYC_REGISTRY,N/A,EMP2052,2024-10-02
KYC60329,C1146,AADHAAR_CARD,XXXX-XXXX-1390,VERIFIED,DIGILOCKER,N/A,EMP2093,2021-06-16
KYC60330,C1147,AADHAAR_CARD,XXXX-XXXX-5430,VERIFIED,DIGILOCKER,N/A,EMP2022,2024-10-12
KYC60331,C1351,PAN_CARD,ABCXX16XXI,VERIFIED,DIGILOCKER,N/A,EMP2021,2024-08-02
KYC60332,C1198,PASSPORT,SXXXX787,VERIFIED,BRANCH_PHYSICAL,N/A,EMP2051,2023-08-09
KYC60333,C1307,AADHAAR_CARD,XXXX-XXXX-9007,VERIFIED,BRANCH_PHYSICAL,N/A,EMP2038,2022-07-01
KYC60334,C1488,AADHAAR_CARD,XXXX-XXXX-2521,VERIFIED,VIDEO_KYC,N/A,EMP2020,2023-01-29
KYC60335,C1416,VOTER_ID,XYZXXXX926,VERIFIED,CKYC_REGISTRY,N/A,EMP2029,2024-03-05
KYC60336,C1423,PAN_CARD,ABCXX96XXR,VERIFIED,VIDEO_KYC,N/A,EMP2051,2023-08-20
KYC60337,C1127,AADHAAR_CARD,XXXX-XXXX-4294,VERIFIED,DIGILOCKER,N/A,EMP2004,2022-10-20
KYC60338,C1038,AADHAAR_CARD,XXXX-XXXX-6085,VERIFIED,CKYC_REGISTRY,N/A,EMP2055,2024-04-25
KYC60339,C1337,PASSPORT,TXXXX501,VERIFIED,CKYC_REGISTRY,N/A,EMP2071,2023-10-10
KYC60340,C1359,AADHAAR_CARD,XXXX-XXXX-2466,VERIFIED,CKYC_REGISTRY,N/A,EMP2092,2024-02-28
KYC60341,C1128,VOTER_ID,XYZXXXX589,VERIFIED,BRANCH_PHYSICAL,N/A,EMP2028,2024-08-08
KYC60342,C1266,PASSPORT,GXXXX372,VERIFIED,BRANCH_PHYSICAL,N/A,EMP2004,2025-06-20
KYC60343,C1475,PAN_CARD,ABCXX23XXX,VERIFIED,BRANCH_PHYSICAL,N/A,EMP2022,2020-08-14
KYC60344,C1440,PAN_CARD,ABCXX69XXM,VERIFIED,DIGILOCKER,N/A,EMP2076,2023-06-13
KYC60345,C1472,AADHAAR_CARD,XXXX-XXXX-1130,VERIFIED,DIGILOCKER,N/A,EMP2045,2022-05-22
KYC60346,C1433,PAN_CARD,ABCXX46XXK,VERIFIED,CKYC_REGISTRY,N/A,EMP2067,2022-06-10
KYC60347,C1150,PAN_CARD,ABCXX49XXZ,VERIFIED,CKYC_REGISTRY,N/A,EMP2086,2024-01-18
KYC60348,C1414,AADHAAR_CARD,XXXX-XXXX-5278,PENDING_VERIFICATION,DIGILOCKER,N/A,EMP2066,2022-11-02
KYC60349,C1477,PAN_CARD,ABCXX96XXL,VERIFIED,CKYC_REGISTRY,N/A,EMP2088,2026-03-07
KYC60350,C1297,AADHAAR_CARD,XXXX-XXXX-9230,VERIFIED,CKYC_REGISTRY,N/A,EMP2034,2021-01-31
KYC60351,C1098,AADHAAR_CARD,XXXX-XXXX-8694,VERIFIED,DIGILOCKER,N/A,EMP2091,2023-01-28
KYC60352,C1262,AADHAAR_CARD,XXXX-XXXX-7640,VERIFIED,BRANCH_PHYSICAL,N/A,EMP2055,2025-09-09
KYC60353,C1251,AADHAAR_CARD,XXXX-XXXX-6468,VERIFIED,ONLINE_PORTAL,N/A,EMP2001,2021-10-10
KYC60354,C1143,AADHAAR_CARD,XXXX-XXXX-1920,VERIFIED,ONLINE_PORTAL,N/A,EMP2072,2020-11-24
KYC60355,C1345,PAN_CARD,ABCXX22XXR,VERIFIED,BRANCH_PHYSICAL,N/A,EMP2087,2024-01-22
KYC60356,C1111,AADHAAR_CARD,XXXX-XXXX-9684,VERIFIED,DIGILOCKER,N/A,EMP2038,2022-08-09
KYC60357,C1499,AADHAAR_CARD,XXXX-XXXX-9502,VERIFIED,BRANCH_PHYSICAL,N/A,EMP2006,2025-06-28
KYC60358,C1059,VOTER_ID,XYZXXXX838,VERIFIED,BRANCH_PHYSICAL,N/A,EMP2086,2025-07-09
KYC60359,C1368,AADHAAR_CARD,XXXX-XXXX-4241,VERIFIED,CKYC_REGISTRY,N/A,EMP2025,2025-02-21
KYC60360,C1001,DRIVING_LICENSE,MH14XXXX1545,VERIFIED,DIGILOCKER,N/A,EMP2082,2023-04-11
KYC60361,C1384,AADHAAR_CARD,XXXX-XXXX-5346,EXPIRED,VIDEO_KYC,DOCUMENT_EXPIRED_REKYC_REQUIRED,EMP2017,2024-11-07
KYC60362,C1303,PAN_CARD,ABCXX22XXM,VERIFIED,DIGILOCKER,N/A,EMP2061,2020-06-10
KYC60363,C1253,VOTER_ID,XYZXXXX373,VERIFIED,DIGILOCKER,N/A,EMP2012,2024-10-17
KYC60364,C1139,PAN_CARD,ABCXX41XXC,VERIFIED,DIGILOCKER,N/A,EMP2006,2022-02-14
KYC60365,C1452,PAN_CARD,ABCXX48XXN,VERIFIED,CKYC_REGISTRY,N/A,EMP2090,2025-01-01
KYC60366,C1036,PAN_CARD,ABCXX38XXQ,PENDING_VERIFICATION,DIGILOCKER,N/A,EMP2027,2026-05-10
KYC60367,C1159,AADHAAR_CARD,XXXX-XXXX-9436,VERIFIED,CKYC_REGISTRY,N/A,EMP2008,2022-11-17
KYC60368,C1008,AADHAAR_CARD,XXXX-XXXX-1271,REJECTED,CKYC_REGISTRY,EXPIRED_DOCUMENT,EMP2083,2022-07-28
KYC60369,C1232,AADHAAR_CARD,XXXX-XXXX-4511,VERIFIED,CKYC_REGISTRY,N/A,EMP2065,2021-06-23
KYC60370,C1098,VOTER_ID,XYZXXXX847,REJECTED,VIDEO_KYC,IMAGE_BLURRY_UNREADABLE,EMP2057,2022-04-01
KYC60371,C1146,PAN_CARD,ABCXX19XXY,VERIFIED,CKYC_REGISTRY,N/A,EMP2093,2024-01-01
KYC60372,C1303,PAN_CARD,ABCXX93XXE,VERIFIED,DIGILOCKER,N/A,EMP2099,2022-12-24
KYC60373,C1207,PAN_CARD,ABCXX74XXQ,VERIFIED,CKYC_REGISTRY,N/A,EMP2040,2020-12-21
KYC60374,C1130,PAN_CARD,ABCXX12XXM,VERIFIED,ONLINE_PORTAL,N/A,EMP2014,2020-08-22
KYC60375,C1403,AADHAAR_CARD,XXXX-XXXX-2165,VERIFIED,CKYC_REGISTRY,N/A,EMP2035,2026-03-24
KYC60376,C1151,AADHAAR_CARD,XXXX-XXXX-9567,VERIFIED,DIGILOCKER,N/A,EMP2048,2024-03-28
KYC60377,C1053,AADHAAR_CARD,XXXX-XXXX-3033,VERIFIED,VIDEO_KYC,N/A,EMP2084,2025-09-27
KYC60378,C1119,PAN_CARD,ABCXX77XXR,VERIFIED,VIDEO_KYC,N/A,EMP2056,2020-04-27
KYC60379,C1160,AADHAAR_CARD,XXXX-XXXX-5388,VERIFIED,CKYC_REGISTRY,N/A,EMP2049,2025-10-02
KYC60380,C1407,PAN_CARD,ABCXX34XXP,VERIFIED,VIDEO_KYC,N/A,EMP2013,2024-07-31
KYC60381,C1115,VOTER_ID,XYZXXXX804,VERIFIED,DIGILOCKER,N/A,EMP2061,2022-12-03
KYC60382,C1074,PAN_CARD,ABCXX62XXN,VERIFIED,DIGILOCKER,N/A,EMP2049,2025-10-01
KYC60383,C1112,AADHAAR_CARD,XXXX-XXXX-3632,VERIFIED,CKYC_REGISTRY,N/A,EMP2046,2021-07-11
KYC60384,C1455,DRIVING_LICENSE,MH14XXXX5494,VERIFIED,CKYC_REGISTRY,N/A,EMP2062,2024-12-20
KYC60385,C1419,AADHAAR_CARD,XXXX-XXXX-9056,VERIFIED,BRANCH_PHYSICAL,N/A,EMP2008,2025-06-28
KYC60386,C1421,DRIVING_LICENSE,MH14XXXX8511,VERIFIED,DIGILOCKER,N/A,EMP2043,2021-02-01
KYC60387,C1103,PAN_CARD,ABCXX77XXL,VERIFIED,DIGILOCKER,N/A,EMP2020,2021-11-05
KYC60388,C1339,PASSPORT,ZXXXX904,VERIFIED,BRANCH_PHYSICAL,N/A,EMP2097,2021-01-21
KYC60389,C1253,AADHAAR_CARD,XXXX-XXXX-5805,VERIFIED,BRANCH_PHYSICAL,N/A,EMP2090,2025-11-28
KYC60390,C1226,PASSPORT,GXXXX539,VERIFIED,CKYC_REGISTRY,N/A,EMP2039,2025-08-26
KYC60391,C1111,PAN_CARD,ABCXX72XXN,VERIFIED,BRANCH_PHYSICAL,N/A,EMP2085,2022-06-02
KYC60392,C1472,PAN_CARD,ABCXX97XXK,VERIFIED,CKYC_REGISTRY,N/A,EMP2049,2021-06-24
KYC60393,C1098,PAN_CARD,ABCXX71XXM,EXPIRED,BRANCH_PHYSICAL,DOCUMENT_EXPIRED_REKYC_REQUIRED,EMP2064,2020-06-19
KYC60394,C1152,AADHAAR_CARD,XXXX-XXXX-8878,VERIFIED,BRANCH_PHYSICAL,N/A,EMP2062,2022-01-09
KYC60395,C1348,VOTER_ID,XYZXXXX663,VERIFIED,ONLINE_PORTAL,N/A,EMP2054,2023-11-02
KYC60396,C1401,PASSPORT,DXXXX670,VERIFIED,CKYC_REGISTRY,N/A,EMP2009,2026-03-27
KYC60397,C1383,PAN_CARD,ABCXX81XXT,VERIFIED,CKYC_REGISTRY,N/A,EMP2088,2020-04-28
KYC60398,C1365,VOTER_ID,XYZXXXX960,VERIFIED,CKYC_REGISTRY,N/A,EMP2037,2025-11-21
KYC60399,C1337,AADHAAR_CARD,XXXX-XXXX-6429,EXPIRED,CKYC_REGISTRY,DOCUMENT_EXPIRED_REKYC_REQUIRED,EMP2049,2025-06-18
KYC60400,C1193,AADHAAR_CARD,XXXX-XXXX-4564,VERIFIED,CKYC_REGISTRY,N/A,EMP2041,2024-09-01
KYC60401,C1309,PAN_CARD,ABCXX83XXK,VERIFIED,VIDEO_KYC,N/A,EMP2017,2024-09-18
KYC60402,C1162,PASSPORT,BXXXX924,PENDING_VERIFICATION,CKYC_REGISTRY,N/A,EMP2088,2026-01-31
KYC60403,C1207,PAN_CARD,ABCXX50XXQ,VERIFIED,CKYC_REGISTRY,N/A,EMP2021,2024-08-24
KYC60404,C1444,AADHAAR_CARD,XXXX-XXXX-7402,VERIFIED,BRANCH_PHYSICAL,N/A,EMP2051,2023-12-15
KYC60405,C1168,VOTER_ID,XYZXXXX987,VERIFIED,DIGILOCKER,N/A,EMP2059,2024-10-25
KYC60406,C1483,PAN_CARD,ABCXX15XXE,VERIFIED,BRANCH_PHYSICAL,N/A,EMP2039,2024-03-04
KYC60407,C1160,AADHAAR_CARD,XXXX-XXXX-2796,PENDING_VERIFICATION,CKYC_REGISTRY,N/A,EMP2055,2021-10-26
KYC60408,C1067,PAN_CARD,ABCXX63XXO,REJECTED,DIGILOCKER,EXPIRED_DOCUMENT,EMP2041,2020-02-02
KYC60409,C1288,PAN_CARD,ABCXX96XXQ,VERIFIED,CKYC_REGISTRY,N/A,EMP2039,2025-10-03
KYC60410,C1397,AADHAAR_CARD,XXXX-XXXX-2913,VERIFIED,CKYC_REGISTRY,N/A,EMP2013,2025-08-21
KYC60411,C1276,AADHAAR_CARD,XXXX-XXXX-8657,VERIFIED,VIDEO_KYC,N/A,EMP2064,2024-03-31
KYC60412,C1303,AADHAAR_CARD,XXXX-XXXX-3466,VERIFIED,CKYC_REGISTRY,N/A,EMP2011,2021-12-20
KYC60413,C1403,AADHAAR_CARD,XXXX-XXXX-8312,PENDING_VERIFICATION,DIGILOCKER,N/A,EMP2019,2021-04-28
KYC60414,C1383,AADHAAR_CARD,XXXX-XXXX-9194,VERIFIED,DIGILOCKER,N/A,EMP2011,2022-08-30
KYC60415,C1391,PASSPORT,CXXXX880,VERIFIED,CKYC_REGISTRY,N/A,EMP2077,2020-11-02
KYC60416,C1134,AADHAAR_CARD,XXXX-XXXX-8287,VERIFIED,VIDEO_KYC,N/A,EMP2046,2021-04-01
KYC60417,C1194,AADHAAR_CARD,XXXX-XXXX-1892,VERIFIED,CKYC_REGISTRY,N/A,EMP2045,2026-01-16
KYC60418,C1400,AADHAAR_CARD,XXXX-XXXX-5675,VERIFIED,BRANCH_PHYSICAL,N/A,EMP2001,2020-11-26
KYC60419,C1127,AADHAAR_CARD,XXXX-XXXX-2933,VERIFIED,ONLINE_PORTAL,N/A,EMP2040,2020-08-12
KYC60420,C1032,PAN_CARD,ABCXX20XXI,VERIFIED,DIGILOCKER,N/A,EMP2019,2024-01-19
KYC60421,C1175,VOTER_ID,XYZXXXX422,VERIFIED,ONLINE_PORTAL,N/A,EMP2076,2022-12-18
KYC60422,C1459,AADHAAR_CARD,XXXX-XXXX-2218,PENDING_VERIFICATION,CKYC_REGISTRY,N/A,EMP2072,2021-10-05
KYC60423,C1442,PAN_CARD,ABCXX34XXB,VERIFIED,DIGILOCKER,N/A,EMP2072,2021-09-07
KYC60424,C1370,AADHAAR_CARD,XXXX-XXXX-1954,VERIFIED,CKYC_REGISTRY,N/A,EMP2061,2020-07-13
KYC60425,C1469,PAN_CARD,ABCXX97XXO,VERIFIED,BRANCH_PHYSICAL,N/A,EMP2012,2021-05-03
KYC60426,C1374,DRIVING_LICENSE,MH14XXXX5133,VERIFIED,ONLINE_PORTAL,N/A,EMP2061,2026-01-13
KYC60427,C1021,PAN_CARD,ABCXX81XXE,VERIFIED,CKYC_REGISTRY,N/A,EMP2033,2023-06-03
KYC60428,C1237,PAN_CARD,ABCXX57XXZ,VERIFIED,BRANCH_PHYSICAL,N/A,EMP2045,2023-01-07
KYC60429,C1157,AADHAAR_CARD,XXXX-XXXX-9228,VERIFIED,CKYC_REGISTRY,N/A,EMP2090,2023-02-21
KYC60430,C1037,AADHAAR_CARD,XXXX-XXXX-4020,VERIFIED,DIGILOCKER,N/A,EMP2092,2023-05-26
KYC60431,C1229,VOTER_ID,XYZXXXX895,VERIFIED,DIGILOCKER,N/A,EMP2069,2021-05-30
KYC60432,C1364,PAN_CARD,ABCXX78XXM,VERIFIED,ONLINE_PORTAL,N/A,EMP2008,2024-06-13
KYC60433,C1050,PASSPORT,QXXXX213,EXPIRED,BRANCH_PHYSICAL,DOCUMENT_EXPIRED_REKYC_REQUIRED,EMP2025,2023-02-01
KYC60434,C1437,PAN_CARD,ABCXX49XXM,VERIFIED,CKYC_REGISTRY,N/A,EMP2091,2021-01-27
KYC60435,C1263,VOTER_ID,XYZXXXX323,VERIFIED,CKYC_REGISTRY,N/A,EMP2046,2021-09-22
KYC60436,C1282,PAN_CARD,ABCXX71XXS,VERIFIED,CKYC_REGISTRY,N/A,EMP2087,2025-01-21
KYC60437,C1026,PAN_CARD,ABCXX67XXC,VERIFIED,CKYC_REGISTRY,N/A,EMP2030,2022-09-06
KYC60438,C1225,AADHAAR_CARD,XXXX-XXXX-2591,VERIFIED,CKYC_REGISTRY,N/A,EMP2047,2021-03-09
KYC60439,C1276,DRIVING_LICENSE,MH14XXXX7183,VERIFIED,VIDEO_KYC,N/A,EMP2087,2020-10-04
KYC60440,C1285,VOTER_ID,XYZXXXX958,EXPIRED,DIGILOCKER,DOCUMENT_EXPIRED_REKYC_REQUIRED,EMP2049,2020-08-20
KYC60441,C1096,AADHAAR_CARD,XXXX-XXXX-2312,VERIFIED,DIGILOCKER,N/A,EMP2047,2024-04-01
KYC60442,C1283,VOTER_ID,XYZXXXX361,VERIFIED,CKYC_REGISTRY,N/A,EMP2084,2024-05-13
KYC60443,C1366,PAN_CARD,ABCXX97XXS,VERIFIED,VIDEO_KYC,N/A,EMP2082,2023-01-18
KYC60444,C1447,DRIVING_LICENSE,MH14XXXX3383,VERIFIED,BRANCH_PHYSICAL,N/A,EMP2018,2020-01-26
KYC60445,C1480,AADHAAR_CARD,XXXX-XXXX-4239,VERIFIED,CKYC_REGISTRY,N/A,EMP2066,2023-11-18
KYC60446,C1452,PASSPORT,AXXXX670,VERIFIED,BRANCH_PHYSICAL,N/A,EMP2068,2026-05-03
KYC60447,C1316,VOTER_ID,XYZXXXX670,VERIFIED,DIGILOCKER,N/A,EMP2094,2021-04-05
KYC60448,C1303,PASSPORT,PXXXX780,PENDING_VERIFICATION,CKYC_REGISTRY,N/A,EMP2033,2022-12-27
KYC60449,C1146,AADHAAR_CARD,XXXX-XXXX-7924,VERIFIED,DIGILOCKER,N/A,EMP2036,2022-10-03
