loan_id,customer_id,loan_type,sanctioned_amount,interest_rate_pct,tenure_months,emi_amount,outstanding_principal,dpd,loan_status,disbursement_date
LN30000,C1102,AUTO_LOAN,1046396.74,10.03,60,22248.29,669233.06,0,ACTIVE,2018-06-05
LN30001,C1435,HOME_LOAN,5096376.15,8.4,240,43905.51,4443973.69,0,ACTIVE,2020-12-06
LN30002,C1348,HOME_LOAN,14277326.43,8.46,180,140259.92,0.0,0,CLOSED,2023-05-13
LN30003,C1270,EDUCATION_LOAN,236405.39,9.3,120,3033.2,185837.35,0,ACTIVE,2024-11-06
LN30004,C1106,PERSONAL_LOAN,271887.65,15.88,60,6594.46,126718.25,0,ACTIVE,2024-02-27
LN30005,C1071,HOME_LOAN,13604732.24,9.48,300,118675.0,5467733.63,0,ACTIVE,2022-08-11
LN30006,C1188,EDUCATION_LOAN,2510300.53,10.27,120,33550.27,881235.3,0,ACTIVE,2018-05-04
LN30007,C1020,EDUCATION_LOAN,1947616.94,10.43,84,32767.11,822027.61,0,ACTIVE,2023-08-11
LN30008,C1102,PERSONAL_LOAN,1305495.23,12.6,24,61820.63,943487.08,0,ACTIVE,2020-08-25
LN30009,C1121,BUSINESS_LOAN,1130509.29,17.21,48,32743.85,0.0,0,CLOSED,2020-05-04
LN30010,C1466,HOME_LOAN,13629178.95,9.45,120,175985.36,0.0,0,CLOSED,2019-10-02
LN30011,C1214,HOME_LOAN,8302118.77,9.02,120,105257.61,4617851.5,0,ACTIVE,2024-02-17
LN30012,C1330,AUTO_LOAN,1693652.08,9.33,60,35429.31,789712.62,0,ACTIVE,2022-05-22
LN30013,C1458,BUSINESS_LOAN,1095242.95,17.4,36,39266.78,387968.45,0,ACTIVE,2025-01-07
LN30014,C1087,BUSINESS_LOAN,582758.04,17.49,120,10309.86,443648.35,0,ACTIVE,2019-03-18
LN30015,C1372,PERSONAL_LOAN,797327.05,11.84,60,17671.7,509145.38,0,ACTIVE,2023-04-29
LN30016,C1099,BUSINESS_LOAN,4233838.12,13.24,36,143144.66,0.0,0,CLOSED,2023-01-13
LN30017,C1359,BUSINESS_LOAN,1130083.42,13.58,48,30643.63,675857.49,0,ACTIVE,2023-01-04
LN30018,C1151,EDUCATION_LOAN,1881447.21,11.33,120,26269.63,0.0,0,CLOSED,2023-12-31
LN30019,C1130,AUTO_LOAN,1561247.63,10.64,84,26437.76,953494.82,60,DELINQUENT,2019-06-17
LN30020,C1149,AUTO_LOAN,1228479.33,9.55,60,25830.38,354143.8,0,ACTIVE,2024-03-24
LN30021,C1308,PERSONAL_LOAN,226471.74,15.35,60,5429.44,0.0,0,CLOSED,2021-08-29
LN30022,C1257,PERSONAL_LOAN,645013.86,12.94,48,17284.9,444598.01,0,ACTIVE,2020-08-06
LN30023,C1343,EDUCATION_LOAN,1031940.8,10.98,84,17658.49,461780.12,0,ACTIVE,2023-07-13
LN30024,C1491,EDUCATION_LOAN,2871443.42,9.47,180,29932.36,893608.36,0,ACTIVE,2019-04-05
LN30025,C1413,HOME_LOAN,2405380.76,8.64,240,21088.08,0.0,0,CLOSED,2019-07-05
LN30026,C1293,HOME_LOAN,12939885.58,9.52,240,120785.76,7733291.47,0,ACTIVE,2019-01-28
LN30027,C1385,PERSONAL_LOAN,567941.45,15.35,60,13615.85,0.0,0,CLOSED,2022-11-23
LN30028,C1191,PERSONAL_LOAN,582137.22,13.26,12,52065.95,429521.7,194,DEFAULTED,2020-04-24
LN30029,C1443,EDUCATION_LOAN,1417516.55,9.86,120,18622.86,295302.73,0,ACTIVE,2024-03-07
LN30030,C1276,HOME_LOAN,2030412.08,9.7,180,21447.78,927292.37,30,DELINQUENT,2021-02-12
LN30031,C1160,HOME_LOAN,3190566.95,9.63,360,27131.16,2369028.41,0,ACTIVE,2019-10-08
LN30032,C1459,PERSONAL_LOAN,1066784.33,14.11,48,29210.36,593586.23,0,ACTIVE,2024-03-16
LN30033,C1313,HOME_LOAN,13348295.87,9.35,360,110781.79,9601120.66,0,ACTIVE,2024-09-20
LN30034,C1021,PERSONAL_LOAN,1113744.66,14.69,12,100361.87,921649.17,0,ACTIVE,2022-01-06
LN30035,C1252,AUTO_LOAN,1722662.82,10.31,36,55836.54,1478121.37,0,ACTIVE,2021-10-09
LN30036,C1235,AUTO_LOAN,386738.99,10.34,36,12540.8,110387.49,0,ACTIVE,2026-01-14
LN30037,C1344,HOME_LOAN,9383288.0,9.62,360,79722.61,6552047.43,0,ACTIVE,2025-02-18
LN30038,C1048,PERSONAL_LOAN,369638.64,12.08,36,12291.42,352357.26,172,DEFAULTED,2025-02-10
LN30039,C1474,PERSONAL_LOAN,1143090.37,11.77,36,37841.51,445034.06,0,ACTIVE,2018-05-22
LN30040,C1058,PERSONAL_LOAN,1260481.66,11.69,36,41679.64,719114.74,0,ACTIVE,2025-04-13
LN30041,C1169,HOME_LOAN,8253804.49,9.58,240,77367.99,3342016.8,0,ACTIVE,2019-05-16
LN30042,C1475,PERSONAL_LOAN,1114673.48,11.83,12,98948.76,0.0,0,CLOSED,2020-04-19
LN30043,C1187,EDUCATION_LOAN,1707524.17,11.32,60,37398.79,1057672.12,0,ACTIVE,2025-07-12
LN30044,C1463,PERSONAL_LOAN,1340368.85,14.58,24,64722.84,0.0,0,CLOSED,2022-08-10
LN30045,C1270,EDUCATION_LOAN,268322.19,12.05,84,4743.8,0.0,0,CLOSED,2022-04-15
LN30046,C1189,PERSONAL_LOAN,100332.53,12.43,24,4743.17,85714.16,0,ACTIVE,2023-08-09
LN30047,C1445,PERSONAL_LOAN,1218296.53,16.49,48,34833.37,230882.88,0,ACTIVE,2022-03-11
LN30048,C1174,PERSONAL_LOAN,223960.77,11.69,48,5863.72,138996.57,0,ACTIVE,2019-08-19
LN30049,C1445,AUTO_LOAN,2222089.65,10.96,48,57387.91,486136.56,0,ACTIVE,2023-03-20
LN30050,C1050,BUSINESS_LOAN,2013667.09,15.14,24,97769.96,662663.32,0,ACTIVE,2018-10-08
LN30051,C1363,HOME_LOAN,3436163.47,8.78,180,34403.59,1279046.88,0,ACTIVE,2019-02-28
LN30052,C1054,PERSONAL_LOAN,427050.85,11.71,12,37885.04,355628.44,0,ACTIVE,2025-12-13
LN30053,C1243,PERSONAL_LOAN,163140.95,12.05,12,14498.69,107629.87,0,ACTIVE,2018-09-27
LN30054,C1319,AUTO_LOAN,780158.55,10.89,84,13313.14,268559.43,0,ACTIVE,2018-06-03
LN30055,C1130,HOME_LOAN,9651204.98,9.72,240,91352.92,7989199.69,0,ACTIVE,2025-04-15
LN30056,C1484,EDUCATION_LOAN,2969717.75,11.6,180,34880.97,961457.34,0,ACTIVE,2022-10-17
LN30057,C1306,PERSONAL_LOAN,1419824.48,14.75,60,33591.49,1097498.61,0,ACTIVE,2019-10-24
LN30058,C1134,HOME_LOAN,3564403.91,8.32,120,43851.11,1124087.02,0,ACTIVE,2023-05-22
LN30059,C1020,BUSINESS_LOAN,1338972.18,16.68,120,23000.23,258933.13,0,ACTIVE,2018-03-24
LN30060,C1328,AUTO_LOAN,2432025.79,10.74,60,52563.33,1454243.33,0,ACTIVE,2026-03-14
LN30061,C1166,EDUCATION_LOAN,1670088.2,9.91,120,21987.19,0.0,0,CLOSED,2026-01-25
LN30062,C1273,HOME_LOAN,11857100.18,9.29,240,108902.83,9033626.35,0,ACTIVE,2021-12-20
LN30063,C1387,PERSONAL_LOAN,414216.8,12.62,12,36922.91,300769.85,60,DELINQUENT,2021-07-22
LN30064,C1088,PERSONAL_LOAN,1304177.54,13.79,36,44440.79,462617.25,0,ACTIVE,2024-05-20
LN30065,C1315,EDUCATION_LOAN,1534695.12,9.16,84,24816.63,1222531.55,0,ACTIVE,2020-09-06
LN30066,C1013,HOME_LOAN,12523708.97,9.23,360,102848.02,0.0,0,CLOSED,2024-01-30
LN30067,C1241,HOME_LOAN,11557764.51,8.67,300,94394.04,4964249.26,0,ACTIVE,2025-09-11
LN30068,C1264,HOME_LOAN,5376799.19,9.34,180,55627.92,2954292.47,0,ACTIVE,2022-07-18
LN30069,C1345,HOME_LOAN,14507585.64,8.41,300,115940.43,3004494.07,0,ACTIVE,2021-10-30
LN30070,C1052,PERSONAL_LOAN,1291689.68,13.98,60,30041.97,1071954.26,0,ACTIVE,2019-09-25
LN30071,C1385,PERSONAL_LOAN,899846.52,14.81,36,31109.82,718410.16,0,ACTIVE,2022-03-12
LN30072,C1339,PERSONAL_LOAN,1127473.89,14.11,48,30872.14,888377.6,0,ACTIVE,2020-02-26
LN30073,C1091,BUSINESS_LOAN,4402823.9,16.25,48,125341.71,0.0,0,CLOSED,2026-03-10
LN30074,C1366,EDUCATION_LOAN,868332.09,12.26,180,10567.13,533119.9,0,ACTIVE,2026-05-18
LN30075,C1443,HOME_LOAN,11785316.31,8.49,240,102201.13,10264851.01,0,ACTIVE,2019-02-02
LN30076,C1454,HOME_LOAN,8051110.11,9.57,180,84412.08,1985825.64,0,ACTIVE,2021-02-17
LN30077,C1427,AUTO_LOAN,1037261.48,10.42,48,26517.34,791923.49,0,ACTIVE,2020-07-22
LN30078,C1263,PERSONAL_LOAN,1264987.85,14.04,24,60759.62,462072.99,0,ACTIVE,2021-12-31
LN30079,C1430,HOME_LOAN,10020049.94,9.72,120,130866.97,2373578.41,0,ACTIVE,2023-01-27
LN30080,C1034,HOME_LOAN,6897039.71,8.26,360,51863.65,5068524.45,0,ACTIVE,2025-06-16
LN30081,C1205,HOME_LOAN,3390748.3,9.39,180,35182.31,1607827.02,0,ACTIVE,2026-03-03
LN30082,C1080,BUSINESS_LOAN,4280546.76,14.35,120,67366.28,971180.28,0,ACTIVE,2024-11-17
LN30083,C1419,HOME_LOAN,14183970.33,9.28,180,146235.4,12204929.41,0,ACTIVE,2018-10-13
LN30084,C1049,AUTO_LOAN,666030.69,10.48,36,21641.34,0.0,0,CLOSED,2018-09-22
LN30085,C1359,PERSONAL_LOAN,915038.64,13.23,24,43601.52,188517.0,0,ACTIVE,2024-06-25
LN30086,C1387,HOME_LOAN,13081390.57,9.74,360,112293.29,6337524.68,0,ACTIVE,2025-06-13
LN30087,C1001,PERSONAL_LOAN,1006603.1,14.47,48,27744.83,416253.34,90,DELINQUENT,2025-11-07
LN30088,C1389,HOME_LOAN,12679668.32,8.81,240,112537.48,4303245.64,0,ACTIVE,2023-11-07
LN30089,C1053,PERSONAL_LOAN,101441.27,12.29,24,4788.94,99272.43,189,DEFAULTED,2022-08-05
LN30090,C1105,HOME_LOAN,7868031.32,8.5,360,60498.35,5273639.81,0,ACTIVE,2021-05-11
LN30091,C1259,HOME_LOAN,4870004.97,8.37,300,38788.88,0.0,0,CLOSED,2020-03-31
LN30092,C1309,PERSONAL_LOAN,1016315.7,12.87,12,90712.57,886661.76,0,ACTIVE,2022-10-29
LN30093,C1476,HOME_LOAN,2406930.08,9.35,360,19975.88,1513704.99,0,ACTIVE,2026-05-07
LN30094,C1190,HOME_LOAN,7168727.17,8.66,240,62939.73,2752533.11,0,ACTIVE,2024-07-09
LN30095,C1401,PERSONAL_LOAN,549039.84,15.12,24,26652.41,170108.21,0,ACTIVE,2024-03-19
LN30096,C1217,HOME_LOAN,2404743.08,9.23,300,20560.61,1375663.85,0,ACTIVE,2018-02-10
LN30097,C1043,BUSINESS_LOAN,2621896.07,15.26,60,62733.12,758105.88,0,ACTIVE,2022-09-28
LN30098,C1161,HOME_LOAN,13292101.18,9.41,240,123119.67,0.0,0,CLOSED,2018-03-09
LN30099,C1201,PERSONAL_LOAN,1282696.52,15.31,36,44660.07,958941.83,0,ACTIVE,2020-09-14
LN30100,C1445,PERSONAL_LOAN,511835.16,16.06,24,25075.72,313492.76,0,ACTIVE,2022-12-05
LN30101,C1483,AUTO_LOAN,2052382.04,9.83,36,66060.91,0.0,0,CLOSED,2025-01-05
LN30102,C1269,HOME_LOAN,9894983.83,8.62,120,123319.6,2972389.27,0,ACTIVE,2022-06-10
LN30103,C1350,HOME_LOAN,8390729.11,8.35,360,63627.59,2951397.46,0,ACTIVE,2022-07-14
LN30104,C1303,EDUCATION_LOAN,2433165.48,10.09,60,51805.39,637940.66,0,ACTIVE,2021-07-02
LN30105,C1270,BUSINESS_LOAN,2590693.68,16.08,36,91183.46,1321134.93,0,ACTIVE,2019-11-26
LN30106,C1455,BUSINESS_LOAN,3200092.47,13.75,120,49206.8,2297008.62,0,ACTIVE,2024-11-29
LN30107,C1461,HOME_LOAN,14384432.29,9.61,240,135116.72,7341529.58,0,ACTIVE,2020-12-21
LN30108,C1214,HOME_LOAN,3364092.32,8.61,120,41908.1,0.0,0,CLOSED,2026-01-07
LN30109,C1251,HOME_LOAN,9421758.52,8.28,300,74474.84,6377105.27,0,ACTIVE,2024-10-15
LN30110,C1189,PERSONAL_LOAN,883508.16,11.55,48,23071.43,180511.5,0,ACTIVE,2022-08-21
LN30111,C1295,HOME_LOAN,8945148.68,9.57,120,116091.14,6873322.86,0,ACTIVE,2024-05-04
LN30112,C1212,BUSINESS_LOAN,2110106.08,13.93,36,72046.71,1407649.08,0,ACTIVE,2020-11-24
LN30113,C1207,HOME_LOAN,12407627.09,8.55,300,100327.99,2834223.14,0,ACTIVE,2020-02-18
LN30114,C1236,EDUCATION_LOAN,1982004.7,11.47,84,34428.52,1181438.27,0,ACTIVE,2019-05-09
LN30115,C1337,PERSONAL_LOAN,963246.41,14.56,12,86741.13,656736.96,0,ACTIVE,2022-05-05
LN30116,C1366,BUSINESS_LOAN,4419361.06,16.28,60,108128.86,1788018.88,0,ACTIVE,2022-02-01
LN30117,C1052,HOME_LOAN,12592726.48,8.37,300,100299.23,7111756.0,0,ACTIVE,2022-11-26
LN30118,C1279,PERSONAL_LOAN,936466.21,15.42,36,32655.85,169093.56,0,ACTIVE,2019-10-23
LN30119,C1409,AUTO_LOAN,660798.86,9.74,48,16677.18,129030.27,0,ACTIVE,2021-09-10
LN30120,C1216,HOME_LOAN,5212342.04,8.49,360,40041.47,3188944.83,0,ACTIVE,2021-08-20
LN30121,C1251,HOME_LOAN,6277226.69,8.96,360,50327.42,1798980.58,0,ACTIVE,2021-07-23
LN30122,C1187,EDUCATION_LOAN,2411155.82,11.31,120,33638.18,654036.64,0,ACTIVE,2023-06-10
LN30123,C1379,AUTO_LOAN,345894.51,10.22,84,5781.65,310354.0,0,ACTIVE,2026-05-19
LN30124,C1492,HOME_LOAN,14672311.11,9.23,180,150830.52,0.0,0,CLOSED,2023-08-07
LN30125,C1040,PERSONAL_LOAN,664565.91,12.6,12,59232.57,518586.9,0,ACTIVE,2023-04-13
LN30126,C1156,PERSONAL_LOAN,343870.67,16.3,24,16886.31,243126.84,0,ACTIVE,2021-09-09
LN30127,C1014,AUTO_LOAN,1236085.34,9.53,72,22607.63,897141.98,0,ACTIVE,2020-11-24
LN30128,C1300,HOME_LOAN,8562983.46,9.06,240,77374.12,5000838.48,0,ACTIVE,2020-09-03
LN30129,C1064,HOME_LOAN,7702000.45,9.34,300,66437.49,7080011.19,352,DEFAULTED,2019-04-27
LN30130,C1344,HOME_LOAN,10515121.4,9.74,180,111329.39,8772476.72,0,ACTIVE,2019-12-29
LN30131,C1326,PERSONAL_LOAN,394927.06,14.61,60,9314.63,276383.69,0,ACTIVE,2024-12-02
LN30132,C1008,AUTO_LOAN,589448.91,10.36,48,15052.06,193432.08,0,ACTIVE,2020-10-28
LN30133,C1343,HOME_LOAN,14628136.22,8.52,360,112685.12,2952683.29,0,ACTIVE,2018-12-09
LN30134,C1128,EDUCATION_LOAN,1424063.09,9.34,60,29796.75,0.0,0,CLOSED,2021-12-18
LN30135,C1491,PERSONAL_LOAN,723427.36,14.07,12,64978.29,468032.88,0,ACTIVE,2024-07-07
LN30136,C1135,HOME_LOAN,3238399.6,9.23,120,41426.86,0.0,0,CLOSED,2024-10-21
LN30137,C1471,HOME_LOAN,14602360.19,8.64,360,113731.54,2289252.94,0,ACTIVE,2024-01-31
LN30138,C1062,HOME_LOAN,9649364.23,9.15,300,81970.57,0.0,0,CLOSED,2025-02-19
LN30139,C1138,EDUCATION_LOAN,2915498.93,10.59,120,39487.35,2369665.79,0,ACTIVE,2019-06-11
LN30140,C1498,PERSONAL_LOAN,718834.12,13.15,60,16410.93,289512.15,0,ACTIVE,2023-03-12
LN30141,C1080,PERSONAL_LOAN,1260436.71,13.65,48,34222.41,744808.79,0,ACTIVE,2019-10-21
LN30142,C1391,AUTO_LOAN,2386883.38,9.32,72,43404.91,1452769.94,90,DELINQUENT,2023-09-05
LN30143,C1162,PERSONAL_LOAN,1130962.82,14.82,60,26798.79,0.0,0,CLOSED,2020-03-30
LN30144,C1418,AUTO_LOAN,2019938.73,10.34,72,37768.31,1612238.61,0,ACTIVE,2025-04-06
LN30145,C1288,HOME_LOAN,9255823.24,9.06,300,78055.18,5826353.89,220,DEFAULTED,2019-02-10
LN30146,C1378,PERSONAL_LOAN,272159.13,12.66,24,12895.52,48854.65,0,ACTIVE,2024-03-29
LN30147,C1260,HOME_LOAN,3587428.88,8.93,360,28684.76,1609699.33,30,DELINQUENT,2025-01-24
LN30148,C1489,HOME_LOAN,8594052.51,8.31,180,83674.62,3850429.8,0,ACTIVE,2022-04-23
LN30149,C1230,HOME_LOAN,8238662.06,9.28,180,84939.83,3232422.52,0,ACTIVE,2022-12-17
LN30150,C1040,HOME_LOAN,14650270.72,9.12,240,132945.06,0.0,0,CLOSED,2019-05-20
LN30151,C1027,HOME_LOAN,8355005.54,9.25,300,71550.75,2041179.1,0,ACTIVE,2018-06-28
LN30152,C1134,HOME_LOAN,3725290.5,8.47,180,36618.93,1122765.64,0,ACTIVE,2018-05-12
LN30153,C1200,EDUCATION_LOAN,2085610.81,12.39,60,46805.34,1456011.01,0,ACTIVE,2023-01-21
LN30154,C1327,HOME_LOAN,4030129.98,8.6,180,39922.87,0.0,0,CLOSED,2022-01-18
LN30155,C1267,HOME_LOAN,10601220.55,9.72,240,100345.24,7022630.36,0,ACTIVE,2024-07-23
LN30156,C1417,AUTO_LOAN,1393784.48,10.14,36,45065.17,580807.95,30,DELINQUENT,2025-01-31
LN30157,C1032,BUSINESS_LOAN,3602870.38,16.06,48,102217.11,3082819.52,0,ACTIVE,2020-02-11
LN30158,C1047,HOME_LOAN,12748905.49,9.25,120,163227.71,2931544.18,0,ACTIVE,2021-11-30
LN30159,C1406,PERSONAL_LOAN,1020983.43,16.5,12,92876.45,816612.16,0,ACTIVE,2023-10-25
LN30160,C1061,PERSONAL_LOAN,1490671.71,15.26,60,35666.74,857527.08,0,ACTIVE,2019-08-02
LN30161,C1215,HOME_LOAN,11599839.72,9.57,360,98130.73,8397044.5,0,ACTIVE,2025-12-11
LN30162,C1292,EDUCATION_LOAN,2791889.53,10.53,84,47116.81,0.0,0,CLOSED,2022-02-24
LN30163,C1098,BUSINESS_LOAN,3930283.11,16.79,48,112981.92,3150811.56,0,ACTIVE,2018-07-13
LN30164,C1171,HOME_LOAN,6883739.27,8.7,120,86086.6,2727928.96,0,ACTIVE,2023-07-01
LN30165,C1359,HOME_LOAN,10192713.73,9.16,360,83189.02,6957561.25,183,DEFAULTED,2021-03-31
LN30166,C1213,EDUCATION_LOAN,1456342.14,9.83,60,30821.29,703871.4,0,ACTIVE,2024-07-22
LN30167,C1474,PERSONAL_LOAN,120533.88,14.44,24,5812.27,86725.12,0,ACTIVE,2026-03-18
LN30168,C1034,PERSONAL_LOAN,800623.43,14.21,24,38519.71,407826.69,0,ACTIVE,2021-10-16
LN30169,C1448,AUTO_LOAN,356412.54,9.52,72,6516.9,93288.81,0,ACTIVE,2022-11-28
LN30170,C1226,PERSONAL_LOAN,837273.32,12.73,48,22349.91,507328.03,0,ACTIVE,2021-01-15
LN30171,C1100,EDUCATION_LOAN,2341673.13,11.85,84,41149.32,1607835.34,0,ACTIVE,2024-03-11
LN30172,C1430,EDUCATION_LOAN,1659455.57,11.88,120,23693.39,258331.03,0,ACTIVE,2023-04-21
LN30173,C1461,BUSINESS_LOAN,3413636.21,17.39,24,169418.29,2188208.44,0,ACTIVE,2025-03-05
LN30174,C1130,PERSONAL_LOAN,632104.31,12.49,60,14217.83,261512.31,0,ACTIVE,2020-02-19
LN30175,C1256,BUSINESS_LOAN,956393.73,14.92,120,15383.15,347797.05,0,ACTIVE,2018-09-19
LN30176,C1004,AUTO_LOAN,976037.92,10.56,60,21007.88,571664.47,0,ACTIVE,2019-12-31
LN30177,C1217,PERSONAL_LOAN,225476.87,15.09,24,10942.26,79924.34,0,ACTIVE,2018-10-10
LN30178,C1254,HOME_LOAN,7376138.32,8.43,240,63685.43,1788101.25,0,ACTIVE,2022-01-30
LN30179,C1397,BUSINESS_LOAN,4367371.07,16.8,24,215513.25,2513352.89,0,ACTIVE,2018-12-28
LN30180,C1358,BUSINESS_LOAN,1654532.53,17.78,60,41816.49,0.0,0,CLOSED,2019-03-17
LN30181,C1282,PERSONAL_LOAN,221854.55,15.58,48,6239.8,40501.63,0,ACTIVE,2023-11-11
LN30182,C1392,BUSINESS_LOAN,3349181.19,17.71,120,59723.4,0.0,0,CLOSED,2022-07-03
LN30183,C1206,AUTO_LOAN,2245254.22,9.26,36,71670.49,1425634.12,0,ACTIVE,2025-09-01
LN30184,C1014,HOME_LOAN,4272054.76,8.79,180,42797.97,3524519.27,0,ACTIVE,2020-05-16
LN30185,C1345,HOME_LOAN,6594477.93,8.61,360,51220.81,4253366.0,242,DEFAULTED,2021-12-18
LN30186,C1041,HOME_LOAN,12693986.14,8.89,180,127921.53,10729483.72,90,DELINQUENT,2018-05-22
LN30187,C1379,PERSONAL_LOAN,973403.05,13.76,24,46625.6,257696.63,0,ACTIVE,2021-08-07
LN30188,C1460,HOME_LOAN,5058062.6,9.55,120,65588.64,1580922.0,0,ACTIVE,2021-12-26
LN30189,C1178,PERSONAL_LOAN,234000.38,11.62,36,7729.76,185189.1,250,DEFAULTED,2025-08-28
LN30190,C1062,HOME_LOAN,10293490.31,8.64,360,80171.59,6133450.84,0,ACTIVE,2023-02-19
LN30191,C1351,AUTO_LOAN,1392887.09,10.97,60,30263.91,832647.27,0,ACTIVE,2023-01-22
LN30192,C1230,PERSONAL_LOAN,1046177.74,13.71,60,24185.72,0.0,0,CLOSED,2022-09-09
LN30193,C1240,AUTO_LOAN,1878715.08,10.31,72,35099.18,0.0,0,CLOSED,2025-05-24
LN30194,C1051,HOME_LOAN,12643191.74,9.15,180,129366.29,0.0,0,CLOSED,2019-12-02
LN30195,C1095,HOME_LOAN,13771822.3,9.41,300,119463.49,0.0,0,CLOSED,2020-09-24
LN30196,C1387,PERSONAL_LOAN,219921.55,15.97,36,7728.53,0.0,0,CLOSED,2023-09-28
LN30197,C1221,AUTO_LOAN,1182613.41,9.58,36,37926.84,724784.54,0,ACTIVE,2021-08-18
LN30198,C1484,HOME_LOAN,7751329.17,9.5,300,67723.1,5815569.43,0,ACTIVE,2020-05-30
LN30199,C1406,EDUCATION_LOAN,854393.83,10.89,84,14579.94,508030.26,0,ACTIVE,2021-04-28
LN30200,C1230,HOME_LOAN,10841715.1,8.6,180,107399.12,7153807.25,220,DEFAULTED,2021-03-05
LN30201,C1236,PERSONAL_LOAN,1491795.11,14.81,12,134513.2,1337558.96,0,ACTIVE,2019-07-09
LN30202,C1142,EDUCATION_LOAN,1449786.58,10.17,84,24195.71,828875.77,0,ACTIVE,2019-02-08
LN30203,C1170,PERSONAL_LOAN,1440675.4,12.38,12,128258.51,400303.84,0,ACTIVE,2020-06-10
LN30204,C1028,PERSONAL_LOAN,673268.99,13.61,48,18266.62,276497.2,0,ACTIVE,2025-12-22
LN30205,C1035,PERSONAL_LOAN,1030876.41,15.48,60,24784.98,247278.13,0,ACTIVE,2019-08-25
LN30206,C1012,PERSONAL_LOAN,1463830.48,11.6,48,38261.41,0.0,0,CLOSED,2023-01-05
LN30207,C1159,AUTO_LOAN,2339402.13,9.96,36,75442.0,1529194.26,0,ACTIVE,2018-12-07
LN30208,C1326,HOME_LOAN,3208078.88,8.64,120,40016.2,1945266.14,0,ACTIVE,2023-05-23
LN30209,C1186,HOME_LOAN,8588899.61,8.49,360,65980.35,1521268.35,0,ACTIVE,2019-12-05
LN30210,C1242,PERSONAL_LOAN,524379.7,12.82,24,24885.65,228462.87,0,ACTIVE,2018-11-14
LN30211,C1085,BUSINESS_LOAN,2058447.96,13.43,24,98278.64,780446.61,0,ACTIVE,2025-04-19
LN30212,C1283,PERSONAL_LOAN,655774.12,13.74,48,17834.58,527899.8,0,ACTIVE,2021-10-18
LN30213,C1065,HOME_LOAN,4102934.75,9.43,300,35647.76,3235446.0,0,ACTIVE,2024-08-26
LN30214,C1169,AUTO_LOAN,758723.13,10.84,48,19550.69,420939.19,0,ACTIVE,2024-03-30
LN30215,C1044,AUTO_LOAN,1681490.12,10.27,48,42865.3,1346945.08,0,ACTIVE,2022-12-06
LN30216,C1061,HOME_LOAN,12477030.2,9.44,300,108491.46,9533090.56,0,ACTIVE,2021-09-29
LN30217,C1440,PERSONAL_LOAN,551539.17,11.61,36,18216.43,370200.44,0,ACTIVE,2022-04-22
LN30218,C1133,PERSONAL_LOAN,584539.62,16.38,24,28727.12,448260.3,0,ACTIVE,2020-03-27
LN30219,C1283,PERSONAL_LOAN,285534.54,15.81,48,8064.37,172685.07,0,ACTIVE,2019-07-07
LN30220,C1027,PERSONAL_LOAN,294877.23,15.99,60,7169.27,114456.18,0,ACTIVE,2020-05-05
LN30221,C1107,HOME_LOAN,14386367.86,9.49,360,120863.43,6123569.23,0,ACTIVE,2022-12-18
LN30222,C1043,HOME_LOAN,2886240.02,8.29,120,35461.9,0.0,0,CLOSED,2025-11-06
LN30223,C1339,HOME_LOAN,5023167.66,8.37,300,40008.8,4392090.13,0,ACTIVE,2018-07-02
LN30224,C1285,EDUCATION_LOAN,1410994.06,10.09,84,23489.84,1138783.53,0,ACTIVE,2022-04-24
LN30225,C1445,BUSINESS_LOAN,1749886.81,17.11,120,30534.7,285696.77,0,ACTIVE,2019-02-01
LN30226,C1330,PERSONAL_LOAN,943574.43,13.32,36,31938.38,670355.47,60,DELINQUENT,2022-09-24
LN30227,C1127,EDUCATION_LOAN,1487441.19,9.2,120,19003.65,0.0,0,CLOSED,2025-09-27
LN30228,C1347,AUTO_LOAN,1959357.8,10.14,36,63351.83,926292.05,0,ACTIVE,2022-02-26
LN30229,C1472,PERSONAL_LOAN,338930.66,11.87,48,8903.73,0.0,0,CLOSED,2020-06-25
LN30230,C1230,PERSONAL_LOAN,524585.21,12.01,48,13816.92,321853.36,0,ACTIVE,2021-09-18
LN30231,C1189,HOME_LOAN,10231465.14,8.59,360,79324.64,6255666.95,0,ACTIVE,2023-12-15
LN30232,C1224,HOME_LOAN,5981297.07,9.19,300,50975.33,4701370.76,0,ACTIVE,2018-01-01
LN30233,C1384,PERSONAL_LOAN,1114044.46,15.46,60,26772.8,463082.86,0,ACTIVE,2018-01-19
LN30234,C1376,PERSONAL_LOAN,835706.47,13.91,60,19406.46,0.0,0,CLOSED,2019-08-07
LN30235,C1282,HOME_LOAN,7032023.88,9.7,180,74281.14,1760486.88,0,ACTIVE,2019-04-01
LN30236,C1445,EDUCATION_LOAN,1372025.74,11.77,60,30360.73,988156.77,0,ACTIVE,2026-03-24
LN30237,C1120,AUTO_LOAN,601641.35,9.95,36,19399.15,236219.61,0,ACTIVE,2023-07-30
LN30238,C1115,HOME_LOAN,12845943.76,9.19,360,105122.35,9649267.06,0,ACTIVE,2021-02-06
LN30239,C1460,EDUCATION_LOAN,2886814.6,10.71,120,39293.47,1008619.4,0,ACTIVE,2024-10-28
LN30240,C1232,EDUCATION_LOAN,2009052.35,10.75,180,22520.43,449147.63,0,ACTIVE,2023-05-07
LN30241,C1258,EDUCATION_LOAN,1567075.18,9.53,180,16392.17,521222.49,0,ACTIVE,2025-04-03
LN30242,C1358,HOME_LOAN,10472238.42,9.47,360,87827.13,4669122.99,0,ACTIVE,2023-11-21
LN30243,C1197,AUTO_LOAN,1310782.89,10.52,84,22114.35,327510.58,0,ACTIVE,2020-09-14
LN30244,C1455,PERSONAL_LOAN,243009.34,14.79,12,21909.54,0.0,0,CLOSED,2019-06-04
LN30245,C1410,AUTO_LOAN,1813896.35,9.73,84,29860.38,652142.51,0,ACTIVE,2020-05-08
LN30246,C1136,EDUCATION_LOAN,2804892.88,9.89,180,29953.05,1391530.07,0,ACTIVE,2018-06-23
LN30247,C1317,AUTO_LOAN,1701843.25,10.23,60,36352.04,829807.41,0,ACTIVE,2021-09-28
LN30248,C1164,BUSINESS_LOAN,1521341.12,17.34,120,26769.22,399544.87,0,ACTIVE,2026-05-11
LN30249,C1224,BUSINESS_LOAN,3818451.96,15.07,120,61768.77,709747.56,0,ACTIVE,2024-10-14
LN30250,C1306,BUSINESS_LOAN,671098.32,16.48,24,33013.18,0.0,0,CLOSED,2019-12-28
LN30251,C1233,PERSONAL_LOAN,200918.07,11.86,12,17838.17,186065.36,30,DELINQUENT,2022-09-07
LN30252,C1171,HOME_LOAN,7038738.01,8.94,300,58779.9,2901912.76,0,ACTIVE,2023-02-19
LN30253,C1151,PERSONAL_LOAN,1184514.94,14.81,48,32851.97,492913.41,0,ACTIVE,2025-12-07
LN30254,C1462,BUSINESS_LOAN,2354589.19,15.3,36,81968.95,390175.96,0,ACTIVE,2022-08-09
LN30255,C1314,HOME_LOAN,3068231.68,9.7,120,40038.91,2706159.29,0,ACTIVE,2021-09-09
LN30256,C1373,PERSONAL_LOAN,1034290.56,11.55,48,27008.88,632220.16,0,ACTIVE,2020-09-16
LN30257,C1159,HOME_LOAN,12070239.15,9.22,180,124009.1,8805994.35,345,DEFAULTED,2025-05-10
LN30258,C1095,PERSONAL_LOAN,1455884.29,15.49,48,40880.89,736316.51,0,ACTIVE,2019-02-24
LN30259,C1471,BUSINESS_LOAN,1012804.86,14.92,60,24052.05,270903.86,0,ACTIVE,2019-08-17
LN30260,C1232,BUSINESS_LOAN,696810.32,12.66,36,23364.34,221907.41,0,ACTIVE,2024-12-07
LN30261,C1179,HOME_LOAN,6838171.31,8.9,300,56918.14,3018981.51,0,ACTIVE,2022-11-10
LN30262,C1112,EDUCATION_LOAN,658314.64,9.96,180,7058.18,158736.8,0,ACTIVE,2024-09-25
LN30263,C1317,PERSONAL_LOAN,376458.69,15.93,60,9140.75,137192.88,0,ACTIVE,2020-07-24
LN30264,C1496,PERSONAL_LOAN,1242325.71,15.81,12,112605.61,775269.85,108,DEFAULTED,2021-01-12
LN30265,C1441,AUTO_LOAN,1699355.68,9.25,72,30843.08,0.0,0,CLOSED,2021-02-10
LN30266,C1051,PERSONAL_LOAN,175401.49,13.1,36,5918.42,61741.06,0,ACTIVE,2018-11-28
LN30267,C1267,PERSONAL_LOAN,855378.71,15.14,24,41531.37,212815.3,0,ACTIVE,2025-05-26
LN30268,C1294,AUTO_LOAN,1897155.8,10.59,60,40861.91,0.0,0,CLOSED,2023-09-20
LN30269,C1385,HOME_LOAN,3958789.4,8.76,240,35009.51,2844939.5,0,ACTIVE,2022-11-29
LN30270,C1386,HOME_LOAN,11664509.22,9.17,240,106227.31,3075663.13,0,ACTIVE,2020-08-16
LN30271,C1112,PERSONAL_LOAN,231259.69,14.39,12,20806.6,166701.5,0,ACTIVE,2018-04-15
LN30272,C1100,HOME_LOAN,4080931.25,8.94,120,51563.09,2882296.64,0,ACTIVE,2018-07-21
LN30273,C1112,PERSONAL_LOAN,1334031.09,12.89,36,44878.13,0.0,0,CLOSED,2024-11-02
LN30274,C1439,PERSONAL_LOAN,662092.04,15.5,36,23114.08,429860.53,321,DEFAULTED,2023-01-17
LN30275,C1080,AUTO_LOAN,1652952.13,10.3,84,27697.86,915771.43,0,ACTIVE,2023-02-10
LN30276,C1186,AUTO_LOAN,1453150.18,10.66,48,37317.94,256457.05,0,ACTIVE,2023-06-20
LN30277,C1112,BUSINESS_LOAN,3855802.02,13.21,36,130307.56,2772349.77,0,ACTIVE,2021-07-13
LN30278,C1001,AUTO_LOAN,1792433.41,10.45,60,38482.0,1608262.23,0,ACTIVE,2020-06-28
LN30279,C1129,AUTO_LOAN,1110280.97,9.76,72,20434.76,0.0,0,CLOSED,2018-07-29
LN30280,C1219,HOME_LOAN,12145197.09,8.58,180,120168.78,5388147.14,0,ACTIVE,2019-07-17
LN30281,C1053,PERSONAL_LOAN,677670.58,14.98,60,16114.62,116426.2,0,ACTIVE,2025-07-23
LN30282,C1342,PERSONAL_LOAN,333639.16,12.41,60,7490.93,73314.86,0,ACTIVE,2022-04-13
LN30283,C1484,HOME_LOAN,9646629.47,8.97,240,86607.19,1916208.37,0,ACTIVE,2020-02-10
LN30284,C1223,PERSONAL_LOAN,911977.3,14.31,48,25063.18,172913.6,0,ACTIVE,2024-11-06
LN30285,C1224,PERSONAL_LOAN,781236.73,14.5,36,26890.93,275280.9,0,ACTIVE,2025-06-07
LN30286,C1384,BUSINESS_LOAN,4212722.35,14.99,48,117221.86,816902.46,0,ACTIVE,2019-09-21
LN30287,C1402,EDUCATION_LOAN,1135867.29,11.75,84,19899.62,0.0,0,CLOSED,2022-06-17
LN30288,C1125,PERSONAL_LOAN,393778.79,15.63,36,13772.27,189072.59,0,ACTIVE,2022-08-29
LN30289,C1129,HOME_LOAN,3916882.85,8.74,120,49067.95,847810.56,0,ACTIVE,2019-01-22
LN30290,C1052,HOME_LOAN,4867955.39,9.15,240,44268.97,3528982.36,0,ACTIVE,2023-04-20
LN30291,C1171,EDUCATION_LOAN,2254124.32,10.05,60,47948.96,0.0,0,CLOSED,2024-06-01
LN30292,C1217,EDUCATION_LOAN,1379494.55,11.23,180,15879.1,807778.46,288,DEFAULTED,2024-04-24
LN30293,C1159,HOME_LOAN,14884643.61,9.37,120,191545.81,12841496.53,0,ACTIVE,2021-01-09
LN30294,C1197,AUTO_LOAN,746460.01,10.02,48,18939.32,299243.48,0,ACTIVE,2018-09-25
LN30295,C1415,HOME_LOAN,2340557.21,8.29,360,17649.69,1954088.85,141,DEFAULTED,2024-10-02
LN30296,C1246,HOME_LOAN,14228830.19,8.64,180,141287.04,11447772.43,0,ACTIVE,2024-04-01
LN30297,C1323,HOME_LOAN,12945136.37,8.53,120,160708.94,6166872.67,0,ACTIVE,2023-01-31
LN30298,C1438,HOME_LOAN,14185592.82,9.31,180,146507.44,7641618.93,321,DEFAULTED,2023-06-22
LN30299,C1202,EDUCATION_LOAN,2730957.32,12.18,180,33093.0,1903835.48,0,ACTIVE,2026-04-22
LN30300,C1183,AUTO_LOAN,1984128.38,9.11,72,35873.4,493079.82,0,ACTIVE,2021-10-12
LN30301,C1122,PERSONAL_LOAN,658370.44,16.11,12,59768.79,571110.66,0,ACTIVE,2021-05-21
LN30302,C1400,AUTO_LOAN,451707.64,8.88,72,8115.4,161164.72,0,ACTIVE,2019-07-28
LN30303,C1254,EDUCATION_LOAN,971714.55,11.75,84,17023.77,343950.31,0,ACTIVE,2018-02-18
LN30304,C1293,EDUCATION_LOAN,2326315.13,10.57,60,50082.29,0.0,0,CLOSED,2021-02-24
LN30305,C1279,HOME_LOAN,5485807.26,8.48,300,44099.29,961169.39,0,ACTIVE,2018-08-11
LN30306,C1324,PERSONAL_LOAN,187714.48,16.03,12,17034.16,76857.88,0,ACTIVE,2026-02-16
LN30307,C1371,HOME_LOAN,6097463.77,9.41,180,63340.5,4264179.27,0,ACTIVE,2021-12-02
LN30308,C1097,HOME_LOAN,9128167.59,8.44,360,69799.93,1726989.15,0,ACTIVE,2022-03-09
LN30309,C1197,HOME_LOAN,7444313.15,8.64,120,92857.16,5002315.07,30,DELINQUENT,2022-12-25
LN30310,C1469,PERSONAL_LOAN,459142.09,14.77,24,22212.12,134709.09,0,ACTIVE,2024-05-13
LN30311,C1394,PERSONAL_LOAN,573568.35,13.04,60,13062.19,347809.24,0,ACTIVE,2022-01-01
LN30312,C1239,HOME_LOAN,6543582.84,8.42,180,64130.76,0.0,0,CLOSED,2021-02-04
LN30313,C1143,HOME_LOAN,11360104.52,8.88,120,143168.27,8951331.17,0,ACTIVE,2022-08-09
LN30314,C1096,PERSONAL_LOAN,885711.9,14.12,60,20664.11,283921.26,0,ACTIVE,2024-10-03
LN30315,C1200,HOME_LOAN,7251712.39,9.06,120,92097.27,4043943.98,0,ACTIVE,2025-04-12
LN30316,C1123,PERSONAL_LOAN,214415.48,13.79,12,19230.57,101091.09,0,ACTIVE,2019-01-10
LN30317,C1186,HOME_LOAN,3832475.16,9.25,120,49068.22,2497879.89,0,ACTIVE,2023-10-22
LN30318,C1325,HOME_LOAN,8009842.29,8.87,360,63701.19,5702709.62,0,ACTIVE,2023-07-15
LN30319,C1463,PERSONAL_LOAN,506822.58,15.43,48,14215.97,0.0,0,CLOSED,2020-11-19
LN30320,C1348,PERSONAL_LOAN,598362.72,16.39,36,21152.05,442614.08,0,ACTIVE,2023-03-05
LN30321,C1258,HOME_LOAN,4617729.17,8.64,300,37619.87,2579628.92,0,ACTIVE,2022-12-29
LN30322,C1147,HOME_LOAN,11859525.23,9.38,360,98684.65,7646097.12,0,ACTIVE,2022-01-14
LN30323,C1251,HOME_LOAN,4101057.55,8.63,360,31912.2,2003077.52,0,ACTIVE,2024-02-21
LN30324,C1442,EDUCATION_LOAN,2957971.04,11.7,120,41926.89,0.0,0,CLOSED,2021-03-25
LN30325,C1419,PERSONAL_LOAN,873519.06,11.97,36,29000.82,726693.74,0,ACTIVE,2025-12-04
LN30326,C1402,PERSONAL_LOAN,854182.52,13.99,48,23337.51,417501.02,0,ACTIVE,2020-11-30
LN30327,C1345,EDUCATION_LOAN,1312667.89,9.33,60,27459.54,1146428.33,0,ACTIVE,2023-09-02
LN30328,C1450,HOME_LOAN,4648963.97,9.03,300,39109.49,3461808.32,0,ACTIVE,2018-12-26
LN30329,C1146,BUSINESS_LOAN,3099170.15,15.81,24,151463.81,1385260.42,0,ACTIVE,2025-02-20
LN30330,C1147,PERSONAL_LOAN,1381126.1,14.17,24,66422.82,670815.99,0,ACTIVE,2025-06-12
LN30331,C1351,HOME_LOAN,9251662.5,8.5,240,80288.08,3907213.48,0,ACTIVE,2023-08-04
LN30332,C1198,PERSONAL_LOAN,1356060.88,12.34,12,120700.16,0.0,0,CLOSED,2021-02-15
LN30333,C1307,AUTO_LOAN,1615847.78,8.83,84,25858.31,1130247.43,0,ACTIVE,2022-06-24
LN30334,C1488,PERSONAL_LOAN,1248528.51,13.07,36,42109.97,1013570.77,0,ACTIVE,2021-11-04
LN30335,C1416,EDUCATION_LOAN,2450089.9,10.77,180,27494.82,2183794.51,0,ACTIVE,2023-04-28
LN30336,C1423,PERSONAL_LOAN,779502.58,12.11,60,17382.97,0.0,0,CLOSED,2019-11-10
LN30337,C1127,AUTO_LOAN,1010624.64,10.99,48,26115.21,475617.4,0,ACTIVE,2024-10-23
LN30338,C1038,PERSONAL_LOAN,327126.77,11.56,12,28997.53,0.0,0,CLOSED,2026-02-28
LN30339,C1337,BUSINESS_LOAN,918637.19,12.18,60,20518.23,751163.7,0,ACTIVE,2018-01-07
LN30340,C1359,PERSONAL_LOAN,211169.22,15.16,60,5041.45,0.0,0,CLOSED,2024-10-04
LN30341,C1128,HOME_LOAN,6378926.52,8.69,180,63528.27,2940121.52,30,DELINQUENT,2022-05-11
LN30342,C1266,HOME_LOAN,8125182.69,9.48,300,70876.52,0.0,0,CLOSED,2020-04-12
LN30343,C1475,HOME_LOAN,6082790.33,8.63,240,53289.42,0.0,0,CLOSED,2025-02-19
LN30344,C1440,HOME_LOAN,13437684.88,9.04,360,108509.63,3153924.16,0,ACTIVE,2022-12-16
LN30345,C1472,HOME_LOAN,3133333.08,9.33,240,28859.82,803634.11,0,ACTIVE,2020-07-02
LN30346,C1433,AUTO_LOAN,1065471.11,9.76,48,26900.46,650292.25,0,ACTIVE,2023-07-05
LN30347,C1150,PERSONAL_LOAN,709707.64,14.39,12,63852.91,554342.46,0,ACTIVE,2021-12-13
LN30348,C1414,AUTO_LOAN,1336831.77,10.95,60,29032.64,231722.01,0,ACTIVE,2021-12-21
LN30349,C1477,EDUCATION_LOAN,2270025.26,9.37,120,29212.24,1508988.84,0,ACTIVE,2026-05-13
