transaction_id,account_id,customer_id,transaction_type,channel,amount,db_cr_indicator,transaction_status,iso_8583_response_code,transaction_timestamp
TXN100001,ACC10011,C1120,DEBIT_CARD_POS,ATM,4537.5,DEBIT,SUCCESS,00,2026-02-17 12:03:00
TXN100002,ACC10156,C1233,BILL_PAYMENT,BRANCH_COUNTER,19991.37,DEBIT,SUCCESS,00,2025-03-02 07:59:00
TXN100003,ACC10380,C1193,IMPS,UPI_GATEWAY,8128.85,DEBIT,SUCCESS,00,2025-07-29 10:54:00
TXN100004,ACC10214,C1280,UPI,UPI_GATEWAY,4157.07,DEBIT,SUCCESS,00,2025-05-13 15:32:00
TXN100005,ACC10526,C1462,NEFT,BRANCH_COUNTER,748.85,DEBIT,SUCCESS,00,2025-07-06 14:38:00
TXN100006,ACC10542,C1156,IMPS,MOBILE_APP,4259.96,DEBIT,SUCCESS,00,2025-07-21 13:57:00
TXN100007,ACC10372,C1373,BILL_PAYMENT,UPI_GATEWAY,10706.57,CREDIT,SUCCESS,00,2026-06-03 08:47:00
TXN100008,ACC10128,C1442,IMPS,BRANCH_COUNTER,12640.17,CREDIT,SUCCESS,00,2026-02-12 12:01:00
TXN100009,ACC10584,C1216,ATM_WITHDRAWAL,UPI_GATEWAY,25051.8,CREDIT,SUCCESS,00,2025-04-15 00:16:00
TXN100010,ACC10623,C1245,UPI,UPI_GATEWAY,10904.1,CREDIT,SUCCESS,00,2026-01-13 14:33:00
TXN100011,ACC10233,C1466,UPI,UPI_GATEWAY,14260.58,CREDIT,SUCCESS,00,2025-07-15 08:35:00
TXN100012,ACC10114,C1291,ATM_WITHDRAWAL,UPI_GATEWAY,12039.06,DEBIT,SUCCESS,00,2025-04-05 05:09:00
TXN100013,ACC10441,C1482,ATM_WITHDRAWAL,UPI_GATEWAY,369.92,DEBIT,SUCCESS,00,2025-02-19 00:00:00
TXN100014,ACC10548,C1147,NEFT,UPI_GATEWAY,28214.19,DEBIT,SUCCESS,00,2025-05-11 21:51:00
TXN100015,ACC10384,C1353,RTGS,MOBILE_APP,19839.0,DEBIT,SUCCESS,00,2025-01-25 09:09:00
TXN100016,ACC10608,C1363,IMPS,NET_BANKING,6979.36,DEBIT,SUCCESS,00,2025-09-14 15:51:00
TXN100017,ACC10337,C1107,IMPS,UPI_GATEWAY,19486.03,DEBIT,SUCCESS,00,2025-02-09 16:33:00
TXN100018,ACC10005,C1480,RTGS,BRANCH_COUNTER,3119.54,CREDIT,SUCCESS,00,2025-02-19 23:02:00
TXN100019,ACC10306,C1356,DEBIT_CARD_POS,NET_BANKING,8829.48,CREDIT,SUCCESS,00,2025-08-31 09:40:00
TXN100020,ACC10221,C1146,UPI,UPI_GATEWAY,13482.43,CREDIT,SUCCESS,00,2025-04-09 12:39:00
TXN100021,ACC10443,C1276,NEFT,NET_BANKING,21616.06,DEBIT,PENDING_SETTLEMENT,96,2026-02-04 00:32:00
TXN100022,ACC10057,C1247,ATM_WITHDRAWAL,BRANCH_COUNTER,1888.22,DEBIT,SUCCESS,00,2025-12-16 06:19:00
TXN100023,ACC10565,C1368,RTGS,NET_BANKING,27171.41,DEBIT,SUCCESS,00,2025-01-01 15:44:00
TXN100024,ACC10025,C1338,DEBIT_CARD_POS,UPI_GATEWAY,3334.96,DEBIT,SUCCESS,00,2025-08-29 23:10:00
TXN100025,ACC10066,C1025,DEBIT_CARD_POS,UPI_GATEWAY,23606.65,DEBIT,SUCCESS,00,2026-01-03 01:11:00
TXN100026,ACC10042,C1116,BILL_PAYMENT,UPI_GATEWAY,22675.12,DEBIT,SUCCESS,00,2026-01-02 04:02:00
TXN100027,ACC10110,C1238,IMPS,MOBILE_APP,975.88,DEBIT,SUCCESS,00,2025-12-23 17:12:00
TXN100028,ACC10503,C1473,BILL_PAYMENT,NET_BANKING,14403.7,DEBIT,SUCCESS,00,2025-02-07 22:07:00
TXN100029,ACC10067,C1246,ATM_WITHDRAWAL,MOBILE_APP,6312.99,DEBIT,SUCCESS,00,2025-06-16 02:30:00
TXN100030,ACC10603,C1228,DEBIT_CARD_POS,NET_BANKING,21774.38,DEBIT,SUCCESS,00,2026-03-31 03:34:00
TXN100031,ACC10176,C1331,IMPS,MOBILE_APP,3083.28,CREDIT,SUCCESS,00,2025-12-14 15:58:00
TXN100032,ACC10138,C1190,NEFT,NET_BANKING,11579.35,DEBIT,SUCCESS,00,2026-03-30 05:12:00
TXN100033,ACC10310,C1206,NEFT,ATM,21132.56,DEBIT,SUCCESS,00,2025-07-31 12:44:00
TXN100034,ACC10269,C1067,IMPS,MOBILE_APP,4706.12,DEBIT,SUCCESS,00,2025-04-24 03:48:00
TXN100035,ACC10312,C1366,BILL_PAYMENT,MOBILE_APP,13219.98,DEBIT,SUCCESS,00,2025-09-15 09:24:00
TXN100036,ACC10316,C1202,IMPS,UPI_GATEWAY,27988.66,DEBIT,SUCCESS,00,2026-02-05 03:29:00
TXN100037,ACC10444,C1141,BILL_PAYMENT,BRANCH_COUNTER,18216.76,DEBIT,SUCCESS,00,2026-04-02 18:29:00
TXN100038,ACC10304,C1286,UPI,MOBILE_APP,18887.76,DEBIT,FAILED,51,2026-02-11 23:10:00
TXN100039,ACC10556,C1437,NEFT,MOBILE_APP,2270.46,DEBIT,SUCCESS,00,2025-11-28 21:59:00
TXN100040,ACC10168,C1155,DEBIT_CARD_POS,BRANCH_COUNTER,6677.46,DEBIT,SUCCESS,00,2026-06-16 05:08:00
TXN100041,ACC10593,C1362,NEFT,MOBILE_APP,17365.94,DEBIT,SUCCESS,00,2026-01-12 01:29:00
TXN100042,ACC10132,C1376,NEFT,NET_BANKING,18958.64,CREDIT,SUCCESS,00,2025-10-30 09:16:00
TXN100043,ACC10535,C1084,DEBIT_CARD_POS,UPI_GATEWAY,17662.71,CREDIT,SUCCESS,00,2026-01-05 03:22:00
TXN100044,ACC10389,C1452,BILL_PAYMENT,BRANCH_COUNTER,1315.53,DEBIT,SUCCESS,00,2025-10-17 09:06:00
TXN100045,ACC10152,C1038,UPI,MOBILE_APP,217.22,CREDIT,SUCCESS,00,2025-08-08 23:42:00
TXN100046,ACC10465,C1100,DEBIT_CARD_POS,ATM,1675.85,DEBIT,SUCCESS,00,2026-07-04 15:51:00
TXN100047,ACC10239,C1378,ATM_WITHDRAWAL,UPI_GATEWAY,3061.77,DEBIT,SUCCESS,00,2025-06-24 19:49:00
TXN100048,ACC10386,C1296,IMPS,UPI_GATEWAY,14441.54,DEBIT,SUCCESS,00,2025-07-16 06:35:00
TXN100049,ACC10209,C1092,ATM_WITHDRAWAL,MOBILE_APP,703.11,DEBIT,SUCCESS,00,2025-05-28 16:10:00
TXN100050,ACC10077,C1133,BILL_PAYMENT,MOBILE_APP,18070.63,DEBIT,SUCCESS,00,2025-11-19 08:15:00
TXN100051,ACC10465,C1100,DEBIT_CARD_POS,ATM,5936.61,DEBIT,SUCCESS,00,2025-12-06 23:22:00
TXN100052,ACC10053,C1047,RTGS,ATM,9468.66,CREDIT,SUCCESS,00,2025-07-02 14:48:00
TXN100053,ACC10569,C1023,RTGS,MOBILE_APP,40738.76,DEBIT,SUCCESS,00,2026-05-24 09:19:00
TXN100054,ACC10289,C1056,IMPS,BRANCH_COUNTER,15186.8,CREDIT,SUCCESS,00,2026-02-17 20:18:00
TXN100055,ACC10221,C1146,IMPS,ATM,6468.56,DEBIT,SUCCESS,00,2026-03-30 11:29:00
TXN100056,ACC10188,C1034,BILL_PAYMENT,UPI_GATEWAY,2460.84,DEBIT,SUCCESS,00,2025-11-01 04:55:00
TXN100057,ACC10531,C1057,BILL_PAYMENT,NET_BANKING,43955.22,CREDIT,SUCCESS,00,2025-02-12 00:01:00
TXN100058,ACC10517,C1128,ATM_WITHDRAWAL,NET_BANKING,1796.18,DEBIT,SUCCESS,00,2026-03-25 22:44:00
TXN100059,ACC10314,C1205,BILL_PAYMENT,ATM,1225.25,CREDIT,SUCCESS,00,2025-02-01 05:49:00
TXN100060,ACC10603,C1228,UPI,MOBILE_APP,14646.66,CREDIT,SUCCESS,00,2025-02-18 03:06:00
TXN100061,ACC10271,C1158,RTGS,NET_BANKING,1720.37,DEBIT,SUCCESS,00,2025-03-11 03:59:00
TXN100062,ACC10502,C1403,DEBIT_CARD_POS,MOBILE_APP,19084.37,CREDIT,SUCCESS,00,2026-06-09 22:17:00
TXN100063,ACC10574,C1054,ATM_WITHDRAWAL,BRANCH_COUNTER,2441.3,DEBIT,SUCCESS,00,2025-01-12 00:21:00
TXN100064,ACC10572,C1047,IMPS,ATM,6692.05,CREDIT,SUCCESS,00,2026-05-05 17:11:00
TXN100065,ACC10262,C1043,RTGS,NET_BANKING,18557.94,DEBIT,SUCCESS,00,2025-10-20 03:09:00
TXN100066,ACC10376,C1347,IMPS,UPI_GATEWAY,36129.59,DEBIT,SUCCESS,00,2025-06-28 22:13:00
TXN100067,ACC10290,C1470,BILL_PAYMENT,UPI_GATEWAY,6754.27,CREDIT,SUCCESS,00,2025-05-17 23:21:00
TXN100068,ACC10008,C1232,NEFT,UPI_GATEWAY,4340.83,CREDIT,SUCCESS,00,2025-03-08 06:24:00
TXN100069,ACC10357,C1016,DEBIT_CARD_POS,MOBILE_APP,19318.81,DEBIT,SUCCESS,00,2025-01-27 18:55:00
TXN100070,ACC10121,C1447,ATM_WITHDRAWAL,UPI_GATEWAY,7427.24,DEBIT,SUCCESS,00,2026-02-05 07:49:00
TXN100071,ACC10337,C1107,IMPS,ATM,7403.47,DEBIT,SUCCESS,00,2025-02-04 19:26:00
TXN100072,ACC10066,C1025,IMPS,UPI_GATEWAY,5156.89,DEBIT,SUCCESS,00,2025-04-09 19:30:00
TXN100073,ACC10178,C1364,IMPS,NET_BANKING,16635.89,DEBIT,SUCCESS,00,2026-01-12 07:29:00
TXN100074,ACC10149,C1382,BILL_PAYMENT,BRANCH_COUNTER,11449.31,DEBIT,SUCCESS,00,2025-07-21 11:44:00
TXN100075,ACC10392,C1124,UPI,MOBILE_APP,18114.97,CREDIT,SUCCESS,00,2025-03-09 12:04:00
TXN100076,ACC10295,C1225,RTGS,BRANCH_COUNTER,25595.3,DEBIT,SUCCESS,00,2025-10-23 11:06:00
TXN100077,ACC10233,C1466,DEBIT_CARD_POS,NET_BANKING,20574.08,DEBIT,SUCCESS,00,2026-06-15 08:27:00
TXN100078,ACC10470,C1019,ATM_WITHDRAWAL,BRANCH_COUNTER,9213.31,CREDIT,SUCCESS,00,2025-01-04 09:29:00
TXN100079,ACC10470,C1019,ATM_WITHDRAWAL,ATM,13111.36,CREDIT,SUCCESS,00,2025-07-28 09:42:00
TXN100080,ACC10404,C1302,RTGS,UPI_GATEWAY,464.01,DEBIT,SUCCESS,00,2026-03-03 15:21:00
TXN100081,ACC10224,C1239,DEBIT_CARD_POS,BRANCH_COUNTER,251.83,DEBIT,SUCCESS,00,2026-04-01 22:58:00
TXN100082,ACC10397,C1492,BILL_PAYMENT,MOBILE_APP,21962.3,DEBIT,SUCCESS,00,2025-04-07 07:31:00
TXN100083,ACC10495,C1323,NEFT,UPI_GATEWAY,10689.53,CREDIT,SUCCESS,00,2025-01-06 00:53:00
TXN100084,ACC10464,C1139,DEBIT_CARD_POS,ATM,9092.22,DEBIT,SUCCESS,00,2025-06-07 12:33:00
TXN100085,ACC10598,C1050,NEFT,NET_BANKING,4571.14,DEBIT,SUCCESS,00,2025-08-02 22:28:00
TXN100086,ACC10006,C1324,ATM_WITHDRAWAL,BRANCH_COUNTER,4858.94,DEBIT,SUCCESS,00,2025-07-27 07:09:00
TXN100087,ACC10285,C1444,RTGS,MOBILE_APP,22748.47,DEBIT,SUCCESS,00,2026-03-21 23:23:00
TXN100088,ACC10600,C1272,NEFT,MOBILE_APP,3189.97,DEBIT,SUCCESS,00,2025-12-09 18:10:00
TXN100089,ACC10575,C1073,UPI,UPI_GATEWAY,20671.38,DEBIT,SUCCESS,00,2025-05-15 17:40:00
TXN100090,ACC10329,C1043,BILL_PAYMENT,BRANCH_COUNTER,15334.3,DEBIT,SUCCESS,00,2025-08-31 14:35:00
TXN100091,ACC10217,C1398,ATM_WITHDRAWAL,MOBILE_APP,6542.38,CREDIT,SUCCESS,00,2025-11-28 06:32:00
TXN100092,ACC10199,C1046,UPI,UPI_GATEWAY,15738.31,DEBIT,SUCCESS,00,2025-02-08 17:06:00
TXN100093,ACC10196,C1485,DEBIT_CARD_POS,ATM,4365.44,DEBIT,SUCCESS,00,2026-02-16 00:40:00
TXN100094,ACC10201,C1427,IMPS,NET_BANKING,53131.67,CREDIT,SUCCESS,00,2026-07-03 15:03:00
TXN100095,ACC10480,C1035,DEBIT_CARD_POS,UPI_GATEWAY,64160.42,DEBIT,SUCCESS,00,2026-06-16 06:34:00
TXN100096,ACC10290,C1470,NEFT,UPI_GATEWAY,8306.56,CREDIT,SUCCESS,00,2026-05-21 19:19:00
TXN100097,ACC10398,C1476,BILL_PAYMENT,ATM,7740.13,DEBIT,SUCCESS,00,2025-09-08 21:13:00
TXN100098,ACC10109,C1398,NEFT,ATM,1606.32,CREDIT,SUCCESS,00,2025-10-06 00:07:00
TXN100099,ACC10273,C1038,NEFT,NET_BANKING,21695.36,DEBIT,SUCCESS,00,2025-06-28 16:08:00
TXN100100,ACC10542,C1156,UPI,ATM,39105.1,DEBIT,SUCCESS,00,2026-06-08 03:15:00
TXN100101,ACC10321,C1366,DEBIT_CARD_POS,NET_BANKING,3447.32,DEBIT,SUCCESS,00,2025-07-24 22:27:00
TXN100102,ACC10202,C1185,IMPS,MOBILE_APP,13611.83,DEBIT,SUCCESS,00,2025-01-16 06:47:00
TXN100103,ACC10142,C1372,RTGS,BRANCH_COUNTER,5309.28,CREDIT,SUCCESS,00,2026-07-03 17:28:00
TXN100104,ACC10579,C1232,RTGS,ATM,4917.29,DEBIT,SUCCESS,00,2025-07-27 14:44:00
TXN100105,ACC10246,C1128,BILL_PAYMENT,BRANCH_COUNTER,58769.93,CREDIT,SUCCESS,00,2025-06-20 15:52:00
TXN100106,ACC10016,C1130,NEFT,MOBILE_APP,7997.85,CREDIT,SUCCESS,00,2026-04-08 15:37:00
TXN100107,ACC10278,C1328,ATM_WITHDRAWAL,ATM,325.94,CREDIT,SUCCESS,00,2026-06-25 15:59:00
TXN100108,ACC10032,C1264,IMPS,MOBILE_APP,7982.52,CREDIT,SUCCESS,00,2026-06-21 09:31:00
TXN100109,ACC10373,C1038,NEFT,NET_BANKING,6974.87,DEBIT,SUCCESS,00,2026-05-27 06:00:00
TXN100110,ACC10071,C1450,DEBIT_CARD_POS,UPI_GATEWAY,1326.73,DEBIT,SUCCESS,00,2026-04-13 03:49:00
TXN100111,ACC10505,C1479,NEFT,NET_BANKING,16527.2,CREDIT,SUCCESS,00,2025-09-23 16:45:00
TXN100112,ACC10549,C1060,BILL_PAYMENT,UPI_GATEWAY,5197.8,CREDIT,SUCCESS,00,2025-03-31 11:04:00
TXN100113,ACC10083,C1104,DEBIT_CARD_POS,MOBILE_APP,4649.55,DEBIT,SUCCESS,00,2025-03-30 09:59:00
TXN100114,ACC10194,C1475,DEBIT_CARD_POS,NET_BANKING,26012.74,DEBIT,SUCCESS,00,2026-07-01 01:51:00
TXN100115,ACC10592,C1203,ATM_WITHDRAWAL,MOBILE_APP,5006.04,DEBIT,SUCCESS,00,2026-02-14 19:27:00
TXN100116,ACC10061,C1499,UPI,MOBILE_APP,24373.2,CREDIT,SUCCESS,00,2026-05-31 14:36:00
TXN100117,ACC10540,C1197,NEFT,UPI_GATEWAY,20464.48,DEBIT,SUCCESS,00,2025-12-23 16:11:00
TXN100118,ACC10245,C1179,RTGS,NET_BANKING,6413.21,CREDIT,SUCCESS,00,2026-03-24 13:07:00
TXN100119,ACC10596,C1021,BILL_PAYMENT,NET_BANKING,2148.01,CREDIT,SUCCESS,00,2026-06-21 15:53:00
TXN100120,ACC10078,C1412,DEBIT_CARD_POS,ATM,3674.39,DEBIT,SUCCESS,00,2025-01-03 14:23:00
TXN100121,ACC10205,C1302,ATM_WITHDRAWAL,NET_BANKING,14030.8,DEBIT,SUCCESS,00,2025-06-09 10:42:00
TXN100122,ACC10528,C1492,UPI,MOBILE_APP,114270.04,CREDIT,SUCCESS,00,2026-03-24 09:36:00
TXN100123,ACC10161,C1493,BILL_PAYMENT,MOBILE_APP,146.9,DEBIT,SUCCESS,00,2026-02-13 21:49:00
TXN100124,ACC10473,C1183,ATM_WITHDRAWAL,UPI_GATEWAY,17056.25,DEBIT,SUCCESS,00,2025-11-19 07:51:00
TXN100125,ACC10116,C1103,ATM_WITHDRAWAL,ATM,4485.42,DEBIT,SUCCESS,00,2025-07-26 01:53:00
TXN100126,ACC10386,C1296,NEFT,MOBILE_APP,11433.74,DEBIT,SUCCESS,00,2025-11-21 18:27:00
TXN100127,ACC10587,C1121,RTGS,MOBILE_APP,21302.2,CREDIT,SUCCESS,00,2025-05-17 18:25:00
TXN100128,ACC10646,C1155,RTGS,MOBILE_APP,102.78,DEBIT,SUCCESS,00,2025-11-24 00:17:00
TXN100129,ACC10317,C1289,DEBIT_CARD_POS,UPI_GATEWAY,6260.01,DEBIT,SUCCESS,00,2025-12-21 03:26:00
TXN100130,ACC10231,C1036,NEFT,UPI_GATEWAY,27867.9,DEBIT,SUCCESS,00,2026-01-24 22:45:00
TXN100131,ACC10471,C1318,IMPS,ATM,13094.45,CREDIT,SUCCESS,00,2025-05-06 18:56:00
TXN100132,ACC10147,C1183,DEBIT_CARD_POS,BRANCH_COUNTER,5991.17,DEBIT,SUCCESS,00,2026-03-15 12:29:00
TXN100133,ACC10103,C1498,NEFT,BRANCH_COUNTER,5998.59,DEBIT,SUCCESS,00,2025-11-02 16:27:00
TXN100134,ACC10014,C1297,NEFT,MOBILE_APP,8676.31,DEBIT,SUCCESS,00,2026-03-19 16:35:00
TXN100135,ACC10037,C1435,DEBIT_CARD_POS,BRANCH_COUNTER,9811.83,CREDIT,SUCCESS,00,2025-07-26 02:24:00
TXN100136,ACC10083,C1104,UPI,ATM,21474.69,CREDIT,SUCCESS,00,2025-08-14 17:43:00
TXN100137,ACC10302,C1240,IMPS,MOBILE_APP,10593.8,DEBIT,SUCCESS,00,2026-02-11 18:45:00
TXN100138,ACC10245,C1179,ATM_WITHDRAWAL,MOBILE_APP,3022.78,DEBIT,SUCCESS,00,2026-05-12 13:59:00
TXN100139,ACC10290,C1470,IMPS,NET_BANKING,5008.51,DEBIT,SUCCESS,00,2025-01-08 02:36:00
TXN100140,ACC10621,C1265,NEFT,MOBILE_APP,6441.92,CREDIT,SUCCESS,00,2025-07-13 05:32:00
TXN100141,ACC10008,C1232,DEBIT_CARD_POS,UPI_GATEWAY,75020.1,DEBIT,SUCCESS,00,2025-12-09 15:26:00
TXN100142,ACC10328,C1119,IMPS,BRANCH_COUNTER,1959.71,DEBIT,SUCCESS,00,2026-05-16 20:02:00
TXN100143,ACC10004,C1269,NEFT,UPI_GATEWAY,9348.53,CREDIT,SUCCESS,00,2025-04-05 16:23:00
TXN100144,ACC10164,C1333,RTGS,MOBILE_APP,9002.89,CREDIT,SUCCESS,00,2025-07-19 00:48:00
TXN100145,ACC10389,C1452,NEFT,MOBILE_APP,677.17,DEBIT,SUCCESS,00,2026-07-05 21:34:00
TXN100146,ACC10173,C1249,ATM_WITHDRAWAL,ATM,21024.27,DEBIT,SUCCESS,00,2025-07-09 06:10:00
TXN100147,ACC10429,C1142,ATM_WITHDRAWAL,MOBILE_APP,15242.28,DEBIT,FAILED,14,2026-06-24 12:54:00
TXN100148,ACC10263,C1177,IMPS,NET_BANKING,36024.46,DEBIT,SUCCESS,00,2025-09-06 05:50:00
TXN100149,ACC10142,C1372,DEBIT_CARD_POS,NET_BANKING,8187.07,CREDIT,SUCCESS,00,2025-09-12 01:43:00
TXN100150,ACC10039,C1087,UPI,ATM,10106.55,CREDIT,SUCCESS,00,2025-01-04 16:30:00
TXN100151,ACC10074,C1275,BILL_PAYMENT,NET_BANKING,5505.77,DEBIT,SUCCESS,00,2026-05-24 02:30:00
TXN100152,ACC10098,C1341,ATM_WITHDRAWAL,NET_BANKING,3660.25,DEBIT,SUCCESS,00,2025-10-01 01:58:00
TXN100153,ACC10105,C1188,IMPS,BRANCH_COUNTER,15148.67,DEBIT,SUCCESS,00,2025-08-21 09:58:00
TXN100154,ACC10015,C1145,IMPS,NET_BANKING,1584.76,DEBIT,SUCCESS,00,2025-05-12 03:49:00
TXN100155,ACC10443,C1276,ATM_WITHDRAWAL,ATM,410.86,DEBIT,SUCCESS,00,2025-03-17 22:47:00
TXN100156,ACC10363,C1326,BILL_PAYMENT,UPI_GATEWAY,2458.43,CREDIT,SUCCESS,00,2025-10-06 10:46:00
TXN100157,ACC10184,C1127,NEFT,ATM,2073.96,DEBIT,SUCCESS,00,2026-05-10 23:47:00
TXN100158,ACC10046,C1483,BILL_PAYMENT,MOBILE_APP,5194.71,CREDIT,SUCCESS,00,2025-04-02 15:40:00
TXN100159,ACC10590,C1046,UPI,MOBILE_APP,11087.06,CREDIT,SUCCESS,00,2025-03-05 15:45:00
TXN100160,ACC10295,C1225,BILL_PAYMENT,UPI_GATEWAY,5032.07,DEBIT,SUCCESS,00,2025-07-08 01:24:00
TXN100161,ACC10547,C1105,NEFT,NET_BANKING,27028.98,DEBIT,SUCCESS,00,2025-07-13 19:27:00
TXN100162,ACC10379,C1258,BILL_PAYMENT,NET_BANKING,8230.79,DEBIT,SUCCESS,00,2025-12-02 01:57:00
TXN100163,ACC10025,C1338,RTGS,BRANCH_COUNTER,3971.67,DEBIT,SUCCESS,00,2025-02-25 09:54:00
TXN100164,ACC10437,C1259,BILL_PAYMENT,MOBILE_APP,17650.13,DEBIT,SUCCESS,00,2025-12-17 07:14:00
TXN100165,ACC10039,C1087,RTGS,ATM,4424.1,CREDIT,SUCCESS,00,2025-07-07 13:54:00
TXN100166,ACC10047,C1215,UPI,NET_BANKING,2296.79,DEBIT,SUCCESS,00,2025-02-17 19:15:00
TXN100167,ACC10520,C1440,UPI,UPI_GATEWAY,39835.54,CREDIT,SUCCESS,00,2025-05-16 15:46:00
TXN100168,ACC10535,C1084,IMPS,MOBILE_APP,11149.21,DEBIT,SUCCESS,00,2026-06-02 05:29:00
TXN100169,ACC10112,C1202,ATM_WITHDRAWAL,ATM,3544.65,CREDIT,SUCCESS,00,2026-02-13 20:39:00
TXN100170,ACC10253,C1104,ATM_WITHDRAWAL,ATM,56034.98,DEBIT,SUCCESS,00,2025-08-12 03:45:00
TXN100171,ACC10222,C1239,ATM_WITHDRAWAL,UPI_GATEWAY,14713.4,DEBIT,SUCCESS,00,2026-06-23 00:49:00
TXN100172,ACC10591,C1419,BILL_PAYMENT,MOBILE_APP,19470.0,CREDIT,SUCCESS,00,2026-03-12 01:57:00
TXN100173,ACC10002,C1044,NEFT,NET_BANKING,23538.85,DEBIT,SUCCESS,00,2026-02-21 20:03:00
TXN100174,ACC10293,C1131,IMPS,BRANCH_COUNTER,9115.13,CREDIT,SUCCESS,00,2026-01-03 11:08:00
TXN100175,ACC10632,C1109,NEFT,NET_BANKING,4914.91,DEBIT,SUCCESS,00,2026-07-05 23:07:00
TXN100176,ACC10107,C1311,UPI,BRANCH_COUNTER,4753.08,CREDIT,SUCCESS,00,2025-11-18 12:42:00
TXN100177,ACC10013,C1162,NEFT,MOBILE_APP,18111.04,DEBIT,SUCCESS,00,2025-06-21 15:05:00
TXN100178,ACC10354,C1493,UPI,NET_BANKING,277.52,DEBIT,SUCCESS,00,2025-10-05 19:54:00
TXN100179,ACC10593,C1362,UPI,UPI_GATEWAY,17196.66,CREDIT,SUCCESS,00,2025-09-24 21:25:00
TXN100180,ACC10148,C1403,IMPS,ATM,9653.85,DEBIT,SUCCESS,00,2026-05-07 16:29:00
TXN100181,ACC10606,C1133,UPI,BRANCH_COUNTER,8593.33,CREDIT,SUCCESS,00,2025-11-30 06:18:00
TXN100182,ACC10028,C1387,RTGS,BRANCH_COUNTER,14762.21,CREDIT,SUCCESS,00,2025-01-06 22:19:00
TXN100183,ACC10240,C1350,RTGS,MOBILE_APP,7143.6,CREDIT,SUCCESS,00,2025-12-04 19:56:00
TXN100184,ACC10217,C1398,ATM_WITHDRAWAL,ATM,14578.0,DEBIT,SUCCESS,00,2026-02-22 03:49:00
TXN100185,ACC10267,C1354,ATM_WITHDRAWAL,ATM,6654.79,CREDIT,SUCCESS,00,2026-07-03 23:55:00
TXN100186,ACC10220,C1467,DEBIT_CARD_POS,BRANCH_COUNTER,25874.35,DEBIT,PENDING_SETTLEMENT,91,2025-09-05 16:28:00
TXN100187,ACC10590,C1046,NEFT,MOBILE_APP,814.89,DEBIT,SUCCESS,00,2026-03-26 18:19:00
TXN100188,ACC10594,C1108,NEFT,NET_BANKING,46103.86,DEBIT,SUCCESS,00,2026-01-19 21:30:00
TXN100189,ACC10108,C1433,ATM_WITHDRAWAL,NET_BANKING,3275.81,DEBIT,SUCCESS,00,2025-06-13 23:09:00
TXN100190,ACC10336,C1384,NEFT,MOBILE_APP,54774.53,DEBIT,SUCCESS,00,2026-03-30 05:44:00
TXN100191,ACC10463,C1066,UPI,UPI_GATEWAY,5239.3,DEBIT,SUCCESS,00,2025-12-21 07:57:00
TXN100192,ACC10111,C1017,UPI,NET_BANKING,4416.37,DEBIT,SUCCESS,00,2026-05-27 01:01:00
TXN100193,ACC10286,C1229,DEBIT_CARD_POS,MOBILE_APP,12608.39,DEBIT,SUCCESS,00,2025-05-26 15:27:00
TXN100194,ACC10497,C1152,RTGS,MOBILE_APP,220.96,DEBIT,SUCCESS,00,2025-08-23 02:08:00
TXN100195,ACC10055,C1398,UPI,BRANCH_COUNTER,21832.33,DEBIT,SUCCESS,00,2025-07-21 02:44:00
TXN100196,ACC10102,C1069,DEBIT_CARD_POS,MOBILE_APP,22105.79,DEBIT,SUCCESS,00,2025-07-08 09:01:00
TXN100197,ACC10120,C1320,IMPS,BRANCH_COUNTER,30440.87,DEBIT,SUCCESS,00,2026-07-01 10:32:00
TXN100198,ACC10540,C1197,DEBIT_CARD_POS,ATM,13902.54,DEBIT,SUCCESS,00,2026-06-13 01:36:00
TXN100199,ACC10006,C1324,NEFT,ATM,90054.67,DEBIT,SUCCESS,00,2026-01-23 15:56:00
TXN100200,ACC10115,C1404,UPI,MOBILE_APP,23408.75,CREDIT,SUCCESS,00,2025-03-12 04:56:00
TXN100201,ACC10533,C1475,BILL_PAYMENT,BRANCH_COUNTER,26262.97,DEBIT,SUCCESS,00,2025-02-15 06:35:00
TXN100202,ACC10005,C1480,BILL_PAYMENT,NET_BANKING,24959.18,DEBIT,SUCCESS,00,2025-09-21 23:29:00
TXN100203,ACC10586,C1418,IMPS,NET_BANKING,7761.44,DEBIT,SUCCESS,00,2026-06-05 21:11:00
TXN100204,ACC10550,C1316,UPI,NET_BANKING,2694.83,DEBIT,FAILED,14,2026-05-19 06:09:00
TXN100205,ACC10023,C1125,UPI,BRANCH_COUNTER,14231.0,DEBIT,SUCCESS,00,2025-05-20 00:51:00
TXN100206,ACC10461,C1156,ATM_WITHDRAWAL,NET_BANKING,5209.2,CREDIT,SUCCESS,00,2025-05-09 14:57:00
TXN100207,ACC10540,C1197,RTGS,ATM,12390.93,DEBIT,SUCCESS,00,2026-02-01 05:29:00
TXN100208,ACC10350,C1358,ATM_WITHDRAWAL,NET_BANKING,5298.87,DEBIT,SUCCESS,00,2025-07-01 18:25:00
TXN100209,ACC10517,C1128,UPI,ATM,33133.87,CREDIT,SUCCESS,00,2026-06-09 04:49:00
TXN100210,ACC10214,C1280,DEBIT_CARD_POS,BRANCH_COUNTER,10519.27,DEBIT,SUCCESS,00,2026-02-15 22:39:00
TXN100211,ACC10634,C1222,DEBIT_CARD_POS,BRANCH_COUNTER,28858.2,CREDIT,SUCCESS,00,2025-03-28 14:18:00
TXN100212,ACC10473,C1183,DEBIT_CARD_POS,NET_BANKING,842.14,DEBIT,SUCCESS,00,2026-01-08 13:38:00
TXN100213,ACC10109,C1398,BILL_PAYMENT,NET_BANKING,6045.73,DEBIT,SUCCESS,00,2025-08-19 23:17:00
TXN100214,ACC10413,C1206,DEBIT_CARD_POS,NET_BANKING,2862.69,DEBIT,SUCCESS,00,2026-04-06 03:20:00
TXN100215,ACC10167,C1465,DEBIT_CARD_POS,BRANCH_COUNTER,7003.95,DEBIT,SUCCESS,00,2026-04-11 15:34:00
TXN100216,ACC10531,C1057,RTGS,MOBILE_APP,14738.52,CREDIT,SUCCESS,00,2025-11-21 14:53:00
TXN100217,ACC10310,C1206,IMPS,MOBILE_APP,5335.89,DEBIT,SUCCESS,00,2025-09-23 01:28:00
TXN100218,ACC10147,C1183,NEFT,BRANCH_COUNTER,4461.98,DEBIT,SUCCESS,00,2025-08-29 06:08:00
TXN100219,ACC10186,C1083,RTGS,ATM,14917.6,DEBIT,SUCCESS,00,2025-08-21 01:52:00
TXN100220,ACC10357,C1016,IMPS,BRANCH_COUNTER,2832.64,DEBIT,SUCCESS,00,2025-07-16 11:02:00
TXN100221,ACC10059,C1381,DEBIT_CARD_POS,NET_BANKING,3735.29,DEBIT,SUCCESS,00,2025-12-07 03:58:00
TXN100222,ACC10060,C1082,NEFT,UPI_GATEWAY,9149.55,DEBIT,SUCCESS,00,2025-07-14 23:19:00
TXN100223,ACC10311,C1167,NEFT,MOBILE_APP,2843.21,CREDIT,SUCCESS,00,2025-04-11 10:08:00
TXN100224,ACC10577,C1479,ATM_WITHDRAWAL,NET_BANKING,11885.52,CREDIT,SUCCESS,00,2025-01-31 10:15:00
TXN100225,ACC10646,C1155,IMPS,ATM,8591.67,DEBIT,SUCCESS,00,2025-04-13 07:30:00
TXN100226,ACC10190,C1026,UPI,BRANCH_COUNTER,33499.93,DEBIT,SUCCESS,00,2025-01-16 03:17:00
TXN100227,ACC10360,C1457,BILL_PAYMENT,MOBILE_APP,934.82,DEBIT,SUCCESS,00,2025-07-18 12:00:00
TXN100228,ACC10499,C1472,RTGS,NET_BANKING,13551.85,CREDIT,SUCCESS,00,2025-01-13 10:23:00
TXN100229,ACC10625,C1141,UPI,NET_BANKING,35467.22,DEBIT,SUCCESS,00,2025-12-09 13:41:00
TXN100230,ACC10339,C1059,ATM_WITHDRAWAL,ATM,9566.26,DEBIT,SUCCESS,00,2025-06-10 05:55:00
TXN100231,ACC10460,C1447,BILL_PAYMENT,BRANCH_COUNTER,18669.63,DEBIT,SUCCESS,00,2025-05-25 02:57:00
TXN100232,ACC10148,C1403,IMPS,MOBILE_APP,42539.59,DEBIT,PENDING_SETTLEMENT,96,2025-06-14 21:19:00
TXN100233,ACC10544,C1102,RTGS,MOBILE_APP,28105.58,DEBIT,SUCCESS,00,2025-06-30 03:03:00
TXN100234,ACC10555,C1474,UPI,ATM,2143.69,CREDIT,SUCCESS,00,2025-08-23 17:10:00
TXN100235,ACC10520,C1440,NEFT,MOBILE_APP,12206.03,DEBIT,SUCCESS,00,2025-07-31 12:32:00
TXN100236,ACC10550,C1316,IMPS,ATM,31635.39,DEBIT,SUCCESS,00,2026-06-27 02:44:00
TXN100237,ACC10419,C1463,RTGS,NET_BANKING,10364.47,DEBIT,SUCCESS,00,2025-04-16 10:37:00
TXN100238,ACC10258,C1329,RTGS,ATM,12544.93,DEBIT,SUCCESS,00,2025-10-01 13:20:00
TXN100239,ACC10333,C1205,RTGS,MOBILE_APP,8202.48,CREDIT,SUCCESS,00,2025-11-09 19:59:00
TXN100240,ACC10413,C1206,BILL_PAYMENT,BRANCH_COUNTER,2363.47,DEBIT,SUCCESS,00,2025-07-14 16:51:00
TXN100241,ACC10185,C1329,UPI,ATM,36426.51,CREDIT,SUCCESS,00,2026-03-16 12:29:00
TXN100242,ACC10167,C1465,RTGS,ATM,49268.06,CREDIT,SUCCESS,00,2025-06-16 04:37:00
TXN100243,ACC10576,C1053,UPI,MOBILE_APP,13080.91,DEBIT,SUCCESS,00,2026-05-18 18:23:00
TXN100244,ACC10258,C1329,UPI,ATM,17843.82,CREDIT,SUCCESS,00,2026-05-03 03:26:00
TXN100245,ACC10043,C1448,NEFT,MOBILE_APP,33807.67,DEBIT,SUCCESS,00,2025-11-03 12:11:00
TXN100246,ACC10553,C1293,UPI,BRANCH_COUNTER,9309.69,CREDIT,SUCCESS,00,2025-05-14 10:02:00
TXN100247,ACC10586,C1418,BILL_PAYMENT,NET_BANKING,12729.64,DEBIT,SUCCESS,00,2026-05-25 15:42:00
TXN100248,ACC10234,C1138,RTGS,UPI_GATEWAY,12579.87,DEBIT,SUCCESS,00,2025-03-12 04:29:00
TXN100249,ACC10624,C1399,ATM_WITHDRAWAL,BRANCH_COUNTER,2348.18,DEBIT,SUCCESS,00,2026-03-04 01:57:00
TXN100250,ACC10023,C1125,BILL_PAYMENT,NET_BANKING,3731.5,DEBIT,SUCCESS,00,2025-07-15 22:34:00
TXN100251,ACC10092,C1294,IMPS,ATM,12672.1,CREDIT,SUCCESS,00,2025-01-01 18:02:00
TXN100252,ACC10342,C1068,NEFT,NET_BANKING,1747.43,DEBIT,SUCCESS,00,2025-05-07 03:56:00
TXN100253,ACC10256,C1136,UPI,ATM,1161.94,CREDIT,SUCCESS,00,2026-06-03 02:46:00
TXN100254,ACC10245,C1179,ATM_WITHDRAWAL,ATM,594.98,CREDIT,SUCCESS,00,2026-07-10 00:35:00
TXN100255,ACC10474,C1122,UPI,MOBILE_APP,866.37,DEBIT,SUCCESS,00,2025-10-27 10:12:00
TXN100256,ACC10366,C1480,RTGS,BRANCH_COUNTER,16378.89,DEBIT,SUCCESS,00,2025-11-04 19:06:00
TXN100257,ACC10489,C1211,DEBIT_CARD_POS,MOBILE_APP,21636.79,CREDIT,SUCCESS,00,2025-11-25 08:03:00
TXN100258,ACC10082,C1150,DEBIT_CARD_POS,MOBILE_APP,4041.7,DEBIT,SUCCESS,00,2026-04-06 12:42:00
TXN100259,ACC10216,C1295,RTGS,UPI_GATEWAY,7089.43,DEBIT,SUCCESS,00,2025-10-14 06:30:00
TXN100260,ACC10649,C1384,ATM_WITHDRAWAL,MOBILE_APP,21292.82,DEBIT,SUCCESS,00,2026-04-22 23:40:00
TXN100261,ACC10564,C1117,IMPS,NET_BANKING,3356.95,DEBIT,SUCCESS,00,2026-05-22 04:47:00
TXN100262,ACC10312,C1366,ATM_WITHDRAWAL,BRANCH_COUNTER,379.45,CREDIT,SUCCESS,00,2025-12-14 20:04:00
TXN100263,ACC10042,C1116,RTGS,MOBILE_APP,19443.46,DEBIT,SUCCESS,00,2025-09-20 05:45:00
TXN100264,ACC10437,C1259,ATM_WITHDRAWAL,BRANCH_COUNTER,6312.01,CREDIT,SUCCESS,00,2026-03-10 00:20:00
TXN100265,ACC10104,C1368,ATM_WITHDRAWAL,NET_BANKING,23892.2,DEBIT,SUCCESS,00,2025-04-10 02:32:00
TXN100266,ACC10154,C1444,RTGS,BRANCH_COUNTER,118859.92,DEBIT,SUCCESS,00,2026-01-08 01:15:00
TXN100267,ACC10611,C1435,DEBIT_CARD_POS,UPI_GATEWAY,20829.61,CREDIT,SUCCESS,00,2025-06-27 20:14:00
TXN100268,ACC10064,C1045,ATM_WITHDRAWAL,BRANCH_COUNTER,5830.89,DEBIT,SUCCESS,00,2025-03-16 07:21:00
TXN100269,ACC10073,C1380,UPI,BRANCH_COUNTER,18988.46,DEBIT,SUCCESS,00,2025-07-25 21:48:00
TXN100270,ACC10576,C1053,ATM_WITHDRAWAL,BRANCH_COUNTER,16805.86,DEBIT,SUCCESS,00,2025-07-28 18:46:00
TXN100271,ACC10316,C1202,DEBIT_CARD_POS,UPI_GATEWAY,1629.68,DEBIT,SUCCESS,00,2026-03-14 11:59:00
TXN100272,ACC10523,C1018,RTGS,MOBILE_APP,1090.68,DEBIT,SUCCESS,00,2025-08-05 18:10:00
TXN100273,ACC10194,C1475,UPI,UPI_GATEWAY,5912.33,DEBIT,SUCCESS,00,2025-06-09 06:13:00
TXN100274,ACC10439,C1032,IMPS,BRANCH_COUNTER,2642.29,CREDIT,SUCCESS,00,2026-03-13 14:25:00
TXN100275,ACC10516,C1437,RTGS,BRANCH_COUNTER,46496.05,DEBIT,SUCCESS,00,2026-01-16 08:05:00
TXN100276,ACC10537,C1240,UPI,NET_BANKING,38903.59,CREDIT,SUCCESS,00,2026-06-29 13:01:00
TXN100277,ACC10127,C1480,ATM_WITHDRAWAL,BRANCH_COUNTER,49021.57,DEBIT,SUCCESS,00,2025-07-12 21:28:00
TXN100278,ACC10263,C1177,DEBIT_CARD_POS,UPI_GATEWAY,22273.81,DEBIT,SUCCESS,00,2025-01-04 10:39:00
TXN100279,ACC10634,C1222,NEFT,BRANCH_COUNTER,12078.91,DEBIT,SUCCESS,00,2026-06-11 01:53:00
TXN100280,ACC10386,C1296,BILL_PAYMENT,MOBILE_APP,10295.87,CREDIT,SUCCESS,00,2025-08-18 20:52:00
TXN100281,ACC10113,C1383,DEBIT_CARD_POS,ATM,25335.53,DEBIT,SUCCESS,00,2026-06-02 08:16:00
TXN100282,ACC10204,C1216,NEFT,NET_BANKING,8596.33,CREDIT,SUCCESS,00,2025-09-14 07:08:00
TXN100283,ACC10078,C1412,RTGS,MOBILE_APP,19571.72,CREDIT,PENDING_SETTLEMENT,91,2025-07-15 04:57:00
TXN100284,ACC10581,C1071,ATM_WITHDRAWAL,BRANCH_COUNTER,9060.07,DEBIT,SUCCESS,00,2025-04-08 20:51:00
TXN100285,ACC10493,C1190,IMPS,MOBILE_APP,1363.43,DEBIT,SUCCESS,00,2025-06-24 14:42:00
TXN100286,ACC10531,C1057,UPI,NET_BANKING,25757.99,DEBIT,SUCCESS,00,2025-10-23 22:21:00
TXN100287,ACC10610,C1173,DEBIT_CARD_POS,BRANCH_COUNTER,6812.8,DEBIT,SUCCESS,00,2025-01-20 17:20:00
TXN100288,ACC10330,C1122,RTGS,BRANCH_COUNTER,46895.92,CREDIT,SUCCESS,00,2025-11-20 09:45:00
TXN100289,ACC10180,C1190,UPI,ATM,14176.45,DEBIT,SUCCESS,00,2026-01-08 20:52:00
TXN100290,ACC10439,C1032,IMPS,UPI_GATEWAY,15904.01,DEBIT,SUCCESS,00,2026-04-22 01:21:00
TXN100291,ACC10115,C1404,UPI,ATM,1787.26,DEBIT,SUCCESS,00,2025-01-18 21:01:00
TXN100292,ACC10528,C1492,RTGS,MOBILE_APP,251.87,DEBIT,SUCCESS,00,2025-03-14 18:57:00
TXN100293,ACC10547,C1105,BILL_PAYMENT,MOBILE_APP,24622.2,DEBIT,SUCCESS,00,2025-04-17 06:43:00
TXN100294,ACC10055,C1398,IMPS,BRANCH_COUNTER,8292.74,CREDIT,SUCCESS,00,2025-12-29 13:57:00
TXN100295,ACC10220,C1467,RTGS,ATM,407.33,DEBIT,SUCCESS,00,2025-01-20 12:26:00
TXN100296,ACC10599,C1268,RTGS,BRANCH_COUNTER,6321.23,CREDIT,SUCCESS,00,2026-04-27 00:02:00
TXN100297,ACC10122,C1427,BILL_PAYMENT,BRANCH_COUNTER,120492.67,DEBIT,SUCCESS,00,2025-03-13 05:12:00
TXN100298,ACC10212,C1149,UPI,NET_BANKING,31283.62,CREDIT,SUCCESS,00,2025-01-11 15:05:00
TXN100299,ACC10554,C1186,DEBIT_CARD_POS,MOBILE_APP,28855.36,DEBIT,SUCCESS,00,2025-03-04 01:23:00
TXN100300,ACC10450,C1062,BILL_PAYMENT,BRANCH_COUNTER,33408.87,DEBIT,SUCCESS,00,2025-01-16 15:25:00
TXN100301,ACC10540,C1197,RTGS,NET_BANKING,44039.01,DEBIT,SUCCESS,00,2026-04-20 17:35:00
TXN100302,ACC10122,C1427,RTGS,BRANCH_COUNTER,20114.45,DEBIT,SUCCESS,00,2026-03-21 21:28:00
TXN100303,ACC10573,C1165,RTGS,ATM,2201.46,DEBIT,SUCCESS,00,2025-11-03 08:37:00
TXN100304,ACC10627,C1207,IMPS,NET_BANKING,2984.6,DEBIT,SUCCESS,00,2025-02-09 08:50:00
TXN100305,ACC10083,C1104,BILL_PAYMENT,BRANCH_COUNTER,11522.37,DEBIT,SUCCESS,00,2025-09-21 13:18:00
TXN100306,ACC10191,C1194,BILL_PAYMENT,BRANCH_COUNTER,44638.15,DEBIT,SUCCESS,00,2025-04-02 06:58:00
TXN100307,ACC10146,C1222,NEFT,BRANCH_COUNTER,10882.76,CREDIT,SUCCESS,00,2025-01-22 22:06:00
TXN100308,ACC10487,C1176,RTGS,UPI_GATEWAY,38770.69,CREDIT,SUCCESS,00,2026-06-02 12:25:00
TXN100309,ACC10013,C1162,BILL_PAYMENT,MOBILE_APP,877.62,CREDIT,SUCCESS,00,2026-04-18 03:14:00
TXN100310,ACC10341,C1436,ATM_WITHDRAWAL,MOBILE_APP,27820.92,DEBIT,SUCCESS,00,2025-04-07 10:46:00
TXN100311,ACC10147,C1183,UPI,NET_BANKING,136.86,DEBIT,SUCCESS,00,2026-06-08 14:36:00
TXN100312,ACC10220,C1467,DEBIT_CARD_POS,ATM,38784.56,CREDIT,SUCCESS,00,2025-09-07 06:43:00
TXN100313,ACC10512,C1471,BILL_PAYMENT,UPI_GATEWAY,18792.46,DEBIT,SUCCESS,00,2026-01-04 19:48:00
TXN100314,ACC10321,C1366,DEBIT_CARD_POS,NET_BANKING,450.34,DEBIT,SUCCESS,00,2025-05-08 10:25:00
TXN100315,ACC10496,C1473,BILL_PAYMENT,MOBILE_APP,6478.06,DEBIT,SUCCESS,00,2025-05-28 21:56:00
TXN100316,ACC10034,C1394,NEFT,NET_BANKING,4861.09,CREDIT,SUCCESS,00,2025-07-26 14:06:00
TXN100317,ACC10498,C1069,NEFT,UPI_GATEWAY,6213.74,DEBIT,SUCCESS,00,2025-09-22 09:03:00
TXN100318,ACC10277,C1190,UPI,ATM,6989.23,DEBIT,SUCCESS,00,2025-11-05 21:39:00
TXN100319,ACC10290,C1470,UPI,BRANCH_COUNTER,4899.83,DEBIT,SUCCESS,00,2025-06-03 14:03:00
TXN100320,ACC10419,C1463,ATM_WITHDRAWAL,NET_BANKING,7291.97,DEBIT,SUCCESS,00,2026-03-23 01:06:00
TXN100321,ACC10531,C1057,UPI,NET_BANKING,45901.64,CREDIT,SUCCESS,00,2025-04-13 23:09:00
TXN100322,ACC10451,C1249,BILL_PAYMENT,BRANCH_COUNTER,47644.88,DEBIT,SUCCESS,00,2026-02-24 07:46:00
TXN100323,ACC10575,C1073,UPI,ATM,807.08,DEBIT,SUCCESS,00,2025-08-02 16:02:00
TXN100324,ACC10207,C1152,ATM_WITHDRAWAL,BRANCH_COUNTER,15179.99,DEBIT,SUCCESS,00,2026-04-11 00:15:00
TXN100325,ACC10336,C1384,IMPS,MOBILE_APP,29669.75,CREDIT,SUCCESS,00,2025-08-21 00:43:00
TXN100326,ACC10013,C1162,UPI,NET_BANKING,11387.26,CREDIT,SUCCESS,00,2025-02-02 19:32:00
TXN100327,ACC10307,C1079,ATM_WITHDRAWAL,ATM,630.52,CREDIT,SUCCESS,00,2025-08-17 07:39:00
TXN100328,ACC10590,C1046,DEBIT_CARD_POS,NET_BANKING,22518.53,DEBIT,SUCCESS,00,2026-05-14 23:25:00
TXN100329,ACC10006,C1324,DEBIT_CARD_POS,ATM,8985.59,DEBIT,SUCCESS,00,2025-04-30 08:31:00
TXN100330,ACC10010,C1444,BILL_PAYMENT,MOBILE_APP,2043.96,DEBIT,SUCCESS,00,2025-07-09 22:05:00
TXN100331,ACC10421,C1207,BILL_PAYMENT,NET_BANKING,9602.87,DEBIT,SUCCESS,00,2025-02-28 13:58:00
TXN100332,ACC10617,C1068,ATM_WITHDRAWAL,ATM,20278.69,DEBIT,SUCCESS,00,2025-05-20 08:31:00
TXN100333,ACC10207,C1152,ATM_WITHDRAWAL,BRANCH_COUNTER,21313.22,DEBIT,SUCCESS,00,2025-10-20 00:35:00
TXN100334,ACC10176,C1331,BILL_PAYMENT,ATM,279.64,DEBIT,SUCCESS,00,2025-01-30 14:37:00
TXN100335,ACC10051,C1109,BILL_PAYMENT,MOBILE_APP,27904.43,CREDIT,SUCCESS,00,2025-11-17 17:13:00
TXN100336,ACC10494,C1275,RTGS,MOBILE_APP,12228.79,DEBIT,FAILED,51,2026-02-19 00:08:00
TXN100337,ACC10239,C1378,DEBIT_CARD_POS,BRANCH_COUNTER,3436.66,DEBIT,SUCCESS,00,2025-03-03 00:57:00
TXN100338,ACC10008,C1232,IMPS,MOBILE_APP,5098.51,DEBIT,SUCCESS,00,2026-02-12 04:27:00
TXN100339,ACC10304,C1286,UPI,UPI_GATEWAY,14715.11,DEBIT,SUCCESS,00,2025-01-25 16:52:00
TXN100340,ACC10203,C1155,ATM_WITHDRAWAL,MOBILE_APP,5489.59,DEBIT,SUCCESS,00,2026-03-08 19:48:00
TXN100341,ACC10286,C1229,NEFT,MOBILE_APP,34888.86,CREDIT,SUCCESS,00,2025-06-27 00:56:00
TXN100342,ACC10349,C1441,BILL_PAYMENT,ATM,7362.12,DEBIT,SUCCESS,00,2026-03-30 16:22:00
TXN100343,ACC10437,C1259,BILL_PAYMENT,UPI_GATEWAY,4390.12,DEBIT,SUCCESS,00,2026-07-07 02:05:00
TXN100344,ACC10223,C1165,IMPS,NET_BANKING,8457.17,DEBIT,SUCCESS,00,2025-02-11 08:27:00
TXN100345,ACC10055,C1398,DEBIT_CARD_POS,MOBILE_APP,18291.53,CREDIT,SUCCESS,00,2025-09-13 22:23:00
TXN100346,ACC10603,C1228,NEFT,NET_BANKING,1857.89,DEBIT,SUCCESS,00,2025-05-31 17:34:00
TXN100347,ACC10267,C1354,DEBIT_CARD_POS,MOBILE_APP,16773.59,DEBIT,SUCCESS,00,2026-06-01 00:08:00
TXN100348,ACC10540,C1197,IMPS,ATM,3208.56,CREDIT,SUCCESS,00,2025-07-27 05:08:00
TXN100349,ACC10046,C1483,DEBIT_CARD_POS,NET_BANKING,53194.14,CREDIT,SUCCESS,00,2025-11-26 10:46:00
TXN100350,ACC10383,C1047,DEBIT_CARD_POS,UPI_GATEWAY,477.86,DEBIT,SUCCESS,00,2025-11-21 23:57:00
TXN100351,ACC10627,C1207,NEFT,BRANCH_COUNTER,14313.37,DEBIT,SUCCESS,00,2026-02-08 09:58:00
TXN100352,ACC10044,C1028,IMPS,UPI_GATEWAY,3531.14,CREDIT,SUCCESS,00,2025-08-07 07:40:00
TXN100353,ACC10122,C1427,UPI,BRANCH_COUNTER,5450.78,DEBIT,SUCCESS,00,2025-10-11 00:02:00
TXN100354,ACC10519,C1080,DEBIT_CARD_POS,MOBILE_APP,4667.02,DEBIT,SUCCESS,00,2026-06-20 16:05:00
TXN100355,ACC10360,C1457,RTGS,MOBILE_APP,44242.64,DEBIT,SUCCESS,00,2025-09-24 13:09:00
TXN100356,ACC10565,C1368,ATM_WITHDRAWAL,MOBILE_APP,12205.86,CREDIT,SUCCESS,00,2025-06-26 08:08:00
TXN100357,ACC10137,C1103,NEFT,NET_BANKING,8018.66,DEBIT,SUCCESS,00,2025-08-20 00:03:00
TXN100358,ACC10498,C1069,IMPS,ATM,5356.11,CREDIT,FAILED,91,2025-06-14 08:52:00
TXN100359,ACC10599,C1268,BILL_PAYMENT,UPI_GATEWAY,9478.71,CREDIT,SUCCESS,00,2025-07-21 16:49:00
TXN100360,ACC10035,C1425,NEFT,ATM,9203.45,DEBIT,SUCCESS,00,2026-01-10 14:57:00
TXN100361,ACC10369,C1273,RTGS,UPI_GATEWAY,17402.77,DEBIT,SUCCESS,00,2026-01-03 19:30:00
TXN100362,ACC10059,C1381,IMPS,NET_BANKING,27303.11,DEBIT,SUCCESS,00,2026-03-19 07:25:00
TXN100363,ACC10112,C1202,ATM_WITHDRAWAL,ATM,19727.37,DEBIT,SUCCESS,00,2026-04-12 05:27:00
TXN100364,ACC10018,C1373,BILL_PAYMENT,BRANCH_COUNTER,7850.71,DEBIT,SUCCESS,00,2025-01-27 22:45:00
TXN100365,ACC10528,C1492,UPI,BRANCH_COUNTER,6867.82,CREDIT,SUCCESS,00,2026-01-03 15:57:00
TXN100366,ACC10009,C1308,ATM_WITHDRAWAL,UPI_GATEWAY,29880.97,DEBIT,SUCCESS,00,2025-03-24 21:34:00
TXN100367,ACC10091,C1334,UPI,ATM,2142.78,CREDIT,SUCCESS,00,2026-06-21 20:45:00
TXN100368,ACC10314,C1205,BILL_PAYMENT,MOBILE_APP,8501.67,CREDIT,SUCCESS,00,2025-08-17 16:34:00
TXN100369,ACC10038,C1164,NEFT,NET_BANKING,6549.87,CREDIT,SUCCESS,00,2026-04-04 12:21:00
TXN100370,ACC10298,C1186,ATM_WITHDRAWAL,MOBILE_APP,2279.34,DEBIT,SUCCESS,00,2026-05-02 03:46:00
TXN100371,ACC10285,C1444,UPI,ATM,30526.96,DEBIT,SUCCESS,00,2025-09-29 11:29:00
TXN100372,ACC10595,C1056,RTGS,UPI_GATEWAY,6556.49,DEBIT,SUCCESS,00,2026-03-12 15:58:00
TXN100373,ACC10287,C1462,BILL_PAYMENT,MOBILE_APP,265.36,DEBIT,SUCCESS,00,2025-02-25 23:56:00
TXN100374,ACC10150,C1199,BILL_PAYMENT,ATM,2132.51,CREDIT,SUCCESS,00,2026-01-14 13:48:00
TXN100375,ACC10109,C1398,NEFT,MOBILE_APP,27109.22,DEBIT,SUCCESS,00,2025-12-12 08:57:00
TXN100376,ACC10261,C1158,BILL_PAYMENT,NET_BANKING,10677.79,DEBIT,SUCCESS,00,2026-01-10 21:57:00
TXN100377,ACC10536,C1007,DEBIT_CARD_POS,NET_BANKING,16979.99,DEBIT,SUCCESS,00,2025-07-21 20:18:00
TXN100378,ACC10378,C1272,UPI,UPI_GATEWAY,4748.86,CREDIT,SUCCESS,00,2025-06-26 13:39:00
TXN100379,ACC10262,C1043,RTGS,UPI_GATEWAY,6913.03,DEBIT,SUCCESS,00,2025-06-14 04:44:00
TXN100380,ACC10229,C1191,DEBIT_CARD_POS,ATM,6106.48,CREDIT,SUCCESS,00,2025-07-08 21:04:00
TXN100381,ACC10217,C1398,NEFT,MOBILE_APP,6158.27,CREDIT,SUCCESS,00,2026-05-04 18:29:00
TXN100382,ACC10389,C1452,RTGS,BRANCH_COUNTER,15138.71,DEBIT,SUCCESS,00,2025-07-26 15:20:00
TXN100383,ACC10079,C1282,ATM_WITHDRAWAL,MOBILE_APP,2972.47,DEBIT,SUCCESS,00,2025-10-03 15:00:00
TXN100384,ACC10244,C1247,DEBIT_CARD_POS,ATM,6895.21,DEBIT,SUCCESS,00,2026-05-09 13:32:00
TXN100385,ACC10167,C1465,UPI,NET_BANKING,7574.86,DEBIT,SUCCESS,00,2025-10-21 15:50:00
TXN100386,ACC10333,C1205,BILL_PAYMENT,MOBILE_APP,3680.92,CREDIT,SUCCESS,00,2026-03-24 05:54:00
TXN100387,ACC10220,C1467,ATM_WITHDRAWAL,NET_BANKING,8612.95,CREDIT,SUCCESS,00,2025-01-17 06:04:00
TXN100388,ACC10583,C1216,UPI,UPI_GATEWAY,26582.35,DEBIT,SUCCESS,00,2025-03-17 04:29:00
TXN100389,ACC10117,C1026,IMPS,ATM,7830.85,DEBIT,SUCCESS,00,2026-01-06 14:36:00
TXN100390,ACC10340,C1452,ATM_WITHDRAWAL,MOBILE_APP,42380.41,DEBIT,SUCCESS,00,2025-10-01 03:27:00
TXN100391,ACC10138,C1190,NEFT,ATM,50446.53,DEBIT,SUCCESS,00,2025-11-21 11:01:00
TXN100392,ACC10320,C1234,ATM_WITHDRAWAL,NET_BANKING,90264.13,DEBIT,SUCCESS,00,2025-05-06 08:46:00
TXN100393,ACC10438,C1077,DEBIT_CARD_POS,MOBILE_APP,32331.01,DEBIT,SUCCESS,00,2025-02-23 23:34:00
TXN100394,ACC10279,C1144,IMPS,MOBILE_APP,40233.28,DEBIT,SUCCESS,00,2025-04-21 07:09:00
TXN100395,ACC10380,C1193,IMPS,ATM,24240.94,CREDIT,SUCCESS,00,2025-06-17 16:12:00
TXN100396,ACC10528,C1492,BILL_PAYMENT,MOBILE_APP,18800.18,DEBIT,SUCCESS,00,2025-01-04 03:22:00
TXN100397,ACC10504,C1166,BILL_PAYMENT,NET_BANKING,3448.4,DEBIT,SUCCESS,00,2026-02-21 15:40:00
TXN100398,ACC10034,C1394,ATM_WITHDRAWAL,BRANCH_COUNTER,28701.36,CREDIT,SUCCESS,00,2025-11-26 13:39:00
TXN100399,ACC10024,C1358,BILL_PAYMENT,MOBILE_APP,9122.98,DEBIT,SUCCESS,00,2025-10-17 10:19:00
TXN100400,ACC10641,C1093,UPI,MOBILE_APP,14332.23,DEBIT,SUCCESS,00,2025-06-06 16:48:00
TXN100401,ACC10103,C1498,BILL_PAYMENT,NET_BANKING,25188.82,CREDIT,SUCCESS,00,2025-12-11 13:02:00
TXN100402,ACC10037,C1435,RTGS,UPI_GATEWAY,10210.48,DEBIT,SUCCESS,00,2025-04-14 13:38:00
TXN100403,ACC10221,C1146,RTGS,ATM,1864.13,DEBIT,SUCCESS,00,2026-04-19 04:38:00
TXN100404,ACC10047,C1215,ATM_WITHDRAWAL,MOBILE_APP,11126.02,CREDIT,SUCCESS,00,2026-04-13 08:59:00
TXN100405,ACC10643,C1399,DEBIT_CARD_POS,BRANCH_COUNTER,2150.94,CREDIT,SUCCESS,00,2026-03-03 22:13:00
TXN100406,ACC10526,C1462,IMPS,ATM,10546.18,DEBIT,SUCCESS,00,2025-12-24 00:36:00
TXN100407,ACC10163,C1276,RTGS,ATM,6222.0,CREDIT,SUCCESS,00,2025-04-05 20:55:00
TXN100408,ACC10365,C1481,DEBIT_CARD_POS,NET_BANKING,25146.87,CREDIT,SUCCESS,00,2025-12-23 10:24:00
TXN100409,ACC10030,C1259,BILL_PAYMENT,UPI_GATEWAY,7393.0,CREDIT,SUCCESS,00,2026-06-22 19:06:00
TXN100410,ACC10269,C1067,UPI,BRANCH_COUNTER,15253.85,CREDIT,SUCCESS,00,2025-09-18 19:41:00
TXN100411,ACC10149,C1382,IMPS,ATM,4196.56,DEBIT,SUCCESS,00,2025-10-31 12:50:00
TXN100412,ACC10086,C1329,BILL_PAYMENT,MOBILE_APP,18137.56,DEBIT,SUCCESS,00,2025-01-22 14:59:00
TXN100413,ACC10095,C1085,RTGS,UPI_GATEWAY,9297.78,DEBIT,SUCCESS,00,2025-08-19 16:27:00
TXN100414,ACC10400,C1188,RTGS,MOBILE_APP,1311.57,DEBIT,SUCCESS,00,2025-04-04 15:25:00
TXN100415,ACC10381,C1007,ATM_WITHDRAWAL,ATM,17882.04,CREDIT,SUCCESS,00,2026-03-29 21:20:00
TXN100416,ACC10032,C1264,DEBIT_CARD_POS,BRANCH_COUNTER,32750.74,DEBIT,SUCCESS,00,2025-04-05 06:33:00
TXN100417,ACC10420,C1390,NEFT,ATM,5157.0,DEBIT,SUCCESS,00,2026-03-11 04:44:00
TXN100418,ACC10501,C1108,RTGS,UPI_GATEWAY,45121.44,CREDIT,SUCCESS,00,2025-08-28 12:11:00
TXN100419,ACC10236,C1109,BILL_PAYMENT,UPI_GATEWAY,33457.29,CREDIT,SUCCESS,00,2026-02-16 06:51:00
TXN100420,ACC10614,C1070,IMPS,ATM,26951.54,CREDIT,SUCCESS,00,2025-04-17 14:40:00
TXN100421,ACC10205,C1302,NEFT,BRANCH_COUNTER,4078.48,CREDIT,SUCCESS,00,2025-08-10 03:57:00
TXN100422,ACC10246,C1128,BILL_PAYMENT,BRANCH_COUNTER,14491.26,DEBIT,SUCCESS,00,2026-06-17 13:53:00
TXN100423,ACC10418,C1114,RTGS,NET_BANKING,20809.72,DEBIT,SUCCESS,00,2025-02-24 18:32:00
TXN100424,ACC10393,C1048,BILL_PAYMENT,ATM,19964.13,DEBIT,SUCCESS,00,2025-03-04 07:51:00
TXN100425,ACC10532,C1119,NEFT,UPI_GATEWAY,9461.77,CREDIT,SUCCESS,00,2025-04-13 23:57:00
TXN100426,ACC10113,C1383,BILL_PAYMENT,MOBILE_APP,6460.11,DEBIT,SUCCESS,00,2025-04-08 01:31:00
TXN100427,ACC10644,C1154,RTGS,NET_BANKING,13807.38,CREDIT,SUCCESS,00,2025-11-28 22:05:00
TXN100428,ACC10162,C1415,IMPS,NET_BANKING,4794.54,CREDIT,SUCCESS,00,2025-06-29 23:48:00
TXN100429,ACC10605,C1280,ATM_WITHDRAWAL,ATM,2792.25,CREDIT,SUCCESS,00,2025-12-01 15:15:00
TXN100430,ACC10180,C1190,RTGS,UPI_GATEWAY,8027.03,DEBIT,SUCCESS,00,2025-11-04 15:05:00
TXN100431,ACC10641,C1093,DEBIT_CARD_POS,BRANCH_COUNTER,18675.62,DEBIT,SUCCESS,00,2026-01-23 04:04:00
TXN100432,ACC10021,C1350,IMPS,ATM,4912.42,CREDIT,SUCCESS,00,2026-06-25 07:40:00
TXN100433,ACC10257,C1347,NEFT,UPI_GATEWAY,184.15,DEBIT,SUCCESS,00,2025-04-10 20:15:00
TXN100434,ACC10305,C1472,UPI,ATM,29378.42,CREDIT,SUCCESS,00,2026-01-21 17:42:00
TXN100435,ACC10310,C1206,BILL_PAYMENT,MOBILE_APP,10777.16,CREDIT,SUCCESS,00,2025-11-05 10:20:00
TXN100436,ACC10171,C1073,IMPS,NET_BANKING,15178.9,DEBIT,SUCCESS,00,2025-06-02 12:43:00
TXN100437,ACC10363,C1326,ATM_WITHDRAWAL,MOBILE_APP,4206.46,DEBIT,FAILED,91,2026-03-31 12:31:00
TXN100438,ACC10410,C1480,DEBIT_CARD_POS,ATM,3812.81,DEBIT,FAILED,96,2025-08-19 02:35:00
TXN100439,ACC10620,C1010,NEFT,UPI_GATEWAY,30797.12,CREDIT,SUCCESS,00,2026-05-19 16:31:00
TXN100440,ACC10286,C1229,UPI,NET_BANKING,25673.71,DEBIT,PENDING_SETTLEMENT,14,2025-04-12 19:46:00
TXN100441,ACC10523,C1018,RTGS,MOBILE_APP,2233.52,DEBIT,SUCCESS,00,2025-11-02 07:25:00
TXN100442,ACC10424,C1127,BILL_PAYMENT,UPI_GATEWAY,79024.08,DEBIT,SUCCESS,00,2026-01-08 14:47:00
TXN100443,ACC10484,C1197,IMPS,ATM,51246.64,DEBIT,SUCCESS,00,2025-06-02 19:59:00
TXN100444,ACC10264,C1338,BILL_PAYMENT,MOBILE_APP,3865.34,DEBIT,SUCCESS,00,2026-03-10 17:19:00
TXN100445,ACC10100,C1013,ATM_WITHDRAWAL,ATM,16138.25,DEBIT,SUCCESS,00,2025-05-10 20:04:00
TXN100446,ACC10165,C1141,BILL_PAYMENT,MOBILE_APP,4260.74,DEBIT,SUCCESS,00,2025-05-09 12:06:00
TXN100447,ACC10058,C1069,DEBIT_CARD_POS,MOBILE_APP,9393.06,CREDIT,SUCCESS,00,2025-12-27 09:42:00
TXN100448,ACC10519,C1080,ATM_WITHDRAWAL,NET_BANKING,27935.09,DEBIT,SUCCESS,00,2026-03-14 14:55:00
TXN100449,ACC10614,C1070,BILL_PAYMENT,NET_BANKING,60394.2,DEBIT,SUCCESS,00,2025-11-05 12:18:00
TXN100450,ACC10134,C1199,DEBIT_CARD_POS,NET_BANKING,54574.2,DEBIT,SUCCESS,00,2026-02-02 17:03:00
TXN100451,ACC10378,C1272,UPI,MOBILE_APP,2017.55,DEBIT,SUCCESS,00,2025-07-07 05:49:00
TXN100452,ACC10376,C1347,NEFT,UPI_GATEWAY,26498.19,CREDIT,SUCCESS,00,2026-02-09 17:36:00
TXN100453,ACC10032,C1264,IMPS,ATM,23199.92,CREDIT,SUCCESS,00,2025-06-30 07:53:00
TXN100454,ACC10148,C1403,IMPS,NET_BANKING,6149.9,DEBIT,SUCCESS,00,2025-01-20 00:11:00
TXN100455,ACC10443,C1276,NEFT,NET_BANKING,8444.51,DEBIT,SUCCESS,00,2026-01-27 05:45:00
TXN100456,ACC10169,C1477,UPI,ATM,2889.95,DEBIT,SUCCESS,00,2025-02-09 10:30:00
TXN100457,ACC10161,C1493,NEFT,ATM,5404.69,DEBIT,SUCCESS,00,2025-12-05 08:52:00
TXN100458,ACC10600,C1272,BILL_PAYMENT,BRANCH_COUNTER,2084.8,DEBIT,SUCCESS,00,2026-04-20 10:35:00
TXN100459,ACC10131,C1158,UPI,ATM,12438.99,CREDIT,SUCCESS,00,2025-02-26 17:13:00
TXN100460,ACC10637,C1250,UPI,MOBILE_APP,18246.39,CREDIT,SUCCESS,00,2025-10-08 16:21:00
TXN100461,ACC10376,C1347,DEBIT_CARD_POS,ATM,29228.82,CREDIT,SUCCESS,00,2025-06-10 01:01:00
TXN100462,ACC10570,C1451,RTGS,ATM,1929.06,DEBIT,SUCCESS,00,2025-01-26 18:37:00
TXN100463,ACC10087,C1091,ATM_WITHDRAWAL,NET_BANKING,3018.37,DEBIT,SUCCESS,00,2025-01-05 14:54:00
TXN100464,ACC10561,C1156,DEBIT_CARD_POS,MOBILE_APP,17660.07,DEBIT,SUCCESS,00,2025-04-02 09:10:00
TXN100465,ACC10269,C1067,DEBIT_CARD_POS,BRANCH_COUNTER,3179.63,CREDIT,SUCCESS,00,2026-05-23 11:42:00
TXN100466,ACC10202,C1185,DEBIT_CARD_POS,MOBILE_APP,1528.48,DEBIT,SUCCESS,00,2026-04-01 11:00:00
TXN100467,ACC10638,C1361,UPI,ATM,26352.73,DEBIT,SUCCESS,00,2025-09-06 19:55:00
TXN100468,ACC10616,C1353,ATM_WITHDRAWAL,MOBILE_APP,17374.69,DEBIT,SUCCESS,00,2026-01-15 09:56:00
TXN100469,ACC10515,C1379,UPI,UPI_GATEWAY,1480.96,CREDIT,SUCCESS,00,2025-06-12 10:51:00
TXN100470,ACC10347,C1213,ATM_WITHDRAWAL,UPI_GATEWAY,2313.84,DEBIT,SUCCESS,00,2025-11-05 01:24:00
TXN100471,ACC10600,C1272,UPI,ATM,1680.94,DEBIT,SUCCESS,00,2025-02-17 13:04:00
TXN100472,ACC10626,C1165,RTGS,NET_BANKING,14716.5,DEBIT,SUCCESS,00,2025-04-07 20:21:00
TXN100473,ACC10084,C1079,ATM_WITHDRAWAL,UPI_GATEWAY,4924.59,DEBIT,SUCCESS,00,2026-06-07 03:31:00
TXN100474,ACC10246,C1128,ATM_WITHDRAWAL,UPI_GATEWAY,13447.35,DEBIT,SUCCESS,00,2025-07-09 03:50:00
TXN100475,ACC10188,C1034,UPI,UPI_GATEWAY,17418.39,CREDIT,SUCCESS,00,2026-01-11 21:41:00
TXN100476,ACC10240,C1350,BILL_PAYMENT,MOBILE_APP,41952.46,DEBIT,SUCCESS,00,2025-06-10 16:02:00
TXN100477,ACC10399,C1070,RTGS,BRANCH_COUNTER,1789.33,DEBIT,SUCCESS,00,2025-08-01 07:58:00
TXN100478,ACC10589,C1233,IMPS,NET_BANKING,6087.85,CREDIT,SUCCESS,00,2025-02-14 19:12:00
TXN100479,ACC10407,C1332,IMPS,UPI_GATEWAY,2977.32,DEBIT,SUCCESS,00,2025-02-23 05:05:00
TXN100480,ACC10016,C1130,BILL_PAYMENT,UPI_GATEWAY,54985.46,DEBIT,SUCCESS,00,2025-10-02 20:11:00
TXN100481,ACC10066,C1025,BILL_PAYMENT,BRANCH_COUNTER,17955.41,DEBIT,SUCCESS,00,2026-01-29 22:15:00
TXN100482,ACC10527,C1155,ATM_WITHDRAWAL,BRANCH_COUNTER,850.81,DEBIT,SUCCESS,00,2025-01-02 19:09:00
TXN100483,ACC10096,C1115,BILL_PAYMENT,MOBILE_APP,3387.09,DEBIT,SUCCESS,00,2025-06-09 22:34:00
TXN100484,ACC10206,C1455,IMPS,BRANCH_COUNTER,7663.32,CREDIT,SUCCESS,00,2025-03-27 14:12:00
TXN100485,ACC10138,C1190,UPI,NET_BANKING,10792.37,DEBIT,SUCCESS,00,2025-10-30 01:29:00
TXN100486,ACC10411,C1267,DEBIT_CARD_POS,MOBILE_APP,3681.75,DEBIT,SUCCESS,00,2026-03-01 14:42:00
TXN100487,ACC10051,C1109,NEFT,MOBILE_APP,16923.52,DEBIT,SUCCESS,00,2025-05-16 19:12:00
TXN100488,ACC10627,C1207,BILL_PAYMENT,BRANCH_COUNTER,9814.35,CREDIT,SUCCESS,00,2025-09-09 14:21:00
TXN100489,ACC10360,C1457,NEFT,UPI_GATEWAY,21772.87,DEBIT,SUCCESS,00,2025-10-28 17:53:00
TXN100490,ACC10536,C1007,RTGS,BRANCH_COUNTER,5214.44,DEBIT,SUCCESS,00,2025-09-24 06:33:00
TXN100491,ACC10565,C1368,DEBIT_CARD_POS,UPI_GATEWAY,4883.03,DEBIT,SUCCESS,00,2025-05-01 13:22:00
TXN100492,ACC10197,C1337,NEFT,BRANCH_COUNTER,31057.73,CREDIT,SUCCESS,00,2026-01-11 07:16:00
TXN100493,ACC10530,C1051,UPI,MOBILE_APP,58373.97,CREDIT,SUCCESS,00,2026-04-01 10:03:00
TXN100494,ACC10418,C1114,UPI,NET_BANKING,8733.55,CREDIT,SUCCESS,00,2025-09-05 03:33:00
TXN100495,ACC10100,C1013,BILL_PAYMENT,NET_BANKING,4147.12,DEBIT,SUCCESS,00,2025-01-03 01:13:00
TXN100496,ACC10123,C1271,UPI,BRANCH_COUNTER,9173.01,DEBIT,FAILED,96,2026-03-02 13:37:00
TXN100497,ACC10099,C1416,UPI,BRANCH_COUNTER,67849.79,CREDIT,SUCCESS,00,2025-11-22 14:57:00
TXN100498,ACC10022,C1226,UPI,NET_BANKING,4906.67,DEBIT,SUCCESS,00,2025-02-16 04:58:00
TXN100499,ACC10123,C1271,DEBIT_CARD_POS,ATM,14146.3,DEBIT,SUCCESS,00,2025-05-27 22:28:00
TXN100500,ACC10394,C1456,UPI,MOBILE_APP,22444.87,DEBIT,SUCCESS,00,2025-01-23 23:27:00
TXN100501,ACC10177,C1318,NEFT,NET_BANKING,4448.56,DEBIT,SUCCESS,00,2025-09-20 22:30:00
TXN100502,ACC10111,C1017,BILL_PAYMENT,BRANCH_COUNTER,3735.52,DEBIT,SUCCESS,00,2026-07-04 17:18:00
TXN100503,ACC10342,C1068,RTGS,MOBILE_APP,7193.79,DEBIT,SUCCESS,00,2025-12-13 03:57:00
TXN100504,ACC10061,C1499,UPI,UPI_GATEWAY,7195.6,DEBIT,SUCCESS,00,2025-11-21 02:45:00
TXN100505,ACC10434,C1095,DEBIT_CARD_POS,NET_BANKING,16476.43,CREDIT,SUCCESS,00,2025-06-30 12:46:00
TXN100506,ACC10567,C1013,BILL_PAYMENT,NET_BANKING,1777.03,DEBIT,SUCCESS,00,2026-07-02 23:46:00
TXN100507,ACC10437,C1259,RTGS,UPI_GATEWAY,1231.88,CREDIT,SUCCESS,00,2025-03-31 06:24:00
TXN100508,ACC10119,C1187,UPI,NET_BANKING,8631.71,DEBIT,SUCCESS,00,2025-10-17 04:32:00
TXN100509,ACC10534,C1433,NEFT,UPI_GATEWAY,5691.9,DEBIT,SUCCESS,00,2025-04-25 10:12:00
TXN100510,ACC10640,C1293,ATM_WITHDRAWAL,MOBILE_APP,52437.07,DEBIT,SUCCESS,00,2026-06-07 16:04:00
TXN100511,ACC10081,C1072,BILL_PAYMENT,UPI_GATEWAY,40830.21,CREDIT,SUCCESS,00,2025-02-03 03:28:00
TXN100512,ACC10543,C1311,BILL_PAYMENT,MOBILE_APP,71788.88,CREDIT,SUCCESS,00,2025-06-20 15:41:00
TXN100513,ACC10562,C1465,RTGS,MOBILE_APP,1706.67,DEBIT,SUCCESS,00,2025-12-20 15:52:00
TXN100514,ACC10338,C1337,NEFT,BRANCH_COUNTER,7251.48,DEBIT,SUCCESS,00,2026-05-22 03:51:00
TXN100515,ACC10345,C1089,DEBIT_CARD_POS,NET_BANKING,14415.11,CREDIT,SUCCESS,00,2026-05-23 06:16:00
TXN100516,ACC10349,C1441,IMPS,ATM,14038.44,DEBIT,SUCCESS,00,2025-08-22 02:41:00
TXN100517,ACC10292,C1407,RTGS,ATM,1598.38,CREDIT,SUCCESS,00,2025-03-09 11:40:00
TXN100518,ACC10127,C1480,DEBIT_CARD_POS,NET_BANKING,1755.72,DEBIT,FAILED,51,2025-02-18 18:46:00
TXN100519,ACC10277,C1190,ATM_WITHDRAWAL,NET_BANKING,13687.96,DEBIT,SUCCESS,00,2025-07-02 21:42:00
TXN100520,ACC10439,C1032,UPI,NET_BANKING,60135.14,DEBIT,SUCCESS,00,2026-04-04 05:10:00
TXN100521,ACC10500,C1218,UPI,UPI_GATEWAY,7064.31,DEBIT,SUCCESS,00,2025-05-21 07:29:00
TXN100522,ACC10456,C1266,DEBIT_CARD_POS,MOBILE_APP,1312.82,CREDIT,SUCCESS,00,2025-12-31 20:58:00
TXN100523,ACC10390,C1009,DEBIT_CARD_POS,NET_BANKING,25455.84,DEBIT,SUCCESS,00,2025-03-03 04:34:00
TXN100524,ACC10143,C1074,IMPS,ATM,15664.61,CREDIT,SUCCESS,00,2025-10-16 03:21:00
TXN100525,ACC10185,C1329,DEBIT_CARD_POS,BRANCH_COUNTER,32925.71,DEBIT,SUCCESS,00,2025-08-21 14:23:00
TXN100526,ACC10490,C1019,IMPS,MOBILE_APP,18257.59,DEBIT,SUCCESS,00,2025-02-26 09:47:00
TXN100527,ACC10453,C1004,IMPS,BRANCH_COUNTER,9581.85,CREDIT,SUCCESS,00,2025-07-24 22:23:00
TXN100528,ACC10041,C1103,UPI,UPI_GATEWAY,19176.49,DEBIT,SUCCESS,00,2026-03-10 16:53:00
TXN100529,ACC10542,C1156,DEBIT_CARD_POS,UPI_GATEWAY,9398.44,DEBIT,SUCCESS,00,2025-01-13 02:12:00
TXN100530,ACC10463,C1066,RTGS,NET_BANKING,50863.8,CREDIT,SUCCESS,00,2025-11-05 12:06:00
TXN100531,ACC10224,C1239,UPI,BRANCH_COUNTER,1892.01,CREDIT,SUCCESS,00,2026-07-04 22:14:00
TXN100532,ACC10097,C1027,UPI,MOBILE_APP,1537.99,DEBIT,SUCCESS,00,2025-03-21 15:28:00
TXN100533,ACC10063,C1052,BILL_PAYMENT,MOBILE_APP,23742.2,DEBIT,SUCCESS,00,2025-09-30 05:24:00
TXN100534,ACC10211,C1395,NEFT,NET_BANKING,30105.46,DEBIT,SUCCESS,00,2026-04-03 09:31:00
TXN100535,ACC10357,C1016,NEFT,ATM,3336.08,CREDIT,SUCCESS,00,2026-07-10 10:00:00
TXN100536,ACC10042,C1116,RTGS,ATM,7602.68,DEBIT,SUCCESS,00,2025-08-11 08:57:00
TXN100537,ACC10222,C1239,IMPS,NET_BANKING,4455.4,DEBIT,SUCCESS,00,2025-07-18 22:19:00
TXN100538,ACC10015,C1145,RTGS,NET_BANKING,6688.03,DEBIT,SUCCESS,00,2025-10-11 22:12:00
TXN100539,ACC10341,C1436,UPI,NET_BANKING,2810.68,CREDIT,SUCCESS,00,2026-04-08 20:03:00
TXN100540,ACC10419,C1463,DEBIT_CARD_POS,NET_BANKING,14809.09,DEBIT,SUCCESS,00,2025-03-10 04:11:00
TXN100541,ACC10399,C1070,DEBIT_CARD_POS,MOBILE_APP,9235.0,DEBIT,SUCCESS,00,2026-05-05 14:51:00
TXN100542,ACC10356,C1122,UPI,NET_BANKING,17320.69,CREDIT,SUCCESS,00,2026-06-19 08:43:00
TXN100543,ACC10425,C1464,BILL_PAYMENT,UPI_GATEWAY,13309.67,CREDIT,SUCCESS,00,2025-10-25 18:53:00
TXN100544,ACC10048,C1176,ATM_WITHDRAWAL,NET_BANKING,11363.5,DEBIT,SUCCESS,00,2026-05-03 03:15:00
TXN100545,ACC10463,C1066,UPI,BRANCH_COUNTER,768.07,DEBIT,FAILED,51,2026-03-02 06:03:00
TXN100546,ACC10339,C1059,BILL_PAYMENT,ATM,3711.25,CREDIT,SUCCESS,00,2025-06-02 00:50:00
TXN100547,ACC10299,C1026,RTGS,NET_BANKING,22878.5,DEBIT,FAILED,51,2026-02-27 01:08:00
TXN100548,ACC10024,C1358,ATM_WITHDRAWAL,BRANCH_COUNTER,12779.1,DEBIT,SUCCESS,00,2025-04-07 12:06:00
TXN100549,ACC10638,C1361,IMPS,MOBILE_APP,1076.35,DEBIT,SUCCESS,00,2026-06-28 06:27:00
TXN100550,ACC10242,C1114,DEBIT_CARD_POS,UPI_GATEWAY,26932.87,DEBIT,SUCCESS,00,2025-04-14 23:12:00
TXN100551,ACC10415,C1467,NEFT,MOBILE_APP,12994.17,CREDIT,SUCCESS,00,2025-07-26 12:39:00
TXN100552,ACC10532,C1119,RTGS,ATM,22929.81,DEBIT,SUCCESS,00,2025-02-15 12:35:00
TXN100553,ACC10382,C1403,NEFT,MOBILE_APP,30835.22,CREDIT,SUCCESS,00,2025-06-12 22:18:00
TXN100554,ACC10440,C1264,BILL_PAYMENT,BRANCH_COUNTER,5363.31,DEBIT,SUCCESS,00,2025-05-27 07:34:00
TXN100555,ACC10332,C1461,UPI,NET_BANKING,3676.93,DEBIT,SUCCESS,00,2025-03-19 21:28:00
TXN100556,ACC10147,C1183,DEBIT_CARD_POS,ATM,7785.87,DEBIT,SUCCESS,00,2025-08-16 03:51:00
TXN100557,ACC10399,C1070,BILL_PAYMENT,MOBILE_APP,7465.01,DEBIT,SUCCESS,00,2025-08-02 12:35:00
TXN100558,ACC10376,C1347,DEBIT_CARD_POS,MOBILE_APP,1094.26,DEBIT,SUCCESS,00,2025-12-18 03:35:00
TXN100559,ACC10190,C1026,RTGS,MOBILE_APP,2262.19,DEBIT,PENDING_SETTLEMENT,96,2026-04-23 23:20:00
TXN100560,ACC10565,C1368,DEBIT_CARD_POS,ATM,10855.65,CREDIT,SUCCESS,00,2026-03-25 03:23:00
TXN100561,ACC10112,C1202,ATM_WITHDRAWAL,MOBILE_APP,7168.29,CREDIT,SUCCESS,00,2025-01-18 17:32:00
TXN100562,ACC10435,C1244,RTGS,BRANCH_COUNTER,68538.57,DEBIT,SUCCESS,00,2025-12-24 16:06:00
TXN100563,ACC10078,C1412,BILL_PAYMENT,UPI_GATEWAY,1211.18,CREDIT,SUCCESS,00,2025-10-15 05:41:00
TXN100564,ACC10317,C1289,BILL_PAYMENT,BRANCH_COUNTER,34083.25,DEBIT,SUCCESS,00,2026-01-25 10:51:00
TXN100565,ACC10119,C1187,DEBIT_CARD_POS,UPI_GATEWAY,14460.54,DEBIT,SUCCESS,00,2025-07-15 07:40:00
TXN100566,ACC10330,C1122,IMPS,UPI_GATEWAY,7668.18,DEBIT,SUCCESS,00,2025-04-27 09:16:00
TXN100567,ACC10335,C1178,UPI,ATM,33104.03,CREDIT,SUCCESS,00,2026-05-16 12:43:00
TXN100568,ACC10350,C1358,RTGS,UPI_GATEWAY,24188.41,DEBIT,SUCCESS,00,2025-10-29 07:26:00
TXN100569,ACC10020,C1169,BILL_PAYMENT,ATM,2265.97,DEBIT,SUCCESS,00,2025-09-11 02:54:00
TXN100570,ACC10026,C1451,DEBIT_CARD_POS,MOBILE_APP,17331.12,DEBIT,SUCCESS,00,2025-08-24 06:21:00
TXN100571,ACC10083,C1104,RTGS,UPI_GATEWAY,8044.04,CREDIT,SUCCESS,00,2025-12-20 16:45:00
TXN100572,ACC10286,C1229,RTGS,UPI_GATEWAY,34731.57,DEBIT,SUCCESS,00,2025-03-11 06:50:00
TXN100573,ACC10520,C1440,IMPS,UPI_GATEWAY,6444.26,DEBIT,SUCCESS,00,2026-03-23 18:26:00
TXN100574,ACC10565,C1368,IMPS,UPI_GATEWAY,1440.12,DEBIT,SUCCESS,00,2026-04-17 14:13:00
TXN100575,ACC10259,C1211,IMPS,UPI_GATEWAY,3607.9,CREDIT,SUCCESS,00,2025-05-01 07:06:00
TXN100576,ACC10584,C1216,IMPS,MOBILE_APP,7536.0,DEBIT,SUCCESS,00,2025-10-20 07:45:00
TXN100577,ACC10057,C1247,BILL_PAYMENT,ATM,15827.04,DEBIT,SUCCESS,00,2025-01-17 17:07:00
TXN100578,ACC10042,C1116,NEFT,BRANCH_COUNTER,13981.66,CREDIT,SUCCESS,00,2025-05-04 07:47:00
TXN100579,ACC10027,C1230,IMPS,BRANCH_COUNTER,634.14,DEBIT,SUCCESS,00,2026-06-23 18:17:00
TXN100580,ACC10413,C1206,DEBIT_CARD_POS,NET_BANKING,2281.95,DEBIT,SUCCESS,00,2025-07-06 07:07:00
TXN100581,ACC10265,C1500,UPI,BRANCH_COUNTER,8261.96,DEBIT,SUCCESS,00,2025-03-01 03:01:00
TXN100582,ACC10513,C1219,ATM_WITHDRAWAL,NET_BANKING,1331.97,DEBIT,SUCCESS,00,2025-06-03 07:27:00
TXN100583,ACC10397,C1492,UPI,ATM,1608.06,DEBIT,SUCCESS,00,2026-05-10 01:28:00
TXN100584,ACC10216,C1295,BILL_PAYMENT,UPI_GATEWAY,20681.09,DEBIT,SUCCESS,00,2025-08-30 16:39:00
TXN100585,ACC10608,C1363,ATM_WITHDRAWAL,NET_BANKING,4235.51,CREDIT,SUCCESS,00,2025-08-06 13:00:00
TXN100586,ACC10448,C1447,RTGS,ATM,3073.92,DEBIT,SUCCESS,00,2026-01-02 19:42:00
TXN100587,ACC10146,C1222,IMPS,ATM,20076.21,DEBIT,SUCCESS,00,2025-07-15 18:27:00
TXN100588,ACC10546,C1279,IMPS,BRANCH_COUNTER,13968.3,CREDIT,SUCCESS,00,2025-05-26 17:00:00
TXN100589,ACC10150,C1199,UPI,UPI_GATEWAY,29840.08,DEBIT,SUCCESS,00,2026-04-27 10:38:00
TXN100590,ACC10128,C1442,BILL_PAYMENT,NET_BANKING,895.67,DEBIT,SUCCESS,00,2026-04-19 09:09:00
TXN100591,ACC10110,C1238,ATM_WITHDRAWAL,UPI_GATEWAY,4332.01,CREDIT,SUCCESS,00,2025-02-11 12:30:00
TXN100592,ACC10493,C1190,DEBIT_CARD_POS,NET_BANKING,38250.29,DEBIT,SUCCESS,00,2026-02-21 18:53:00
TXN100593,ACC10271,C1158,UPI,ATM,13530.01,CREDIT,SUCCESS,00,2025-02-27 01:28:00
TXN100594,ACC10521,C1173,RTGS,ATM,14420.54,DEBIT,SUCCESS,00,2025-12-08 17:29:00
TXN100595,ACC10220,C1467,IMPS,BRANCH_COUNTER,10148.53,DEBIT,SUCCESS,00,2025-12-05 15:57:00
TXN100596,ACC10018,C1373,IMPS,BRANCH_COUNTER,3094.57,CREDIT,SUCCESS,00,2026-03-16 07:41:00
TXN100597,ACC10576,C1053,DEBIT_CARD_POS,MOBILE_APP,8706.87,DEBIT,SUCCESS,00,2026-05-31 08:58:00
TXN100598,ACC10563,C1086,ATM_WITHDRAWAL,NET_BANKING,11268.62,DEBIT,SUCCESS,00,2025-09-14 01:08:00
TXN100599,ACC10516,C1437,UPI,NET_BANKING,18071.5,CREDIT,SUCCESS,00,2026-05-21 08:49:00
TXN100600,ACC10322,C1057,IMPS,BRANCH_COUNTER,12401.59,CREDIT,SUCCESS,00,2026-06-20 16:33:00
TXN100601,ACC10572,C1047,IMPS,MOBILE_APP,19972.35,CREDIT,SUCCESS,00,2025-02-28 05:46:00
TXN100602,ACC10263,C1177,DEBIT_CARD_POS,UPI_GATEWAY,21684.89,DEBIT,SUCCESS,00,2025-01-27 13:17:00
TXN100603,ACC10200,C1115,DEBIT_CARD_POS,ATM,7075.74,DEBIT,SUCCESS,00,2025-11-18 21:39:00
TXN100604,ACC10631,C1298,ATM_WITHDRAWAL,UPI_GATEWAY,23748.23,CREDIT,SUCCESS,00,2026-01-10 05:48:00
TXN100605,ACC10392,C1124,RTGS,NET_BANKING,2550.8,DEBIT,SUCCESS,00,2025-01-07 06:12:00
TXN100606,ACC10224,C1239,UPI,ATM,11935.06,DEBIT,SUCCESS,00,2025-04-09 15:29:00
TXN100607,ACC10071,C1450,NEFT,BRANCH_COUNTER,14341.48,CREDIT,SUCCESS,00,2025-03-31 05:16:00
TXN100608,ACC10498,C1069,RTGS,MOBILE_APP,38840.46,CREDIT,SUCCESS,00,2026-01-21 22:17:00
TXN100609,ACC10246,C1128,BILL_PAYMENT,UPI_GATEWAY,2295.76,DEBIT,SUCCESS,00,2026-06-28 13:34:00
TXN100610,ACC10529,C1262,IMPS,BRANCH_COUNTER,9201.97,DEBIT,SUCCESS,00,2025-05-01 05:04:00
TXN100611,ACC10518,C1281,ATM_WITHDRAWAL,UPI_GATEWAY,10236.65,DEBIT,SUCCESS,00,2025-12-17 03:24:00
TXN100612,ACC10027,C1230,BILL_PAYMENT,ATM,8663.52,DEBIT,SUCCESS,00,2025-08-30 17:49:00
TXN100613,ACC10613,C1168,RTGS,BRANCH_COUNTER,4158.98,DEBIT,SUCCESS,00,2025-11-22 01:24:00
TXN100614,ACC10616,C1353,ATM_WITHDRAWAL,MOBILE_APP,1690.17,DEBIT,SUCCESS,00,2025-08-18 04:19:00
TXN100615,ACC10261,C1158,DEBIT_CARD_POS,ATM,8452.16,DEBIT,SUCCESS,00,2025-01-18 19:02:00
TXN100616,ACC10110,C1238,UPI,ATM,40703.96,DEBIT,SUCCESS,00,2025-07-13 15:13:00
TXN100617,ACC10564,C1117,DEBIT_CARD_POS,ATM,1860.63,DEBIT,SUCCESS,00,2025-02-11 16:21:00
TXN100618,ACC10607,C1250,UPI,ATM,16133.85,CREDIT,SUCCESS,00,2026-06-03 18:04:00
TXN100619,ACC10572,C1047,DEBIT_CARD_POS,MOBILE_APP,4212.84,CREDIT,FAILED,14,2025-03-02 11:27:00
TXN100620,ACC10072,C1046,NEFT,UPI_GATEWAY,43113.55,CREDIT,SUCCESS,00,2025-06-04 21:03:00
TXN100621,ACC10030,C1259,NEFT,BRANCH_COUNTER,8034.26,CREDIT,SUCCESS,00,2026-01-07 21:18:00
TXN100622,ACC10358,C1500,BILL_PAYMENT,BRANCH_COUNTER,1971.07,CREDIT,SUCCESS,00,2026-01-13 16:23:00
TXN100623,ACC10573,C1165,ATM_WITHDRAWAL,MOBILE_APP,7779.88,DEBIT,SUCCESS,00,2025-03-04 18:28:00
TXN100624,ACC10533,C1475,IMPS,BRANCH_COUNTER,18809.36,CREDIT,SUCCESS,00,2026-04-21 23:21:00
TXN100625,ACC10476,C1267,UPI,BRANCH_COUNTER,8664.26,DEBIT,SUCCESS,00,2026-01-14 18:22:00
TXN100626,ACC10034,C1394,RTGS,ATM,10544.64,CREDIT,SUCCESS,00,2025-10-08 16:08:00
TXN100627,ACC10386,C1296,NEFT,MOBILE_APP,4786.3,DEBIT,SUCCESS,00,2026-06-08 09:22:00
TXN100628,ACC10593,C1362,IMPS,NET_BANKING,11036.22,DEBIT,FAILED,96,2025-05-05 04:10:00
TXN100629,ACC10498,C1069,UPI,MOBILE_APP,30921.4,DEBIT,SUCCESS,00,2026-04-11 19:00:00
TXN100630,ACC10527,C1155,BILL_PAYMENT,MOBILE_APP,28337.44,CREDIT,SUCCESS,00,2025-05-27 15:37:00
TXN100631,ACC10633,C1344,RTGS,ATM,12169.48,CREDIT,PENDING_SETTLEMENT,91,2025-02-12 02:16:00
TXN100632,ACC10346,C1406,IMPS,BRANCH_COUNTER,7454.72,DEBIT,SUCCESS,00,2025-12-05 09:50:00
TXN100633,ACC10221,C1146,BILL_PAYMENT,UPI_GATEWAY,3701.7,DEBIT,SUCCESS,00,2025-10-17 10:30:00
TXN100634,ACC10044,C1028,UPI,BRANCH_COUNTER,278.89,DEBIT,SUCCESS,00,2025-06-24 16:16:00
TXN100635,ACC10089,C1029,DEBIT_CARD_POS,ATM,6298.24,CREDIT,SUCCESS,00,2026-02-08 02:44:00
TXN100636,ACC10438,C1077,UPI,MOBILE_APP,11431.52,CREDIT,SUCCESS,00,2025-04-24 16:24:00
TXN100637,ACC10102,C1069,UPI,ATM,5666.43,DEBIT,SUCCESS,00,2025-08-09 08:39:00
TXN100638,ACC10635,C1368,ATM_WITHDRAWAL,ATM,577.34,DEBIT,SUCCESS,00,2026-02-06 22:40:00
TXN100639,ACC10251,C1270,BILL_PAYMENT,MOBILE_APP,2016.48,CREDIT,SUCCESS,00,2025-05-31 19:49:00
TXN100640,ACC10361,C1203,BILL_PAYMENT,UPI_GATEWAY,520.28,CREDIT,SUCCESS,00,2026-02-08 04:49:00
TXN100641,ACC10119,C1187,BILL_PAYMENT,BRANCH_COUNTER,53209.57,CREDIT,SUCCESS,00,2025-08-18 14:00:00
TXN100642,ACC10534,C1433,ATM_WITHDRAWAL,ATM,15133.13,CREDIT,SUCCESS,00,2025-09-29 11:32:00
TXN100643,ACC10260,C1225,IMPS,NET_BANKING,19621.35,DEBIT,SUCCESS,00,2025-08-11 18:02:00
TXN100644,ACC10488,C1327,DEBIT_CARD_POS,NET_BANKING,1296.57,DEBIT,SUCCESS,00,2025-03-13 03:58:00
TXN100645,ACC10180,C1190,UPI,BRANCH_COUNTER,36002.88,DEBIT,SUCCESS,00,2026-05-20 22:58:00
TXN100646,ACC10033,C1341,UPI,NET_BANKING,42359.82,CREDIT,SUCCESS,00,2025-01-05 16:12:00
TXN100647,ACC10416,C1491,NEFT,MOBILE_APP,23486.05,CREDIT,SUCCESS,00,2025-07-12 07:25:00
TXN100648,ACC10278,C1328,IMPS,BRANCH_COUNTER,14520.08,CREDIT,SUCCESS,00,2025-02-19 02:07:00
TXN100649,ACC10181,C1213,IMPS,ATM,8135.3,DEBIT,SUCCESS,00,2026-01-04 08:13:00
TXN100650,ACC10275,C1148,BILL_PAYMENT,ATM,56803.68,DEBIT,SUCCESS,00,2026-05-15 06:34:00
TXN100651,ACC10622,C1138,UPI,MOBILE_APP,4258.04,DEBIT,SUCCESS,00,2026-02-24 11:05:00
TXN100652,ACC10567,C1013,RTGS,UPI_GATEWAY,6795.84,DEBIT,SUCCESS,00,2026-01-10 15:26:00
TXN100653,ACC10455,C1282,NEFT,BRANCH_COUNTER,11661.27,DEBIT,SUCCESS,00,2025-05-08 07:28:00
TXN100654,ACC10260,C1225,BILL_PAYMENT,BRANCH_COUNTER,15471.49,CREDIT,SUCCESS,00,2026-05-25 13:31:00
TXN100655,ACC10447,C1071,NEFT,NET_BANKING,12432.52,CREDIT,SUCCESS,00,2026-03-18 14:49:00
TXN100656,ACC10573,C1165,BILL_PAYMENT,BRANCH_COUNTER,6090.91,DEBIT,SUCCESS,00,2026-07-09 22:03:00
TXN100657,ACC10367,C1166,UPI,BRANCH_COUNTER,25893.25,DEBIT,SUCCESS,00,2026-01-28 15:58:00
TXN100658,ACC10461,C1156,UPI,NET_BANKING,6832.92,DEBIT,SUCCESS,00,2026-05-25 06:34:00
TXN100659,ACC10415,C1467,UPI,UPI_GATEWAY,4794.94,DEBIT,SUCCESS,00,2025-11-01 07:21:00
TXN100660,ACC10444,C1141,RTGS,ATM,4858.64,CREDIT,SUCCESS,00,2025-08-28 18:42:00
TXN100661,ACC10606,C1133,UPI,ATM,3284.52,CREDIT,SUCCESS,00,2025-04-22 21:01:00
TXN100662,ACC10176,C1331,ATM_WITHDRAWAL,BRANCH_COUNTER,6753.15,DEBIT,SUCCESS,00,2025-02-01 21:57:00
TXN100663,ACC10407,C1332,UPI,ATM,2892.04,DEBIT,SUCCESS,00,2025-10-01 15:19:00
TXN100664,ACC10002,C1044,NEFT,UPI_GATEWAY,940.98,DEBIT,SUCCESS,00,2026-06-24 23:45:00
TXN100665,ACC10596,C1021,DEBIT_CARD_POS,UPI_GATEWAY,22425.61,CREDIT,SUCCESS,00,2025-02-02 07:26:00
TXN100666,ACC10614,C1070,IMPS,BRANCH_COUNTER,52466.44,DEBIT,SUCCESS,00,2025-04-05 05:13:00
TXN100667,ACC10643,C1399,DEBIT_CARD_POS,NET_BANKING,13176.62,DEBIT,SUCCESS,00,2025-03-19 23:05:00
TXN100668,ACC10611,C1435,BILL_PAYMENT,MOBILE_APP,17781.21,CREDIT,SUCCESS,00,2026-01-23 17:10:00
TXN100669,ACC10308,C1073,RTGS,MOBILE_APP,7619.23,CREDIT,SUCCESS,00,2026-06-06 23:59:00
TXN100670,ACC10218,C1371,DEBIT_CARD_POS,MOBILE_APP,8064.4,CREDIT,PENDING_SETTLEMENT,91,2025-10-20 05:42:00
TXN100671,ACC10384,C1353,IMPS,UPI_GATEWAY,9378.13,DEBIT,SUCCESS,00,2025-08-16 10:55:00
TXN100672,ACC10510,C1221,IMPS,ATM,19560.0,CREDIT,SUCCESS,00,2025-03-30 14:14:00
TXN100673,ACC10600,C1272,BILL_PAYMENT,BRANCH_COUNTER,794.27,DEBIT,SUCCESS,00,2025-01-28 07:05:00
TXN100674,ACC10498,C1069,IMPS,MOBILE_APP,11432.34,DEBIT,SUCCESS,00,2025-02-04 10:32:00
TXN100675,ACC10112,C1202,DEBIT_CARD_POS,BRANCH_COUNTER,1664.69,DEBIT,SUCCESS,00,2026-04-29 11:37:00
TXN100676,ACC10287,C1462,RTGS,ATM,13412.41,DEBIT,SUCCESS,00,2026-04-07 23:08:00
TXN100677,ACC10115,C1404,ATM_WITHDRAWAL,NET_BANKING,3814.77,CREDIT,SUCCESS,00,2025-02-01 11:30:00
TXN100678,ACC10077,C1133,ATM_WITHDRAWAL,ATM,3202.31,DEBIT,SUCCESS,00,2025-05-11 18:47:00
TXN100679,ACC10154,C1444,ATM_WITHDRAWAL,UPI_GATEWAY,6242.92,DEBIT,SUCCESS,00,2025-06-20 02:35:00
TXN100680,ACC10038,C1164,DEBIT_CARD_POS,BRANCH_COUNTER,5573.26,DEBIT,SUCCESS,00,2025-01-22 10:04:00
TXN100681,ACC10065,C1029,NEFT,ATM,50962.09,DEBIT,SUCCESS,00,2026-04-26 15:50:00
TXN100682,ACC10381,C1007,NEFT,ATM,12262.71,CREDIT,SUCCESS,00,2025-12-30 13:38:00
TXN100683,ACC10052,C1464,DEBIT_CARD_POS,BRANCH_COUNTER,2507.84,CREDIT,SUCCESS,00,2025-07-19 21:12:00
TXN100684,ACC10041,C1103,UPI,MOBILE_APP,591.19,DEBIT,SUCCESS,00,2025-04-25 10:58:00
TXN100685,ACC10518,C1281,RTGS,NET_BANKING,17972.3,DEBIT,SUCCESS,00,2025-03-02 05:28:00
TXN100686,ACC10156,C1233,IMPS,NET_BANKING,8061.94,CREDIT,SUCCESS,00,2025-01-16 00:37:00
TXN100687,ACC10309,C1249,RTGS,MOBILE_APP,26455.65,DEBIT,SUCCESS,00,2026-01-02 08:07:00
TXN100688,ACC10344,C1186,NEFT,NET_BANKING,17844.66,CREDIT,SUCCESS,00,2025-07-16 14:00:00
TXN100689,ACC10302,C1240,DEBIT_CARD_POS,NET_BANKING,7728.28,DEBIT,SUCCESS,00,2025-10-19 23:56:00
TXN100690,ACC10112,C1202,NEFT,BRANCH_COUNTER,10728.42,DEBIT,PENDING_SETTLEMENT,14,2025-03-06 06:06:00
TXN100691,ACC10082,C1150,DEBIT_CARD_POS,ATM,27218.97,DEBIT,SUCCESS,00,2025-08-28 23:26:00
TXN100692,ACC10372,C1373,NEFT,BRANCH_COUNTER,3346.88,DEBIT,SUCCESS,00,2025-12-08 18:13:00
TXN100693,ACC10099,C1416,IMPS,BRANCH_COUNTER,20228.57,CREDIT,SUCCESS,00,2026-05-17 07:55:00
TXN100694,ACC10544,C1102,NEFT,MOBILE_APP,28576.05,CREDIT,SUCCESS,00,2025-11-25 06:19:00
TXN100695,ACC10269,C1067,DEBIT_CARD_POS,UPI_GATEWAY,2975.52,DEBIT,SUCCESS,00,2025-03-19 07:15:00
TXN100696,ACC10078,C1412,ATM_WITHDRAWAL,UPI_GATEWAY,7875.72,DEBIT,SUCCESS,00,2025-05-12 17:21:00
TXN100697,ACC10051,C1109,IMPS,MOBILE_APP,1066.88,CREDIT,SUCCESS,00,2025-06-01 16:22:00
TXN100698,ACC10375,C1033,RTGS,UPI_GATEWAY,12763.15,DEBIT,SUCCESS,00,2026-04-15 02:36:00
TXN100699,ACC10112,C1202,BILL_PAYMENT,ATM,11781.57,CREDIT,SUCCESS,00,2025-03-25 04:19:00
TXN100700,ACC10213,C1280,ATM_WITHDRAWAL,ATM,9331.32,DEBIT,SUCCESS,00,2025-10-03 10:05:00
TXN100701,ACC10346,C1406,IMPS,MOBILE_APP,2122.12,DEBIT,SUCCESS,00,2025-04-27 09:19:00
TXN100702,ACC10554,C1186,NEFT,BRANCH_COUNTER,12808.87,DEBIT,SUCCESS,00,2025-04-25 16:34:00
TXN100703,ACC10422,C1163,IMPS,BRANCH_COUNTER,5364.5,DEBIT,SUCCESS,00,2025-08-20 12:30:00
TXN100704,ACC10301,C1198,BILL_PAYMENT,BRANCH_COUNTER,10796.96,CREDIT,SUCCESS,00,2026-05-27 08:12:00
TXN100705,ACC10312,C1366,ATM_WITHDRAWAL,NET_BANKING,7582.23,DEBIT,SUCCESS,00,2026-04-15 11:49:00
TXN100706,ACC10168,C1155,NEFT,NET_BANKING,17163.82,DEBIT,SUCCESS,00,2026-04-03 06:10:00
TXN100707,ACC10354,C1493,NEFT,ATM,10548.38,CREDIT,SUCCESS,00,2026-04-01 12:10:00
TXN100708,ACC10308,C1073,NEFT,NET_BANKING,17016.25,DEBIT,SUCCESS,00,2025-05-28 18:50:00
TXN100709,ACC10096,C1115,RTGS,BRANCH_COUNTER,9871.06,DEBIT,SUCCESS,00,2026-06-22 00:51:00
TXN100710,ACC10580,C1014,ATM_WITHDRAWAL,UPI_GATEWAY,20164.75,DEBIT,SUCCESS,00,2025-11-16 21:42:00
TXN100711,ACC10442,C1139,UPI,MOBILE_APP,365.82,DEBIT,SUCCESS,00,2025-03-19 03:58:00
TXN100712,ACC10279,C1144,RTGS,UPI_GATEWAY,42417.49,DEBIT,SUCCESS,00,2026-01-11 12:15:00
TXN100713,ACC10330,C1122,DEBIT_CARD_POS,BRANCH_COUNTER,8957.92,DEBIT,SUCCESS,00,2025-11-14 11:59:00
TXN100714,ACC10426,C1049,IMPS,UPI_GATEWAY,19946.33,DEBIT,SUCCESS,00,2025-08-14 12:48:00
TXN100715,ACC10140,C1323,ATM_WITHDRAWAL,ATM,3014.95,DEBIT,SUCCESS,00,2026-05-30 01:13:00
TXN100716,ACC10012,C1259,BILL_PAYMENT,ATM,6921.55,DEBIT,SUCCESS,00,2026-03-16 02:32:00
TXN100717,ACC10098,C1341,BILL_PAYMENT,NET_BANKING,32259.61,DEBIT,SUCCESS,00,2025-08-06 02:01:00
TXN100718,ACC10164,C1333,ATM_WITHDRAWAL,NET_BANKING,2376.51,CREDIT,SUCCESS,00,2025-03-28 22:12:00
TXN100719,ACC10251,C1270,IMPS,UPI_GATEWAY,31778.52,CREDIT,SUCCESS,00,2026-04-19 09:15:00
TXN100720,ACC10066,C1025,IMPS,ATM,18911.99,DEBIT,SUCCESS,00,2026-03-12 08:25:00
TXN100721,ACC10527,C1155,DEBIT_CARD_POS,NET_BANKING,12422.59,DEBIT,SUCCESS,00,2025-07-14 13:59:00
TXN100722,ACC10469,C1179,DEBIT_CARD_POS,NET_BANKING,7466.02,DEBIT,SUCCESS,00,2025-06-01 05:49:00
TXN100723,ACC10073,C1380,ATM_WITHDRAWAL,BRANCH_COUNTER,19712.8,DEBIT,SUCCESS,00,2025-01-05 22:21:00
TXN100724,ACC10032,C1264,BILL_PAYMENT,UPI_GATEWAY,25641.67,DEBIT,SUCCESS,00,2025-12-29 16:43:00
TXN100725,ACC10032,C1264,BILL_PAYMENT,ATM,4489.3,DEBIT,SUCCESS,00,2026-04-26 17:21:00
TXN100726,ACC10103,C1498,DEBIT_CARD_POS,BRANCH_COUNTER,1885.15,CREDIT,SUCCESS,00,2026-03-21 19:46:00
TXN100727,ACC10239,C1378,DEBIT_CARD_POS,UPI_GATEWAY,16184.45,DEBIT,SUCCESS,00,2026-06-18 01:51:00
TXN100728,ACC10260,C1225,NEFT,MOBILE_APP,8863.61,DEBIT,SUCCESS,00,2025-06-17 11:07:00
TXN100729,ACC10153,C1273,BILL_PAYMENT,MOBILE_APP,9658.61,DEBIT,SUCCESS,00,2026-02-17 04:51:00
TXN100730,ACC10082,C1150,DEBIT_CARD_POS,MOBILE_APP,30113.92,CREDIT,SUCCESS,00,2025-02-09 02:25:00
TXN100731,ACC10326,C1160,DEBIT_CARD_POS,BRANCH_COUNTER,22875.68,CREDIT,SUCCESS,00,2026-04-30 02:53:00
TXN100732,ACC10403,C1328,DEBIT_CARD_POS,BRANCH_COUNTER,43486.91,DEBIT,SUCCESS,00,2025-11-15 01:44:00
TXN100733,ACC10245,C1179,BILL_PAYMENT,NET_BANKING,616.1,DEBIT,SUCCESS,00,2026-05-22 07:03:00
TXN100734,ACC10533,C1475,BILL_PAYMENT,BRANCH_COUNTER,3942.49,CREDIT,SUCCESS,00,2025-08-03 23:31:00
TXN100735,ACC10160,C1007,RTGS,UPI_GATEWAY,16586.82,CREDIT,SUCCESS,00,2026-02-14 21:26:00
TXN100736,ACC10556,C1437,DEBIT_CARD_POS,MOBILE_APP,29027.74,DEBIT,SUCCESS,00,2025-07-26 03:34:00
TXN100737,ACC10217,C1398,BILL_PAYMENT,BRANCH_COUNTER,9538.27,CREDIT,SUCCESS,00,2025-06-23 04:47:00
TXN100738,ACC10324,C1065,BILL_PAYMENT,BRANCH_COUNTER,89470.06,CREDIT,SUCCESS,00,2025-06-23 19:18:00
TXN100739,ACC10100,C1013,IMPS,MOBILE_APP,31207.51,DEBIT,SUCCESS,00,2026-07-06 07:57:00
TXN100740,ACC10537,C1240,UPI,NET_BANKING,7605.12,DEBIT,SUCCESS,00,2025-05-31 07:32:00
TXN100741,ACC10081,C1072,RTGS,BRANCH_COUNTER,24237.6,CREDIT,SUCCESS,00,2025-03-02 12:40:00
TXN100742,ACC10134,C1199,RTGS,MOBILE_APP,38828.94,CREDIT,SUCCESS,00,2025-01-17 11:31:00
TXN100743,ACC10048,C1176,BILL_PAYMENT,NET_BANKING,29523.3,DEBIT,SUCCESS,00,2026-05-13 12:32:00
TXN100744,ACC10092,C1294,RTGS,NET_BANKING,3758.67,CREDIT,SUCCESS,00,2025-11-07 23:23:00
TXN100745,ACC10156,C1233,RTGS,ATM,13261.88,CREDIT,SUCCESS,00,2025-02-20 00:43:00
TXN100746,ACC10631,C1298,BILL_PAYMENT,NET_BANKING,3957.67,DEBIT,SUCCESS,00,2025-11-28 10:18:00
TXN100747,ACC10272,C1251,IMPS,BRANCH_COUNTER,5144.43,CREDIT,SUCCESS,00,2026-04-17 08:11:00
TXN100748,ACC10251,C1270,IMPS,MOBILE_APP,52044.29,CREDIT,SUCCESS,00,2026-05-23 08:46:00
TXN100749,ACC10622,C1138,RTGS,ATM,21932.2,DEBIT,SUCCESS,00,2025-09-04 05:53:00
TXN100750,ACC10297,C1092,NEFT,BRANCH_COUNTER,535.17,CREDIT,SUCCESS,00,2026-05-25 18:51:00
TXN100751,ACC10193,C1139,NEFT,ATM,8037.39,DEBIT,SUCCESS,00,2026-06-30 22:50:00
TXN100752,ACC10522,C1309,IMPS,UPI_GATEWAY,3199.81,DEBIT,SUCCESS,00,2026-04-18 01:20:00
TXN100753,ACC10595,C1056,BILL_PAYMENT,NET_BANKING,2501.73,DEBIT,SUCCESS,00,2026-03-15 08:33:00
TXN100754,ACC10291,C1062,NEFT,BRANCH_COUNTER,12324.47,CREDIT,SUCCESS,00,2025-02-09 19:00:00
TXN100755,ACC10268,C1493,UPI,UPI_GATEWAY,20698.99,DEBIT,SUCCESS,00,2025-11-30 19:33:00
TXN100756,ACC10423,C1399,NEFT,NET_BANKING,5411.54,CREDIT,SUCCESS,00,2025-08-14 07:02:00
TXN100757,ACC10647,C1143,DEBIT_CARD_POS,MOBILE_APP,14197.7,DEBIT,SUCCESS,00,2025-12-17 07:35:00
TXN100758,ACC10182,C1200,NEFT,BRANCH_COUNTER,432.97,CREDIT,SUCCESS,00,2025-07-14 06:27:00
TXN100759,ACC10509,C1019,BILL_PAYMENT,MOBILE_APP,4712.05,DEBIT,SUCCESS,00,2026-06-05 03:56:00
TXN100760,ACC10070,C1408,BILL_PAYMENT,BRANCH_COUNTER,7302.92,DEBIT,SUCCESS,00,2026-04-08 00:43:00
TXN100761,ACC10336,C1384,IMPS,MOBILE_APP,16944.23,CREDIT,SUCCESS,00,2026-03-23 11:24:00
TXN100762,ACC10176,C1331,NEFT,ATM,12311.04,CREDIT,SUCCESS,00,2025-01-25 08:54:00
TXN100763,ACC10283,C1337,BILL_PAYMENT,BRANCH_COUNTER,3828.75,DEBIT,SUCCESS,00,2026-01-19 10:49:00
TXN100764,ACC10458,C1336,IMPS,ATM,8899.27,DEBIT,SUCCESS,00,2026-05-01 17:24:00
TXN100765,ACC10398,C1476,BILL_PAYMENT,NET_BANKING,1514.42,DEBIT,FAILED,91,2026-01-17 18:01:00
TXN100766,ACC10186,C1083,UPI,UPI_GATEWAY,963.74,CREDIT,SUCCESS,00,2026-03-31 15:59:00
TXN100767,ACC10295,C1225,RTGS,UPI_GATEWAY,23469.66,DEBIT,SUCCESS,00,2025-11-19 13:35:00
TXN100768,ACC10111,C1017,RTGS,NET_BANKING,9027.4,DEBIT,PENDING_SETTLEMENT,91,2026-01-11 12:57:00
TXN100769,ACC10482,C1254,IMPS,NET_BANKING,6348.11,DEBIT,SUCCESS,00,2026-06-18 15:55:00
TXN100770,ACC10225,C1037,IMPS,BRANCH_COUNTER,13158.76,CREDIT,SUCCESS,00,2026-06-14 09:18:00
TXN100771,ACC10214,C1280,NEFT,BRANCH_COUNTER,2561.47,CREDIT,SUCCESS,00,2026-01-08 03:12:00
TXN100772,ACC10059,C1381,DEBIT_CARD_POS,BRANCH_COUNTER,23300.94,DEBIT,SUCCESS,00,2026-06-30 19:37:00
TXN100773,ACC10245,C1179,ATM_WITHDRAWAL,ATM,44226.34,CREDIT,PENDING_SETTLEMENT,96,2025-05-27 10:21:00
TXN100774,ACC10638,C1361,DEBIT_CARD_POS,NET_BANKING,6337.85,DEBIT,SUCCESS,00,2025-02-04 05:54:00
TXN100775,ACC10593,C1362,DEBIT_CARD_POS,MOBILE_APP,3186.25,CREDIT,SUCCESS,00,2025-07-21 17:01:00
TXN100776,ACC10408,C1355,RTGS,BRANCH_COUNTER,4866.91,DEBIT,SUCCESS,00,2026-03-13 09:42:00
TXN100777,ACC10263,C1177,RTGS,ATM,9053.38,CREDIT,SUCCESS,00,2025-06-09 08:42:00
TXN100778,ACC10098,C1341,RTGS,BRANCH_COUNTER,21727.05,DEBIT,SUCCESS,00,2025-01-16 14:09:00
TXN100779,ACC10188,C1034,NEFT,BRANCH_COUNTER,3149.15,DEBIT,SUCCESS,00,2026-06-04 10:48:00
TXN100780,ACC10226,C1201,NEFT,NET_BANKING,23552.07,DEBIT,SUCCESS,00,2026-04-24 01:43:00
TXN100781,ACC10414,C1384,ATM_WITHDRAWAL,ATM,3274.1,DEBIT,SUCCESS,00,2026-06-25 23:05:00
TXN100782,ACC10259,C1211,UPI,NET_BANKING,31819.62,CREDIT,SUCCESS,00,2026-05-09 21:19:00
TXN100783,ACC10212,C1149,IMPS,NET_BANKING,18017.26,CREDIT,SUCCESS,00,2026-04-01 14:13:00
TXN100784,ACC10146,C1222,RTGS,NET_BANKING,25766.63,CREDIT,SUCCESS,00,2025-02-06 20:36:00
TXN100785,ACC10241,C1245,RTGS,ATM,41826.89,CREDIT,SUCCESS,00,2025-09-22 19:39:00
TXN100786,ACC10269,C1067,RTGS,ATM,13162.05,CREDIT,SUCCESS,00,2026-02-11 17:38:00
TXN100787,ACC10537,C1240,DEBIT_CARD_POS,ATM,24105.91,DEBIT,SUCCESS,00,2026-05-11 21:35:00
TXN100788,ACC10555,C1474,DEBIT_CARD_POS,MOBILE_APP,4883.23,CREDIT,SUCCESS,00,2025-09-06 14:10:00
TXN100789,ACC10617,C1068,BILL_PAYMENT,MOBILE_APP,4596.29,DEBIT,SUCCESS,00,2026-04-30 04:47:00
TXN100790,ACC10414,C1384,UPI,NET_BANKING,15360.59,CREDIT,SUCCESS,00,2026-05-30 17:50:00
TXN100791,ACC10450,C1062,UPI,BRANCH_COUNTER,1255.15,DEBIT,SUCCESS,00,2026-05-21 23:26:00
TXN100792,ACC10444,C1141,NEFT,NET_BANKING,16810.52,DEBIT,SUCCESS,00,2025-04-21 10:02:00
TXN100793,ACC10473,C1183,IMPS,NET_BANKING,527.56,CREDIT,FAILED,91,2025-04-03 02:39:00
TXN100794,ACC10071,C1450,ATM_WITHDRAWAL,MOBILE_APP,2103.21,DEBIT,SUCCESS,00,2025-04-07 14:38:00
TXN100795,ACC10165,C1141,BILL_PAYMENT,BRANCH_COUNTER,63105.33,DEBIT,SUCCESS,00,2025-08-10 18:08:00
TXN100796,ACC10168,C1155,IMPS,MOBILE_APP,11244.08,DEBIT,SUCCESS,00,2026-04-27 13:48:00
TXN100797,ACC10010,C1444,IMPS,UPI_GATEWAY,10509.91,DEBIT,SUCCESS,00,2026-04-07 14:23:00
TXN100798,ACC10086,C1329,BILL_PAYMENT,UPI_GATEWAY,15557.8,CREDIT,SUCCESS,00,2026-03-25 17:55:00
TXN100799,ACC10001,C1487,IMPS,MOBILE_APP,4697.2,DEBIT,SUCCESS,00,2025-04-12 12:02:00
TXN100800,ACC10556,C1437,DEBIT_CARD_POS,ATM,16505.79,CREDIT,SUCCESS,00,2026-06-07 00:47:00
TXN100801,ACC10273,C1038,DEBIT_CARD_POS,NET_BANKING,3534.13,CREDIT,SUCCESS,00,2025-02-17 04:32:00
TXN100802,ACC10347,C1213,NEFT,ATM,12176.17,CREDIT,SUCCESS,00,2026-06-26 05:35:00
TXN100803,ACC10559,C1395,NEFT,ATM,1642.19,DEBIT,SUCCESS,00,2025-01-20 17:00:00
TXN100804,ACC10380,C1193,RTGS,BRANCH_COUNTER,38336.01,DEBIT,SUCCESS,00,2025-11-09 20:34:00
TXN100805,ACC10065,C1029,DEBIT_CARD_POS,BRANCH_COUNTER,2348.34,DEBIT,SUCCESS,00,2026-03-27 06:58:00
TXN100806,ACC10581,C1071,DEBIT_CARD_POS,ATM,6211.8,DEBIT,SUCCESS,00,2026-01-01 06:22:00
TXN100807,ACC10139,C1007,RTGS,NET_BANKING,20651.72,DEBIT,SUCCESS,00,2026-04-02 03:00:00
TXN100808,ACC10543,C1311,ATM_WITHDRAWAL,ATM,26818.48,DEBIT,SUCCESS,00,2026-07-07 00:15:00
TXN100809,ACC10025,C1338,BILL_PAYMENT,MOBILE_APP,59023.87,DEBIT,SUCCESS,00,2025-12-07 01:46:00
TXN100810,ACC10089,C1029,UPI,NET_BANKING,29767.64,DEBIT,SUCCESS,00,2026-07-05 05:32:00
TXN100811,ACC10197,C1337,RTGS,UPI_GATEWAY,1319.94,DEBIT,SUCCESS,00,2025-02-04 00:48:00
TXN100812,ACC10080,C1386,IMPS,BRANCH_COUNTER,1461.07,DEBIT,SUCCESS,00,2025-08-16 08:07:00
TXN100813,ACC10417,C1185,DEBIT_CARD_POS,NET_BANKING,20395.22,DEBIT,SUCCESS,00,2026-03-19 17:59:00
TXN100814,ACC10279,C1144,IMPS,NET_BANKING,23050.29,CREDIT,SUCCESS,00,2025-07-31 20:16:00
TXN100815,ACC10458,C1336,UPI,BRANCH_COUNTER,17455.23,CREDIT,SUCCESS,00,2025-07-27 21:46:00
TXN100816,ACC10447,C1071,UPI,MOBILE_APP,23489.16,DEBIT,SUCCESS,00,2026-03-01 03:44:00
TXN100817,ACC10573,C1165,IMPS,MOBILE_APP,7681.38,DEBIT,SUCCESS,00,2025-01-29 02:38:00
TXN100818,ACC10135,C1284,IMPS,NET_BANKING,1727.29,DEBIT,SUCCESS,00,2026-02-18 19:30:00
TXN100819,ACC10399,C1070,UPI,UPI_GATEWAY,29809.45,DEBIT,SUCCESS,00,2026-02-08 14:49:00
TXN100820,ACC10345,C1089,RTGS,ATM,36298.0,DEBIT,SUCCESS,00,2025-08-06 23:45:00
TXN100821,ACC10407,C1332,RTGS,NET_BANKING,37302.52,DEBIT,SUCCESS,00,2026-03-04 20:59:00
TXN100822,ACC10483,C1081,RTGS,UPI_GATEWAY,40342.03,CREDIT,SUCCESS,00,2026-06-22 02:16:00
TXN100823,ACC10426,C1049,BILL_PAYMENT,NET_BANKING,12889.97,DEBIT,SUCCESS,00,2025-10-02 07:57:00
TXN100824,ACC10162,C1415,DEBIT_CARD_POS,UPI_GATEWAY,3017.62,DEBIT,SUCCESS,00,2025-01-29 08:57:00
TXN100825,ACC10573,C1165,RTGS,NET_BANKING,9439.71,DEBIT,SUCCESS,00,2026-04-25 14:28:00
TXN100826,ACC10170,C1038,DEBIT_CARD_POS,MOBILE_APP,5906.41,DEBIT,SUCCESS,00,2025-07-10 10:44:00
TXN100827,ACC10302,C1240,RTGS,MOBILE_APP,2273.22,DEBIT,SUCCESS,00,2026-03-08 09:28:00
TXN100828,ACC10438,C1077,IMPS,NET_BANKING,3255.19,DEBIT,SUCCESS,00,2025-05-26 18:59:00
TXN100829,ACC10625,C1141,BILL_PAYMENT,UPI_GATEWAY,392.32,CREDIT,SUCCESS,00,2025-05-04 05:32:00
TXN100830,ACC10609,C1289,NEFT,UPI_GATEWAY,12487.99,DEBIT,SUCCESS,00,2025-07-18 01:53:00
TXN100831,ACC10647,C1143,DEBIT_CARD_POS,MOBILE_APP,50798.97,DEBIT,SUCCESS,00,2025-09-04 16:39:00
TXN100832,ACC10187,C1331,RTGS,BRANCH_COUNTER,5985.68,CREDIT,SUCCESS,00,2026-05-05 17:11:00
TXN100833,ACC10181,C1213,UPI,MOBILE_APP,14121.58,DEBIT,SUCCESS,00,2026-02-05 07:15:00
TXN100834,ACC10500,C1218,NEFT,BRANCH_COUNTER,7344.82,DEBIT,SUCCESS,00,2025-09-16 03:35:00
TXN100835,ACC10222,C1239,RTGS,MOBILE_APP,4419.37,CREDIT,SUCCESS,00,2025-06-23 09:48:00
TXN100836,ACC10401,C1303,DEBIT_CARD_POS,NET_BANKING,732.78,CREDIT,SUCCESS,00,2025-10-21 01:10:00
TXN100837,ACC10368,C1336,UPI,BRANCH_COUNTER,11274.86,CREDIT,SUCCESS,00,2026-01-26 22:32:00
TXN100838,ACC10476,C1267,RTGS,UPI_GATEWAY,20026.94,DEBIT,SUCCESS,00,2025-03-18 12:50:00
TXN100839,ACC10390,C1009,BILL_PAYMENT,UPI_GATEWAY,5224.28,DEBIT,SUCCESS,00,2025-10-29 01:31:00
TXN100840,ACC10028,C1387,ATM_WITHDRAWAL,ATM,1781.2,CREDIT,SUCCESS,00,2026-02-03 19:21:00
TXN100841,ACC10189,C1019,IMPS,UPI_GATEWAY,2993.06,DEBIT,SUCCESS,00,2026-03-24 03:14:00
TXN100842,ACC10549,C1060,BILL_PAYMENT,ATM,16901.4,CREDIT,SUCCESS,00,2026-04-08 03:48:00
TXN100843,ACC10406,C1313,NEFT,NET_BANKING,5145.71,DEBIT,SUCCESS,00,2025-08-10 01:16:00
TXN100844,ACC10336,C1384,DEBIT_CARD_POS,ATM,32775.34,CREDIT,SUCCESS,00,2025-06-28 21:56:00
TXN100845,ACC10425,C1464,IMPS,BRANCH_COUNTER,1029.49,CREDIT,SUCCESS,00,2025-02-23 23:51:00
TXN100846,ACC10211,C1395,NEFT,BRANCH_COUNTER,8001.69,DEBIT,SUCCESS,00,2026-04-24 15:04:00
TXN100847,ACC10467,C1490,BILL_PAYMENT,BRANCH_COUNTER,16630.04,CREDIT,SUCCESS,00,2026-06-21 10:27:00
TXN100848,ACC10184,C1127,ATM_WITHDRAWAL,MOBILE_APP,17324.65,CREDIT,SUCCESS,00,2025-07-13 06:56:00
TXN100849,ACC10043,C1448,NEFT,MOBILE_APP,6540.59,DEBIT,SUCCESS,00,2026-03-21 00:35:00
TXN100850,ACC10567,C1013,DEBIT_CARD_POS,BRANCH_COUNTER,56435.37,DEBIT,SUCCESS,00,2026-06-29 07:57:00
TXN100851,ACC10440,C1264,BILL_PAYMENT,NET_BANKING,81375.65,DEBIT,FAILED,51,2025-02-17 17:45:00
TXN100852,ACC10478,C1128,BILL_PAYMENT,ATM,9312.73,CREDIT,SUCCESS,00,2026-01-15 09:52:00
TXN100853,ACC10608,C1363,IMPS,NET_BANKING,10380.58,DEBIT,SUCCESS,00,2025-11-30 08:42:00
TXN100854,ACC10355,C1476,UPI,NET_BANKING,14471.15,DEBIT,SUCCESS,00,2025-04-28 00:55:00
TXN100855,ACC10529,C1262,UPI,MOBILE_APP,6685.39,DEBIT,SUCCESS,00,2026-02-20 18:26:00
TXN100856,ACC10637,C1250,ATM_WITHDRAWAL,NET_BANKING,693.66,CREDIT,SUCCESS,00,2026-03-23 09:12:00
TXN100857,ACC10111,C1017,IMPS,BRANCH_COUNTER,2653.07,DEBIT,SUCCESS,00,2025-09-02 05:36:00
TXN100858,ACC10061,C1499,UPI,BRANCH_COUNTER,8837.69,DEBIT,SUCCESS,00,2026-01-16 22:16:00
TXN100859,ACC10083,C1104,IMPS,MOBILE_APP,232.2,DEBIT,SUCCESS,00,2025-07-07 16:08:00
TXN100860,ACC10287,C1462,IMPS,UPI_GATEWAY,33866.14,CREDIT,FAILED,96,2025-05-03 22:59:00
TXN100861,ACC10266,C1157,IMPS,UPI_GATEWAY,9514.36,DEBIT,SUCCESS,00,2025-02-21 17:31:00
TXN100862,ACC10329,C1043,IMPS,ATM,716.15,CREDIT,SUCCESS,00,2026-01-01 10:51:00
TXN100863,ACC10227,C1188,BILL_PAYMENT,MOBILE_APP,9908.41,CREDIT,SUCCESS,00,2026-05-30 17:15:00
TXN100864,ACC10500,C1218,DEBIT_CARD_POS,ATM,4976.38,CREDIT,SUCCESS,00,2026-06-13 16:39:00
TXN100865,ACC10343,C1074,IMPS,MOBILE_APP,26616.54,CREDIT,SUCCESS,00,2026-03-27 19:54:00
TXN100866,ACC10007,C1296,IMPS,UPI_GATEWAY,34382.93,DEBIT,SUCCESS,00,2026-06-04 09:16:00
TXN100867,ACC10381,C1007,UPI,NET_BANKING,3315.26,DEBIT,SUCCESS,00,2025-01-12 01:35:00
TXN100868,ACC10299,C1026,RTGS,NET_BANKING,4050.05,CREDIT,SUCCESS,00,2025-07-02 10:16:00
TXN100869,ACC10600,C1272,RTGS,MOBILE_APP,17635.79,DEBIT,SUCCESS,00,2025-12-03 08:11:00
TXN100870,ACC10611,C1435,BILL_PAYMENT,MOBILE_APP,3124.43,DEBIT,SUCCESS,00,2025-09-17 23:00:00
TXN100871,ACC10067,C1246,NEFT,MOBILE_APP,18403.37,DEBIT,SUCCESS,00,2026-01-10 23:49:00
TXN100872,ACC10530,C1051,RTGS,UPI_GATEWAY,16000.91,DEBIT,SUCCESS,00,2025-10-28 05:29:00
TXN100873,ACC10503,C1473,NEFT,ATM,25726.86,DEBIT,SUCCESS,00,2025-10-11 08:39:00
TXN100874,ACC10446,C1029,UPI,BRANCH_COUNTER,851.12,CREDIT,SUCCESS,00,2026-03-11 22:20:00
TXN100875,ACC10116,C1103,DEBIT_CARD_POS,UPI_GATEWAY,14946.49,DEBIT,FAILED,91,2025-09-12 13:00:00
TXN100876,ACC10375,C1033,BILL_PAYMENT,MOBILE_APP,2328.96,DEBIT,SUCCESS,00,2025-04-10 23:52:00
TXN100877,ACC10641,C1093,BILL_PAYMENT,BRANCH_COUNTER,48987.26,DEBIT,FAILED,91,2025-07-25 12:23:00
TXN100878,ACC10218,C1371,BILL_PAYMENT,ATM,60862.79,CREDIT,SUCCESS,00,2026-04-17 06:27:00
TXN100879,ACC10088,C1173,RTGS,ATM,19230.44,DEBIT,SUCCESS,00,2025-06-19 16:47:00
TXN100880,ACC10335,C1178,RTGS,BRANCH_COUNTER,958.73,CREDIT,SUCCESS,00,2026-06-29 22:09:00
TXN100881,ACC10204,C1216,ATM_WITHDRAWAL,BRANCH_COUNTER,27891.68,CREDIT,SUCCESS,00,2026-05-31 23:43:00
TXN100882,ACC10128,C1442,UPI,MOBILE_APP,1279.88,DEBIT,FAILED,14,2025-09-22 16:30:00
TXN100883,ACC10636,C1171,ATM_WITHDRAWAL,UPI_GATEWAY,18489.68,CREDIT,SUCCESS,00,2026-05-09 10:37:00
TXN100884,ACC10032,C1264,ATM_WITHDRAWAL,MOBILE_APP,23156.7,DEBIT,SUCCESS,00,2025-09-26 16:37:00
TXN100885,ACC10049,C1288,IMPS,UPI_GATEWAY,2522.53,CREDIT,SUCCESS,00,2025-06-13 13:30:00
TXN100886,ACC10201,C1427,NEFT,NET_BANKING,20055.57,CREDIT,SUCCESS,00,2025-04-01 12:54:00
TXN100887,ACC10199,C1046,UPI,NET_BANKING,1790.77,DEBIT,SUCCESS,00,2025-12-31 02:59:00
TXN100888,ACC10112,C1202,BILL_PAYMENT,ATM,15668.86,DEBIT,SUCCESS,00,2025-02-02 21:21:00
TXN100889,ACC10646,C1155,UPI,MOBILE_APP,4659.84,DEBIT,SUCCESS,00,2025-12-25 03:50:00
TXN100890,ACC10028,C1387,DEBIT_CARD_POS,ATM,1848.99,DEBIT,SUCCESS,00,2026-02-14 14:12:00
TXN100891,ACC10051,C1109,NEFT,UPI_GATEWAY,14648.31,CREDIT,SUCCESS,00,2026-05-02 00:08:00
TXN100892,ACC10601,C1141,DEBIT_CARD_POS,UPI_GATEWAY,10284.99,DEBIT,SUCCESS,00,2025-08-19 07:07:00
TXN100893,ACC10061,C1499,IMPS,ATM,3158.08,DEBIT,SUCCESS,00,2025-02-04 10:14:00
TXN100894,ACC10423,C1399,IMPS,NET_BANKING,6643.85,CREDIT,SUCCESS,00,2025-04-01 15:38:00
TXN100895,ACC10498,C1069,IMPS,UPI_GATEWAY,4388.63,CREDIT,SUCCESS,00,2026-02-19 12:37:00
TXN100896,ACC10323,C1336,RTGS,BRANCH_COUNTER,47124.27,CREDIT,SUCCESS,00,2025-07-30 06:29:00
TXN100897,ACC10027,C1230,BILL_PAYMENT,ATM,7068.03,DEBIT,SUCCESS,00,2025-07-30 00:45:00
TXN100898,ACC10082,C1150,ATM_WITHDRAWAL,MOBILE_APP,1052.77,CREDIT,PENDING_SETTLEMENT,96,2025-12-20 22:12:00
TXN100899,ACC10133,C1024,BILL_PAYMENT,UPI_GATEWAY,35559.76,DEBIT,SUCCESS,00,2026-06-22 13:12:00
TXN100900,ACC10595,C1056,IMPS,MOBILE_APP,11878.07,DEBIT,SUCCESS,00,2026-02-19 01:48:00
TXN100901,ACC10306,C1356,RTGS,UPI_GATEWAY,4660.5,DEBIT,SUCCESS,00,2025-04-01 06:57:00
TXN100902,ACC10535,C1084,IMPS,UPI_GATEWAY,7893.6,DEBIT,SUCCESS,00,2025-03-08 05:01:00
TXN100903,ACC10549,C1060,ATM_WITHDRAWAL,ATM,20672.04,DEBIT,SUCCESS,00,2025-10-19 02:48:00
TXN100904,ACC10261,C1158,NEFT,MOBILE_APP,44415.88,DEBIT,SUCCESS,00,2025-12-11 17:03:00
TXN100905,ACC10018,C1373,ATM_WITHDRAWAL,NET_BANKING,11238.58,DEBIT,SUCCESS,00,2025-03-28 06:21:00
TXN100906,ACC10391,C1279,BILL_PAYMENT,BRANCH_COUNTER,69309.0,DEBIT,SUCCESS,00,2025-12-23 23:01:00
TXN100907,ACC10553,C1293,DEBIT_CARD_POS,MOBILE_APP,7230.8,CREDIT,SUCCESS,00,2026-03-20 14:34:00
TXN100908,ACC10323,C1336,ATM_WITHDRAWAL,ATM,289.41,CREDIT,SUCCESS,00,2026-05-27 14:45:00
TXN100909,ACC10489,C1211,ATM_WITHDRAWAL,UPI_GATEWAY,6509.68,DEBIT,SUCCESS,00,2026-03-17 00:10:00
TXN100910,ACC10244,C1247,ATM_WITHDRAWAL,NET_BANKING,1027.8,DEBIT,SUCCESS,00,2025-04-27 01:16:00
TXN100911,ACC10449,C1263,RTGS,NET_BANKING,4205.99,CREDIT,SUCCESS,00,2026-04-10 05:02:00
TXN100912,ACC10135,C1284,DEBIT_CARD_POS,MOBILE_APP,6645.93,DEBIT,SUCCESS,00,2025-02-20 21:25:00
TXN100913,ACC10648,C1067,IMPS,ATM,36590.39,CREDIT,SUCCESS,00,2025-02-24 08:43:00
TXN100914,ACC10266,C1157,RTGS,MOBILE_APP,8867.22,DEBIT,SUCCESS,00,2025-11-08 23:19:00
TXN100915,ACC10633,C1344,ATM_WITHDRAWAL,MOBILE_APP,21422.52,DEBIT,SUCCESS,00,2025-03-10 05:11:00
TXN100916,ACC10210,C1002,UPI,BRANCH_COUNTER,33112.0,CREDIT,SUCCESS,00,2025-01-24 08:45:00
TXN100917,ACC10464,C1139,UPI,ATM,18128.17,DEBIT,SUCCESS,00,2025-04-29 03:10:00
TXN100918,ACC10392,C1124,BILL_PAYMENT,NET_BANKING,2374.48,DEBIT,SUCCESS,00,2025-03-30 02:21:00
TXN100919,ACC10139,C1007,BILL_PAYMENT,MOBILE_APP,69792.28,CREDIT,SUCCESS,00,2025-11-12 17:13:00
TXN100920,ACC10134,C1199,RTGS,NET_BANKING,19956.22,CREDIT,SUCCESS,00,2025-04-28 18:03:00
TXN100921,ACC10611,C1435,BILL_PAYMENT,ATM,41327.01,CREDIT,SUCCESS,00,2025-12-30 06:31:00
TXN100922,ACC10099,C1416,NEFT,ATM,29644.28,DEBIT,SUCCESS,00,2026-02-26 00:31:00
TXN100923,ACC10560,C1101,BILL_PAYMENT,MOBILE_APP,27711.88,CREDIT,SUCCESS,00,2025-05-22 03:31:00
TXN100924,ACC10308,C1073,ATM_WITHDRAWAL,BRANCH_COUNTER,56636.72,DEBIT,SUCCESS,00,2025-06-10 15:24:00
TXN100925,ACC10163,C1276,UPI,UPI_GATEWAY,7014.59,CREDIT,SUCCESS,00,2025-02-03 17:04:00
TXN100926,ACC10190,C1026,NEFT,NET_BANKING,793.29,CREDIT,SUCCESS,00,2026-03-25 14:19:00
TXN100927,ACC10215,C1497,ATM_WITHDRAWAL,UPI_GATEWAY,13943.42,DEBIT,SUCCESS,00,2025-06-01 23:45:00
TXN100928,ACC10366,C1480,IMPS,ATM,15371.67,DEBIT,SUCCESS,00,2026-01-09 12:49:00
TXN100929,ACC10112,C1202,DEBIT_CARD_POS,MOBILE_APP,45169.11,CREDIT,SUCCESS,00,2025-10-19 23:11:00
TXN100930,ACC10286,C1229,BILL_PAYMENT,UPI_GATEWAY,3796.92,DEBIT,SUCCESS,00,2026-05-02 16:43:00
TXN100931,ACC10293,C1131,DEBIT_CARD_POS,BRANCH_COUNTER,17406.06,DEBIT,FAILED,91,2025-10-19 07:04:00
TXN100932,ACC10321,C1366,IMPS,ATM,4861.55,DEBIT,SUCCESS,00,2025-09-06 18:55:00
TXN100933,ACC10083,C1104,BILL_PAYMENT,MOBILE_APP,10453.62,CREDIT,SUCCESS,00,2025-10-27 00:09:00
TXN100934,ACC10464,C1139,ATM_WITHDRAWAL,MOBILE_APP,12243.29,CREDIT,SUCCESS,00,2026-07-01 23:50:00
TXN100935,ACC10075,C1027,RTGS,BRANCH_COUNTER,847.74,CREDIT,SUCCESS,00,2025-11-09 19:50:00
TXN100936,ACC10062,C1020,BILL_PAYMENT,ATM,16171.99,DEBIT,SUCCESS,00,2026-06-19 04:12:00
TXN100937,ACC10356,C1122,BILL_PAYMENT,MOBILE_APP,38337.58,DEBIT,SUCCESS,00,2026-01-02 13:50:00
TXN100938,ACC10142,C1372,NEFT,UPI_GATEWAY,16665.91,DEBIT,SUCCESS,00,2025-11-11 14:17:00
TXN100939,ACC10300,C1349,IMPS,BRANCH_COUNTER,910.37,DEBIT,SUCCESS,00,2026-04-08 16:33:00
TXN100940,ACC10302,C1240,ATM_WITHDRAWAL,NET_BANKING,33838.69,DEBIT,SUCCESS,00,2025-08-17 23:11:00
TXN100941,ACC10250,C1193,RTGS,NET_BANKING,37168.03,CREDIT,SUCCESS,00,2025-09-04 13:29:00
TXN100942,ACC10023,C1125,RTGS,BRANCH_COUNTER,40518.38,CREDIT,SUCCESS,00,2026-04-15 12:44:00
TXN100943,ACC10521,C1173,RTGS,NET_BANKING,11794.78,DEBIT,SUCCESS,00,2026-02-25 08:22:00
TXN100944,ACC10374,C1076,RTGS,MOBILE_APP,33353.08,DEBIT,SUCCESS,00,2026-07-06 17:13:00
TXN100945,ACC10132,C1376,UPI,BRANCH_COUNTER,8630.19,DEBIT,SUCCESS,00,2025-12-06 21:34:00
TXN100946,ACC10576,C1053,IMPS,NET_BANKING,3420.04,DEBIT,SUCCESS,00,2026-01-04 06:38:00
TXN100947,ACC10326,C1160,DEBIT_CARD_POS,UPI_GATEWAY,14212.42,CREDIT,SUCCESS,00,2025-09-19 02:22:00
TXN100948,ACC10441,C1482,DEBIT_CARD_POS,BRANCH_COUNTER,7892.5,CREDIT,SUCCESS,00,2025-03-06 14:05:00
TXN100949,ACC10607,C1250,ATM_WITHDRAWAL,MOBILE_APP,1112.23,CREDIT,SUCCESS,00,2026-04-05 08:09:00
TXN100950,ACC10319,C1069,BILL_PAYMENT,ATM,27200.63,CREDIT,SUCCESS,00,2025-05-23 03:10:00
TXN100951,ACC10017,C1052,IMPS,ATM,29475.61,CREDIT,SUCCESS,00,2026-05-19 04:16:00
TXN100952,ACC10617,C1068,IMPS,MOBILE_APP,22464.82,CREDIT,SUCCESS,00,2026-05-20 13:49:00
TXN100953,ACC10571,C1334,NEFT,UPI_GATEWAY,18899.99,DEBIT,SUCCESS,00,2025-09-20 17:58:00
TXN100954,ACC10533,C1475,IMPS,NET_BANKING,3199.53,DEBIT,SUCCESS,00,2026-01-12 06:16:00
TXN100955,ACC10069,C1071,DEBIT_CARD_POS,BRANCH_COUNTER,42388.51,DEBIT,SUCCESS,00,2025-09-19 05:00:00
TXN100956,ACC10481,C1086,RTGS,UPI_GATEWAY,2206.82,DEBIT,SUCCESS,00,2026-01-03 00:21:00
TXN100957,ACC10270,C1133,IMPS,BRANCH_COUNTER,1054.74,CREDIT,SUCCESS,00,2025-04-10 18:19:00
TXN100958,ACC10028,C1387,RTGS,BRANCH_COUNTER,3808.98,DEBIT,SUCCESS,00,2026-05-29 20:59:00
TXN100959,ACC10528,C1492,ATM_WITHDRAWAL,NET_BANKING,7599.48,DEBIT,SUCCESS,00,2025-06-21 14:49:00
TXN100960,ACC10150,C1199,NEFT,UPI_GATEWAY,40312.92,DEBIT,SUCCESS,00,2025-09-09 09:10:00
TXN100961,ACC10478,C1128,DEBIT_CARD_POS,BRANCH_COUNTER,40141.39,CREDIT,SUCCESS,00,2025-06-02 15:51:00
TXN100962,ACC10273,C1038,UPI,UPI_GATEWAY,24105.0,CREDIT,SUCCESS,00,2026-04-04 02:10:00
TXN100963,ACC10443,C1276,BILL_PAYMENT,BRANCH_COUNTER,18904.89,CREDIT,SUCCESS,00,2025-10-24 20:23:00
TXN100964,ACC10534,C1433,IMPS,UPI_GATEWAY,10618.84,CREDIT,SUCCESS,00,2025-08-02 15:58:00
TXN100965,ACC10209,C1092,IMPS,UPI_GATEWAY,2072.74,CREDIT,SUCCESS,00,2025-12-03 03:55:00
TXN100966,ACC10464,C1139,RTGS,NET_BANKING,8134.21,DEBIT,SUCCESS,00,2026-02-25 22:31:00
TXN100967,ACC10021,C1350,RTGS,NET_BANKING,1921.03,CREDIT,SUCCESS,00,2026-01-10 05:48:00
TXN100968,ACC10532,C1119,UPI,MOBILE_APP,17486.58,DEBIT,SUCCESS,00,2025-07-31 07:20:00
TXN100969,ACC10245,C1179,UPI,ATM,9528.22,DEBIT,SUCCESS,00,2025-11-11 11:07:00
TXN100970,ACC10160,C1007,UPI,BRANCH_COUNTER,3514.86,DEBIT,SUCCESS,00,2025-09-02 05:11:00
TXN100971,ACC10352,C1187,IMPS,ATM,11662.86,DEBIT,SUCCESS,00,2025-02-22 20:53:00
TXN100972,ACC10396,C1474,UPI,ATM,2724.51,DEBIT,SUCCESS,00,2026-03-30 19:19:00
TXN100973,ACC10192,C1286,RTGS,MOBILE_APP,9136.81,DEBIT,SUCCESS,00,2026-06-17 12:09:00
TXN100974,ACC10335,C1178,BILL_PAYMENT,MOBILE_APP,14033.16,DEBIT,SUCCESS,00,2025-02-04 08:20:00
TXN100975,ACC10401,C1303,UPI,UPI_GATEWAY,10774.53,CREDIT,SUCCESS,00,2025-11-21 06:15:00
TXN100976,ACC10391,C1279,BILL_PAYMENT,ATM,4732.12,CREDIT,SUCCESS,00,2026-03-23 21:49:00
TXN100977,ACC10508,C1192,IMPS,UPI_GATEWAY,10573.35,DEBIT,SUCCESS,00,2025-12-17 04:28:00
TXN100978,ACC10146,C1222,DEBIT_CARD_POS,ATM,27484.19,DEBIT,SUCCESS,00,2025-03-05 15:14:00
TXN100979,ACC10311,C1167,BILL_PAYMENT,NET_BANKING,47857.64,CREDIT,SUCCESS,00,2025-06-01 16:00:00
TXN100980,ACC10593,C1362,ATM_WITHDRAWAL,UPI_GATEWAY,9124.76,DEBIT,SUCCESS,00,2025-08-11 18:00:00
TXN100981,ACC10068,C1300,BILL_PAYMENT,UPI_GATEWAY,6162.06,DEBIT,SUCCESS,00,2026-01-12 03:00:00
TXN100982,ACC10595,C1056,DEBIT_CARD_POS,ATM,7474.98,DEBIT,SUCCESS,00,2025-11-07 14:06:00
TXN100983,ACC10339,C1059,UPI,NET_BANKING,2686.57,DEBIT,SUCCESS,00,2025-11-24 22:24:00
TXN100984,ACC10427,C1358,RTGS,UPI_GATEWAY,4423.22,CREDIT,SUCCESS,00,2026-04-05 07:03:00
TXN100985,ACC10064,C1045,DEBIT_CARD_POS,MOBILE_APP,32893.12,DEBIT,SUCCESS,00,2026-01-28 13:00:00
TXN100986,ACC10153,C1273,BILL_PAYMENT,UPI_GATEWAY,11534.48,DEBIT,SUCCESS,00,2026-04-02 10:22:00
TXN100987,ACC10076,C1467,NEFT,BRANCH_COUNTER,22081.57,CREDIT,SUCCESS,00,2025-01-29 08:32:00
TXN100988,ACC10643,C1399,UPI,BRANCH_COUNTER,3411.19,DEBIT,PENDING_SETTLEMENT,91,2025-07-10 18:42:00
TXN100989,ACC10458,C1336,UPI,MOBILE_APP,17330.99,DEBIT,SUCCESS,00,2026-05-07 08:44:00
TXN100990,ACC10016,C1130,ATM_WITHDRAWAL,ATM,1404.67,DEBIT,SUCCESS,00,2025-06-04 08:34:00
TXN100991,ACC10214,C1280,NEFT,NET_BANKING,3506.52,DEBIT,SUCCESS,00,2025-01-19 20:02:00
TXN100992,ACC10380,C1193,BILL_PAYMENT,ATM,589.88,CREDIT,SUCCESS,00,2025-09-28 17:52:00
TXN100993,ACC10535,C1084,NEFT,NET_BANKING,18058.73,DEBIT,SUCCESS,00,2025-09-17 06:25:00
TXN100994,ACC10436,C1158,NEFT,MOBILE_APP,16036.81,DEBIT,SUCCESS,00,2026-06-16 09:12:00
TXN100995,ACC10581,C1071,ATM_WITHDRAWAL,BRANCH_COUNTER,732.18,CREDIT,SUCCESS,00,2026-07-07 23:22:00
TXN100996,ACC10102,C1069,NEFT,NET_BANKING,31636.86,CREDIT,SUCCESS,00,2026-04-06 22:58:00
TXN100997,ACC10273,C1038,RTGS,UPI_GATEWAY,3235.49,CREDIT,SUCCESS,00,2025-01-13 11:45:00
TXN100998,ACC10647,C1143,UPI,BRANCH_COUNTER,10367.61,CREDIT,SUCCESS,00,2025-01-16 07:16:00
TXN100999,ACC10307,C1079,DEBIT_CARD_POS,BRANCH_COUNTER,9673.27,CREDIT,SUCCESS,00,2025-07-14 12:50:00
TXN101000,ACC10199,C1046,RTGS,NET_BANKING,294.11,DEBIT,SUCCESS,00,2025-10-07 14:28:00
